/* Generated by tools/gen_pairing_pill.py from assets/ui/pairing_pill.png.
 * Do not edit: change the artwork and re-run the generator. */
#ifndef TAIKO_PAIRING_PILL_H
#define TAIKO_PAIRING_PILL_H

#define TAIKO_PAIRING_PILL_WIDTH  272
#define TAIKO_PAIRING_PILL_HEIGHT 64

static const unsigned char taiko_pairing_pill_rgba[] = {
    0x00, 0x00, 0x00, 0x00, 0x00, 0x00, 0x00, 0x00, 0x00, 0x00, 0x00, 0x00, 0x00, 0x00, 0x00, 0x00,
    0x00, 0x00, 0x00, 0x00, 0x00, 0x00, 0x00, 0x00, 0x00, 0x00, 0x00, 0x00, 0x00, 0x00, 0x00, 0x00,
    0x00, 0x00, 0x00, 0x00, 0x00, 0x00, 0x00, 0x00, 0x00, 0x00, 0x00, 0x00, 0x00, 0x00, 0x00, 0x00,
    0x00, 0x00, 0x00, 0x00, 0x00, 0x00, 0x00, 0x00, 0x00, 0x00, 0x00, 0x00, 0x00, 0x00, 0x00, 0x00,
    0x00, 0x00, 0x00, 0x00, 0x00, 0x00, 0x00, 0x00, 0x00, 0x00, 0x00, 0x00, 0x00, 0x00, 0x00, 0x00,
    0x00, 0x00, 0x00, 0x00, 0x00, 0x00, 0x00, 0x00, 0x00, 0x00, 0x00, 0x00, 0x00, 0x00, 0x00, 0x00,
    0x00, 0x00, 0x00, 0x00, 0x00, 0x00, 0x00, 0x00, 0x00, 0x00, 0x00, 0x00, 0x00, 0x00, 0x00, 0x00,
    0x00, 0x00, 0x00, 0x00, 0x00, 0x00, 0x00, 0x00, 0x00, 0x00, 0x00, 0x00, 0x00, 0x00, 0x00, 0x00,
    0x00, 0x00, 0x00, 0x00, 0x00, 0x00, 0x00, 0x00, 0x00, 0x00, 0x00, 0x00, 0x00, 0x00, 0x00, 0x00,
    0x00, 0x00, 0x00, 0x00, 0x00, 0x00, 0x00, 0x00, 0x00, 0x00, 0x00, 0x00, 0x00, 0x00, 0x00, 0x00,
    0x00, 0x00, 0x00, 0x00, 0x00, 0x00, 0x00, 0x00, 0x00, 0x00, 0x00, 0x00, 0x00, 0x00, 0x00, 0x00,
    0x00, 0x00, 0x00, 0x00, 0x00, 0x00, 0x00, 0x00, 0x00, 0x00, 0x00, 0x00, 0x00, 0x00, 0x00, 0x00,
    0x00, 0x00, 0x00, 0x00, 0x00, 0x00, 0x00, 0x00, 0x00, 0x00, 0x00, 0x00, 0x00, 0x00, 0x00, 0x00,
    0x00, 0x00, 0x00, 0x00, 0x00, 0x00, 0x00, 0x00, 0x00, 0x00, 0x00, 0x00, 0x00, 0x00, 0x00, 0x00,
    0x00, 0x00, 0x00, 0x00, 0x00, 0x00, 0x00, 0x00, 0x00, 0x00, 0x00, 0x00, 0x00, 0x00, 0x00, 0x00,
    0x00, 0x00, 0x00, 0x00, 0x00, 0x00, 0x00, 0x00, 0x00, 0x00, 0x00, 0x00, 0x00, 0x00, 0x00, 0x00,
    0x00, 0x00, 0x00, 0x00, 0x00, 0x00, 0x00, 0x00, 0x00, 0x00, 0x00, 0x00, 0x00, 0x00, 0x00, 0x00,
    0x00, 0x00, 0x00, 0x00, 0x00, 0x00, 0x00, 0x00, 0x00, 0x00, 0x00, 0x00, 0x00, 0x00, 0x00, 0x00,
    0x00, 0x00, 0x00, 0x00, 0x00, 0x00, 0x00, 0x00, 0x00, 0x00, 0x00, 0x00, 0x00, 0x00, 0x00, 0x00,
    0x00, 0x00, 0x00, 0x00, 0x00, 0x00, 0x00, 0x00, 0x00, 0x00, 0x00, 0x00, 0x00, 0x00, 0x00, 0x00,
    0x00, 0x00, 0x00, 0x00, 0x00, 0x00, 0x00, 0x00, 0x00, 0x00, 0x00, 0x00, 0x00, 0x00, 0x00, 0x00,
    0x00, 0x00, 0x00, 0x00, 0x00, 0x00, 0x00, 0x00, 0x00, 0x00, 0x00, 0x00, 0x00, 0x00, 0x00, 0x00,
    0x00, 0x00, 0x00, 0x00, 0x00, 0x00, 0x00, 0x00, 0x00, 0x00, 0x00, 0x00, 0x00, 0x00, 0x00, 0x00,
    0x00, 0x00, 0x00, 0x00, 0x00, 0x00, 0x00, 0x00, 0x00, 0x00, 0x00, 0x00, 0x00, 0x00, 0x00, 0x00,
    0x00, 0x00, 0x00, 0x00, 0x00, 0x00, 0x00, 0x00, 0x00, 0x00, 0x00, 0x00, 0x00, 0x00, 0x00, 0x00,
    0x00, 0x00, 0x00, 0x00, 0x00, 0x00, 0x00, 0x00, 0x00, 0x00, 0x00, 0x00, 0x00, 0x00, 0x00, 0x00,
    0x00, 0x00, 0x00, 0x00, 0x00, 0x00, 0x00, 0x00, 0x00, 0x00, 0x00, 0x00, 0x00, 0x00, 0x00, 0x00,
    0x00, 0x00, 0x00, 0x00, 0x00, 0x00, 0x00, 0x00, 0x00, 0x00, 0x00, 0x00, 0x00, 0x00, 0x00, 0x00,
    0x00, 0x00, 0x00, 0x00, 0x00, 0x00, 0x00, 0x00, 0x00, 0x00, 0x00, 0x00, 0x00, 0x00, 0x00, 0x00,
    0x00, 0x00, 0x00, 0x00, 0x00, 0x00, 0x00, 0x00, 0x00, 0x00, 0x00, 0x00, 0x00, 0x00, 0x00, 0x00,
    0x00, 0x00, 0x00, 0x00, 0x00, 0x00, 0x00, 0x00, 0x00, 0x00, 0x00, 0x00, 0x00, 0x00, 0x00, 0x00,
    0x00, 0x00, 0x00, 0x00, 0x00, 0x00, 0x00, 0x00, 0x00, 0x00, 0x00, 0x00, 0x00, 0x00, 0x00, 0x00,
    0x00, 0x00, 0x00, 0x00, 0x00, 0x00, 0x00, 0x00, 0x00, 0x00, 0x00, 0x00, 0x00, 0x00, 0x00, 0x00,
    0x00, 0x00, 0x00, 0x00, 0x00, 0x00, 0x00, 0x00, 0x00, 0x00, 0x00, 0x00, 0x00, 0x00, 0x00, 0x00,
    0x00, 0x00, 0x00, 0x00, 0x00, 0x00, 0x00, 0x00, 0x00, 0x00, 0x00, 0x00, 0x00, 0x00, 0x00, 0x00,
    0x00, 0x00, 0x00, 0x00, 0x00, 0x00, 0x00, 0x00, 0x00, 0x00, 0x00, 0x00, 0x00, 0x00, 0x00, 0x00,
    0x00, 0x00, 0x00, 0x00, 0x00, 0x00, 0x00, 0x00, 0x00, 0x00, 0x00, 0x00, 0x00, 0x00, 0x00, 0x00,
    0x00, 0x00, 0x00, 0x00, 0x00, 0x00, 0x00, 0x00, 0x00, 0x00, 0x00, 0x00, 0x00, 0x00, 0x00, 0x00,
    0x00, 0x00, 0x00, 0x00, 0x00, 0x00, 0x00, 0x00, 0x00, 0x00, 0x00, 0x00, 0x00, 0x00, 0x00, 0x00,
    0x00, 0x00, 0x00, 0x00, 0x00, 0x00, 0x00, 0x00, 0x00, 0x00, 0x00, 0x00, 0x00, 0x00, 0x00, 0x00,
    0x00, 0x00, 0x00, 0x00, 0x00, 0x00, 0x00, 0x00, 0x00, 0x00, 0x00, 0x00, 0x00, 0x00, 0x00, 0x00,
    0x00, 0x00, 0x00, 0x00, 0x00, 0x00, 0x00, 0x00, 0x00, 0x00, 0x00, 0x00, 0x00, 0x00, 0x00, 0x00,
    0x00, 0x00, 0x00, 0x00, 0x00, 0x00, 0x00, 0x00, 0x00, 0x00, 0x00, 0x00, 0x00, 0x00, 0x00, 0x00,
    0x00, 0x00, 0x00, 0x00, 0x00, 0x00, 0x00, 0x00, 0x00, 0x00, 0x00, 0x00, 0x00, 0x00, 0x00, 0x00,
    0x00, 0x00, 0x00, 0x00, 0x00, 0x00, 0x00, 0x00, 0x00, 0x00, 0x00, 0x00, 0x00, 0x00, 0x00, 0x00,
    0x00, 0x00, 0x00, 0x00, 0x00, 0x00, 0x00, 0x00, 0x00, 0x00, 0x00, 0x00, 0x00, 0x00, 0x00, 0x00,
    0x00, 0x00, 0x00, 0x00, 0x00, 0x00, 0x00, 0x00, 0x00, 0x00, 0x00, 0x00, 0x00, 0x00, 0x00, 0x00,
    0x00, 0x00, 0x00, 0x00, 0x00, 0x00, 0x00, 0x00, 0x00, 0x00, 0x00, 0x00, 0x00, 0x00, 0x00, 0x00,
    0x00, 0x00, 0x00, 0x00, 0x00, 0x00, 0x00, 0x00, 0x00, 0x00, 0x00, 0x00, 0x00, 0x00, 0x00, 0x00,
    0x00, 0x00, 0x00, 0x00, 0x00, 0x00, 0x00, 0x00, 0x00, 0x00, 0x00, 0x00, 0x00, 0x00, 0x00, 0x00,
    0x00, 0x00, 0x00, 0x00, 0x00, 0x00, 0x00, 0x00, 0x00, 0x00, 0x00, 0x00, 0x00, 0x00, 0x00, 0x00,
    0x00, 0x00, 0x00, 0x00, 0x00, 0x00, 0x00, 0x00, 0x00, 0x00, 0x00, 0x00, 0x00, 0x00, 0x00, 0x00,
    0x00, 0x00, 0x00, 0x00, 0x00, 0x00, 0x00, 0x00, 0x00, 0x00, 0x00, 0x00, 0x00, 0x00, 0x00, 0x00,
    0x00, 0x00, 0x00, 0x00, 0x00, 0x00, 0x00, 0x00, 0x00, 0x00, 0x00, 0x00, 0x00, 0x00, 0x00, 0x00,
    0x00, 0x00, 0x00, 0x00, 0x00, 0x00, 0x00, 0x00, 0x00, 0x00, 0x00, 0x00, 0x00, 0x00, 0x00, 0x00,
    0x00, 0x00, 0x00, 0x00, 0x00, 0x00, 0x00, 0x00, 0x00, 0x00, 0x00, 0x00, 0x00, 0x00, 0x00, 0x00,
    0x00, 0x00, 0x00, 0x00, 0x00, 0x00, 0x00, 0x00, 0x00, 0x00, 0x00, 0x00, 0x00, 0x00, 0x00, 0x00,
    0x00, 0x00, 0x00, 0x00, 0x00, 0x00, 0x00, 0x00, 0x00, 0x00, 0x00, 0x00, 0x00, 0x00, 0x00, 0x00,
    0x00, 0x00, 0x00, 0x00, 0x00, 0x00, 0x00, 0x00, 0x00, 0x00, 0x00, 0x00, 0x00, 0x00, 0x00, 0x00,
    0x00, 0x00, 0x00, 0x00, 0x00, 0x00, 0x00, 0x00, 0x00, 0x00, 0x00, 0x00, 0x00, 0x00, 0x00, 0x00,
    0x00, 0x00, 0x00, 0x00, 0x00, 0x00, 0x00, 0x00, 0x00, 0x00, 0x00, 0x00, 0x00, 0x00, 0x00, 0x00,
    0x00, 0x00, 0x00, 0x00, 0x00, 0x00, 0x00, 0x00, 0x00, 0x00, 0x00, 0x00, 0x00, 0x00, 0x00, 0x00,
    0x00, 0x00, 0x00, 0x00, 0x00, 0x00, 0x00, 0x00, 0x00, 0x00, 0x00, 0x00, 0x00, 0x00, 0x00, 0x00,
    0x00, 0x00, 0x00, 0x00, 0x00, 0x00, 0x00, 0x00, 0x00, 0x00, 0x00, 0x00, 0x00, 0x00, 0x00, 0x00,
    0x00, 0x00, 0x00, 0x00, 0x00, 0x00, 0x00, 0x00, 0x00, 0x00, 0x00, 0x00, 0x00, 0x00, 0x00, 0x00,
    0x00, 0x00, 0x00, 0x00, 0x00, 0x00, 0x00, 0x00, 0x00, 0x00, 0x00, 0x00, 0x00, 0x00, 0x00, 0x00,
    0x00, 0x00, 0x00, 0x00, 0x00, 0x00, 0x00, 0x00, 0x00, 0x00, 0x00, 0x00, 0x00, 0x00, 0x00, 0x00,
    0x00, 0x00, 0x00, 0x00, 0x00, 0x00, 0x00, 0x00, 0x00, 0x00, 0x00, 0x00, 0x00, 0x00, 0x00, 0x00,
    0x00, 0x00, 0x00, 0x00, 0x00, 0x00, 0x00, 0x00, 0x00, 0x00, 0x00, 0x00, 0x00, 0x00, 0x00, 0x00,
    0x00, 0x00, 0x00, 0x00, 0x00, 0x00, 0x00, 0x00, 0x00, 0x00, 0x00, 0x00, 0x00, 0x00, 0x00, 0x00,
    0x00, 0x00, 0x00, 0x00, 0x00, 0x00, 0x00, 0x00, 0x00, 0x00, 0x00, 0x00, 0x00, 0x00, 0x00, 0x00,
    0x00, 0x00, 0x00, 0x00, 0x00, 0x00, 0x00, 0x00, 0x00, 0x00, 0x00, 0x00, 0x00, 0x00, 0x00, 0x00,
    0x00, 0x00, 0x00, 0x00, 0x00, 0x00, 0x00, 0x00, 0x00, 0x00, 0x00, 0x00, 0x00, 0x00, 0x00, 0x00,
    0x00, 0x00, 0x00, 0x00, 0x00, 0x00, 0x00, 0x00, 0x00, 0x00, 0x00, 0x00, 0x00, 0x00, 0x00, 0x00,
    0x00, 0x00, 0x00, 0x00, 0x00, 0x00, 0x00, 0x00, 0x00, 0x00, 0x00, 0x10, 0x00, 0x00, 0x00, 0x39,
    0x00, 0x00, 0x00, 0x50, 0x00, 0x00, 0x00, 0x80, 0x00, 0x00, 0x00, 0x90, 0x00, 0x00, 0x00, 0xA0,
    0x00, 0x00, 0x00, 0xA0, 0x00, 0x00, 0x00, 0xA0, 0x00, 0x00, 0x00, 0x90, 0x00, 0x00, 0x00, 0x80,
    0x00, 0x00, 0x00, 0x80, 0x00, 0x00, 0x00, 0x80, 0x00, 0x00, 0x00, 0x80, 0x00, 0x00, 0x00, 0x80,
    0x00, 0x00, 0x00, 0x80, 0x00, 0x00, 0x00, 0x80, 0x00, 0x00, 0x00, 0x80, 0x00, 0x00, 0x00, 0x80,
    0x00, 0x00, 0x00, 0x80, 0x00, 0x00, 0x00, 0x80, 0x00, 0x00, 0x00, 0x80, 0x00, 0x00, 0x00, 0x80,
    0x00, 0x00, 0x00, 0x80, 0x00, 0x00, 0x00, 0x80, 0x00, 0x00, 0x00, 0x80, 0x00, 0x00, 0x00, 0x80,
    0x00, 0x00, 0x00, 0x80, 0x00, 0x00, 0x00, 0x80, 0x00, 0x00, 0x00, 0x80, 0x00, 0x00, 0x00, 0x80,
    0x00, 0x00, 0x00, 0x80, 0x00, 0x00, 0x00, 0x80, 0x00, 0x00, 0x00, 0x80, 0x00, 0x00, 0x00, 0x80,
    0x00, 0x00, 0x00, 0x80, 0x00, 0x00, 0x00, 0x80, 0x00, 0x00, 0x00, 0x80, 0x00, 0x00, 0x00, 0x80,
    0x00, 0x00, 0x00, 0x80, 0x00, 0x00, 0x00, 0x80, 0x00, 0x00, 0x00, 0x80, 0x00, 0x00, 0x00, 0x80,
    0x00, 0x00, 0x00, 0x80, 0x00, 0x00, 0x00, 0x80, 0x00, 0x00, 0x00, 0x80, 0x00, 0x00, 0x00, 0x80,
    0x00, 0x00, 0x00, 0x80, 0x00, 0x00, 0x00, 0x80, 0x00, 0x00, 0x00, 0x80, 0x00, 0x00, 0x00, 0x80,
    0x00, 0x00, 0x00, 0x80, 0x00, 0x00, 0x00, 0x80, 0x00, 0x00, 0x00, 0x80, 0x00, 0x00, 0x00, 0x80,
    0x00, 0x00, 0x00, 0x80, 0x00, 0x00, 0x00, 0x80, 0x00, 0x00, 0x00, 0x80, 0x00, 0x00, 0x00, 0x80,
    0x00, 0x00, 0x00, 0x80, 0x00, 0x00, 0x00, 0x80, 0x00, 0x00, 0x00, 0x80, 0x00, 0x00, 0x00, 0x80,
    0x00, 0x00, 0x00, 0x80, 0x00, 0x00, 0x00, 0x80, 0x00, 0x00, 0x00, 0x80, 0x00, 0x00, 0x00, 0x80,
    0x00, 0x00, 0x00, 0x80, 0x00, 0x00, 0x00, 0x80, 0x00, 0x00, 0x00, 0x80, 0x00, 0x00, 0x00, 0x80,
    0x00, 0x00, 0x00, 0x80, 0x00, 0x00, 0x00, 0x80, 0x00, 0x00, 0x00, 0x80, 0x00, 0x00, 0x00, 0x80,
    0x00, 0x00, 0x00, 0x80, 0x00, 0x00, 0x00, 0x80, 0x00, 0x00, 0x00, 0x80, 0x00, 0x00, 0x00, 0x80,
    0x00, 0x00, 0x00, 0x80, 0x00, 0x00, 0x00, 0x80, 0x00, 0x00, 0x00, 0x80, 0x00, 0x00, 0x00, 0x80,
    0x00, 0x00, 0x00, 0x80, 0x00, 0x00, 0x00, 0x80, 0x00, 0x00, 0x00, 0x80, 0x00, 0x00, 0x00, 0x80,
    0x00, 0x00, 0x00, 0x80, 0x00, 0x00, 0x00, 0x80, 0x00, 0x00, 0x00, 0x80, 0x00, 0x00, 0x00, 0x80,
    0x00, 0x00, 0x00, 0x80, 0x00, 0x00, 0x00, 0x80, 0x00, 0x00, 0x00, 0x80, 0x00, 0x00, 0x00, 0x80,
    0x00, 0x00, 0x00, 0x80, 0x00, 0x00, 0x00, 0x80, 0x00, 0x00, 0x00, 0x80, 0x00, 0x00, 0x00, 0x80,
    0x00, 0x00, 0x00, 0x80, 0x00, 0x00, 0x00, 0x80, 0x00, 0x00, 0x00, 0x80, 0x00, 0x00, 0x00, 0x80,
    0x00, 0x00, 0x00, 0x80, 0x00, 0x00, 0x00, 0x80, 0x00, 0x00, 0x00, 0x80, 0x00, 0x00, 0x00, 0x80,
    0x00, 0x00, 0x00, 0x80, 0x00, 0x00, 0x00, 0x80, 0x00, 0x00, 0x00, 0x80, 0x00, 0x00, 0x00, 0x80,
    0x00, 0x00, 0x00, 0x80, 0x00, 0x00, 0x00, 0x80, 0x00, 0x00, 0x00, 0x80, 0x00, 0x00, 0x00, 0x80,
    0x00, 0x00, 0x00, 0x80, 0x00, 0x00, 0x00, 0x80, 0x00, 0x00, 0x00, 0x80, 0x00, 0x00, 0x00, 0x80,
    0x00, 0x00, 0x00, 0x80, 0x00, 0x00, 0x00, 0x80, 0x00, 0x00, 0x00, 0x80, 0x00, 0x00, 0x00, 0x80,
    0x00, 0x00, 0x00, 0x80, 0x00, 0x00, 0x00, 0x80, 0x00, 0x00, 0x00, 0x80, 0x00, 0x00, 0x00, 0x80,
    0x00, 0x00, 0x00, 0x80, 0x00, 0x00, 0x00, 0x80, 0x00, 0x00, 0x00, 0x80, 0x00, 0x00, 0x00, 0x80,
    0x00, 0x00, 0x00, 0x80, 0x00, 0x00, 0x00, 0x80, 0x00, 0x00, 0x00, 0x80, 0x00, 0x00, 0x00, 0x80,
    0x00, 0x00, 0x00, 0x80, 0x00, 0x00, 0x00, 0x80, 0x00, 0x00, 0x00, 0x80, 0x00, 0x00, 0x00, 0x80,
    0x00, 0x00, 0x00, 0x80, 0x00, 0x00, 0x00, 0x80, 0x00, 0x00, 0x00, 0x80, 0x00, 0x00, 0x00, 0x80,
    0x00, 0x00, 0x00, 0x80, 0x00, 0x00, 0x00, 0x80, 0x00, 0x00, 0x00, 0x80, 0x00, 0x00, 0x00, 0x80,
    0x00, 0x00, 0x00, 0x80, 0x00, 0x00, 0x00, 0x80, 0x00, 0x00, 0x00, 0x80, 0x00, 0x00, 0x00, 0x80,
    0x00, 0x00, 0x00, 0x80, 0x00, 0x00, 0x00, 0x80, 0x00, 0x00, 0x00, 0x80, 0x00, 0x00, 0x00, 0x80,
    0x00, 0x00, 0x00, 0x80, 0x00, 0x00, 0x00, 0x80, 0x00, 0x00, 0x00, 0x80, 0x00, 0x00, 0x00, 0x80,
    0x00, 0x00, 0x00, 0x80, 0x00, 0x00, 0x00, 0x80, 0x00, 0x00, 0x00, 0x80, 0x00, 0x00, 0x00, 0x80,
    0x00, 0x00, 0x00, 0x80, 0x00, 0x00, 0x00, 0x80, 0x00, 0x00, 0x00, 0x80, 0x00, 0x00, 0x00, 0x80,
    0x00, 0x00, 0x00, 0x80, 0x00, 0x00, 0x00, 0x80, 0x00, 0x00, 0x00, 0x80, 0x00, 0x00, 0x00, 0x80,
    0x00, 0x00, 0x00, 0x80, 0x00, 0x00, 0x00, 0x80, 0x00, 0x00, 0x00, 0x80, 0x00, 0x00, 0x00, 0x80,
    0x00, 0x00, 0x00, 0x80, 0x00, 0x00, 0x00, 0x80, 0x00, 0x00, 0x00, 0x80, 0x00, 0x00, 0x00, 0x80,
    0x00, 0x00, 0x00, 0x80, 0x00, 0x00, 0x00, 0x80, 0x00, 0x00, 0x00, 0x80, 0x00, 0x00, 0x00, 0x80,
    0x00, 0x00, 0x00, 0x80, 0x00, 0x00, 0x00, 0x80, 0x00, 0x00, 0x00, 0x80, 0x00, 0x00, 0x00, 0x80,
    0x00, 0x00, 0x00, 0x80, 0x00, 0x00, 0x00, 0x80, 0x00, 0x00, 0x00, 0x80, 0x00, 0x00, 0x00, 0x80,
    0x00, 0x00, 0x00, 0x80, 0x00, 0x00, 0x00, 0x80, 0x00, 0x00, 0x00, 0x80, 0x00, 0x00, 0x00, 0x80,
    0x00, 0x00, 0x00, 0x80, 0x00, 0x00, 0x00, 0x80, 0x00, 0x00, 0x00, 0x80, 0x00, 0x00, 0x00, 0x80,
    0x00, 0x00, 0x00, 0x80, 0x00, 0x00, 0x00, 0x80, 0x00, 0x00, 0x00, 0x80, 0x00, 0x00, 0x00, 0x80,
    0x00, 0x00, 0x00, 0x80, 0x00, 0x00, 0x00, 0x80, 0x00, 0x00, 0x00, 0x80, 0x00, 0x00, 0x00, 0x80,
    0x00, 0x00, 0x00, 0x80, 0x00, 0x00, 0x00, 0x80, 0x00, 0x00, 0x00, 0x80, 0x00, 0x00, 0x00, 0x80,
    0x00, 0x00, 0x00, 0x80, 0x00, 0x00, 0x00, 0x80, 0x00, 0x00, 0x00, 0x80, 0x00, 0x00, 0x00, 0x80,
    0x00, 0x00, 0x00, 0x80, 0x00, 0x00, 0x00, 0x70, 0x00, 0x00, 0x00, 0x40, 0x00, 0x00, 0x00, 0x30,
    0x00, 0x00, 0x00, 0x00, 0x00, 0x00, 0x00, 0x00, 0x00, 0x00, 0x00, 0x00, 0x00, 0x00, 0x00, 0x00,
    0x00, 0x00, 0x00, 0x00, 0x00, 0x00, 0x00, 0x00, 0x00, 0x00, 0x00, 0x00, 0x00, 0x00, 0x00, 0x00,
    0x00, 0x00, 0x00, 0x00, 0x00, 0x00, 0x00, 0x00, 0x00, 0x00, 0x00, 0x00, 0x00, 0x00, 0x00, 0x00,
    0x00, 0x00, 0x00, 0x00, 0x00, 0x00, 0x00, 0x00, 0x00, 0x00, 0x00, 0x00, 0x00, 0x00, 0x00, 0x00,
    0x00, 0x00, 0x00, 0x00, 0x00, 0x00, 0x00, 0x00, 0x00, 0x00, 0x00, 0x00, 0x00, 0x00, 0x00, 0x00,
    0x00, 0x00, 0x00, 0x00, 0x00, 0x00, 0x00, 0x00, 0x00, 0x00, 0x00, 0x00, 0x00, 0x00, 0x00, 0x00,
    0x00, 0x00, 0x00, 0x00, 0x00, 0x00, 0x00, 0x00, 0x00, 0x00, 0x00, 0x00, 0x00, 0x00, 0x00, 0x00,
    0x00, 0x00, 0x00, 0x00, 0x00, 0x00, 0x00, 0x00, 0x00, 0x00, 0x00, 0x00, 0x00, 0x00, 0x00, 0x00,
    0x00, 0x00, 0x00, 0x00, 0x00, 0x00, 0x00, 0x00, 0x00, 0x00, 0x00, 0x00, 0x00, 0x00, 0x00, 0x00,
    0x00, 0x00, 0x00, 0x00, 0x00, 0x00, 0x00, 0x00, 0x00, 0x00, 0x00, 0x00, 0x00, 0x00, 0x00, 0x00,
    0x00, 0x00, 0x00, 0x00, 0x00, 0x00, 0x00, 0x00, 0x00, 0x00, 0x00, 0x00, 0x00, 0x00, 0x00, 0x00,
    0x00, 0x00, 0x00, 0x00, 0x00, 0x00, 0x00, 0x00, 0x00, 0x00, 0x00, 0x00, 0x00, 0x00, 0x00, 0x00,
    0x00, 0x00, 0x00, 0x00, 0x00, 0x00, 0x00, 0x00, 0x00, 0x00, 0x00, 0x20, 0x00, 0x00, 0x00, 0x66,
    0x00, 0x00, 0x00, 0xBF, 0x00, 0x00, 0x00, 0xEC, 0x00, 0x00, 0x00, 0xFF, 0x00, 0x00, 0x00, 0xFF,
    0x00, 0x00, 0x00, 0xFF, 0x00, 0x00, 0x00, 0xFF, 0x00, 0x00, 0x00, 0xFF, 0x00, 0x00, 0x00, 0xFF,
    0x00, 0x00, 0x00, 0xFF, 0x00, 0x00, 0x00, 0xFF, 0x00, 0x00, 0x00, 0xFF, 0x00, 0x00, 0x00, 0xFF,
    0x00, 0x00, 0x00, 0xFF, 0x00, 0x00, 0x00, 0xFF, 0x00, 0x00, 0x00, 0xFF, 0x00, 0x00, 0x00, 0xFF,
    0x00, 0x00, 0x00, 0xFF, 0x00, 0x00, 0x00, 0xFF, 0x00, 0x00, 0x00, 0xFF, 0x00, 0x00, 0x00, 0xFF,
    0x00, 0x00, 0x00, 0xFF, 0x00, 0x00, 0x00, 0xFF, 0x00, 0x00, 0x00, 0xFF, 0x00, 0x00, 0x00, 0xFF,
    0x00, 0x00, 0x00, 0xFF, 0x00, 0x00, 0x00, 0xFF, 0x00, 0x00, 0x00, 0xFF, 0x00, 0x00, 0x00, 0xFF,
    0x00, 0x00, 0x00, 0xFF, 0x00, 0x00, 0x00, 0xFF, 0x00, 0x00, 0x00, 0xFF, 0x00, 0x00, 0x00, 0xFF,
    0x00, 0x00, 0x00, 0xFF, 0x00, 0x00, 0x00, 0xFF, 0x00, 0x00, 0x00, 0xFF, 0x00, 0x00, 0x00, 0xFF,
    0x00, 0x00, 0x00, 0xFF, 0x00, 0x00, 0x00, 0xFF, 0x00, 0x00, 0x00, 0xFF, 0x00, 0x00, 0x00, 0xFF,
    0x00, 0x00, 0x00, 0xFF, 0x00, 0x00, 0x00, 0xFF, 0x00, 0x00, 0x00, 0xFF, 0x00, 0x00, 0x00, 0xFF,
    0x00, 0x00, 0x00, 0xFF, 0x00, 0x00, 0x00, 0xFF, 0x00, 0x00, 0x00, 0xFF, 0x00, 0x00, 0x00, 0xFF,
    0x00, 0x00, 0x00, 0xFF, 0x00, 0x00, 0x00, 0xFF, 0x00, 0x00, 0x00, 0xFF, 0x00, 0x00, 0x00, 0xFF,
    0x00, 0x00, 0x00, 0xFF, 0x00, 0x00, 0x00, 0xFF, 0x00, 0x00, 0x00, 0xFF, 0x00, 0x00, 0x00, 0xFF,
    0x00, 0x00, 0x00, 0xFF, 0x00, 0x00, 0x00, 0xFF, 0x00, 0x00, 0x00, 0xFF, 0x00, 0x00, 0x00, 0xFF,
    0x00, 0x00, 0x00, 0xFF, 0x00, 0x00, 0x00, 0xFF, 0x00, 0x00, 0x00, 0xFF, 0x00, 0x00, 0x00, 0xFF,
    0x00, 0x00, 0x00, 0xFF, 0x00, 0x00, 0x00, 0xFF, 0x00, 0x00, 0x00, 0xFF, 0x00, 0x00, 0x00, 0xFF,
    0x00, 0x00, 0x00, 0xFF, 0x00, 0x00, 0x00, 0xFF, 0x00, 0x00, 0x00, 0xFF, 0x00, 0x00, 0x00, 0xFF,
    0x00, 0x00, 0x00, 0xFF, 0x00, 0x00, 0x00, 0xFF, 0x00, 0x00, 0x00, 0xFF, 0x00, 0x00, 0x00, 0xFF,
    0x00, 0x00, 0x00, 0xFF, 0x00, 0x00, 0x00, 0xFF, 0x00, 0x00, 0x00, 0xFF, 0x00, 0x00, 0x00, 0xFF,
    0x00, 0x00, 0x00, 0xFF, 0x00, 0x00, 0x00, 0xFF, 0x00, 0x00, 0x00, 0xFF, 0x00, 0x00, 0x00, 0xFF,
    0x00, 0x00, 0x00, 0xFF, 0x00, 0x00, 0x00, 0xFF, 0x00, 0x00, 0x00, 0xFF, 0x00, 0x00, 0x00, 0xFF,
    0x00, 0x00, 0x00, 0xFF, 0x00, 0x00, 0x00, 0xFF, 0x00, 0x00, 0x00, 0xFF, 0x00, 0x00, 0x00, 0xFF,
    0x00, 0x00, 0x00, 0xFF, 0x00, 0x00, 0x00, 0xFF, 0x00, 0x00, 0x00, 0xFF, 0x00, 0x00, 0x00, 0xFF,
    0x00, 0x00, 0x00, 0xFF, 0x00, 0x00, 0x00, 0xFF, 0x00, 0x00, 0x00, 0xFF, 0x00, 0x00, 0x00, 0xFF,
    0x00, 0x00, 0x00, 0xFF, 0x00, 0x00, 0x00, 0xFF, 0x00, 0x00, 0x00, 0xFF, 0x00, 0x00, 0x00, 0xFF,
    0x00, 0x00, 0x00, 0xFF, 0x00, 0x00, 0x00, 0xFF, 0x00, 0x00, 0x00, 0xFF, 0x00, 0x00, 0x00, 0xFF,
    0x00, 0x00, 0x00, 0xFF, 0x00, 0x00, 0x00, 0xFF, 0x00, 0x00, 0x00, 0xFF, 0x00, 0x00, 0x00, 0xFF,
    0x00, 0x00, 0x00, 0xFF, 0x00, 0x00, 0x00, 0xFF, 0x00, 0x00, 0x00, 0xFF, 0x00, 0x00, 0x00, 0xFF,
    0x00, 0x00, 0x00, 0xFF, 0x00, 0x00, 0x00, 0xFF, 0x00, 0x00, 0x00, 0xFF, 0x00, 0x00, 0x00, 0xFF,
    0x00, 0x00, 0x00, 0xFF, 0x00, 0x00, 0x00, 0xFF, 0x00, 0x00, 0x00, 0xFF, 0x00, 0x00, 0x00, 0xFF,
    0x00, 0x00, 0x00, 0xFF, 0x00, 0x00, 0x00, 0xFF, 0x00, 0x00, 0x00, 0xFF, 0x00, 0x00, 0x00, 0xFF,
    0x00, 0x00, 0x00, 0xFF, 0x00, 0x00, 0x00, 0xFF, 0x00, 0x00, 0x00, 0xFF, 0x00, 0x00, 0x00, 0xFF,
    0x00, 0x00, 0x00, 0xFF, 0x00, 0x00, 0x00, 0xFF, 0x00, 0x00, 0x00, 0xFF, 0x00, 0x00, 0x00, 0xFF,
    0x00, 0x00, 0x00, 0xFF, 0x00, 0x00, 0x00, 0xFF, 0x00, 0x00, 0x00, 0xFF, 0x00, 0x00, 0x00, 0xFF,
    0x00, 0x00, 0x00, 0xFF, 0x00, 0x00, 0x00, 0xFF, 0x00, 0x00, 0x00, 0xFF, 0x00, 0x00, 0x00, 0xFF,
    0x00, 0x00, 0x00, 0xFF, 0x00, 0x00, 0x00, 0xFF, 0x00, 0x00, 0x00, 0xFF, 0x00, 0x00, 0x00, 0xFF,
    0x00, 0x00, 0x00, 0xFF, 0x00, 0x00, 0x00, 0xFF, 0x00, 0x00, 0x00, 0xFF, 0x00, 0x00, 0x00, 0xFF,
    0x00, 0x00, 0x00, 0xFF, 0x00, 0x00, 0x00, 0xFF, 0x00, 0x00, 0x00, 0xFF, 0x00, 0x00, 0x00, 0xFF,
    0x00, 0x00, 0x00, 0xFF, 0x00, 0x00, 0x00, 0xFF, 0x00, 0x00, 0x00, 0xFF, 0x00, 0x00, 0x00, 0xFF,
    0x00, 0x00, 0x00, 0xFF, 0x00, 0x00, 0x00, 0xFF, 0x00, 0x00, 0x00, 0xFF, 0x00, 0x00, 0x00, 0xFF,
    0x00, 0x00, 0x00, 0xFF, 0x00, 0x00, 0x00, 0xFF, 0x00, 0x00, 0x00, 0xFF, 0x00, 0x00, 0x00, 0xFF,
    0x00, 0x00, 0x00, 0xFF, 0x00, 0x00, 0x00, 0xFF, 0x00, 0x00, 0x00, 0xFF, 0x00, 0x00, 0x00, 0xFF,
    0x00, 0x00, 0x00, 0xFF, 0x00, 0x00, 0x00, 0xFF, 0x00, 0x00, 0x00, 0xFF, 0x00, 0x00, 0x00, 0xFF,
    0x00, 0x00, 0x00, 0xFF, 0x00, 0x00, 0x00, 0xFF, 0x00, 0x00, 0x00, 0xFF, 0x00, 0x00, 0x00, 0xFF,
    0x00, 0x00, 0x00, 0xFF, 0x00, 0x00, 0x00, 0xFF, 0x00, 0x00, 0x00, 0xFF, 0x00, 0x00, 0x00, 0xFF,
    0x00, 0x00, 0x00, 0xFF, 0x00, 0x00, 0x00, 0xFF, 0x00, 0x00, 0x00, 0xFF, 0x00, 0x00, 0x00, 0xFF,
    0x00, 0x00, 0x00, 0xFF, 0x00, 0x00, 0x00, 0xFF, 0x00, 0x00, 0x00, 0xFF, 0x00, 0x00, 0x00, 0xFF,
    0x00, 0x00, 0x00, 0xFF, 0x00, 0x00, 0x00, 0xFF, 0x00, 0x00, 0x00, 0xFF, 0x00, 0x00, 0x00, 0xFF,
    0x00, 0x00, 0x00, 0xFF, 0x00, 0x00, 0x00, 0xFF, 0x00, 0x00, 0x00, 0xFF, 0x00, 0x00, 0x00, 0xFF,
    0x00, 0x00, 0x00, 0xFF, 0x00, 0x00, 0x00, 0xFF, 0x00, 0x00, 0x00, 0xFF, 0x00, 0x00, 0x00, 0xFF,
    0x00, 0x00, 0x00, 0xFF, 0x00, 0x00, 0x00, 0xFF, 0x00, 0x00, 0x00, 0xFF, 0x00, 0x00, 0x00, 0xFF,
    0x00, 0x00, 0x00, 0xFF, 0x00, 0x00, 0x00, 0xFF, 0x00, 0x00, 0x00, 0xFF, 0x00, 0x00, 0x00, 0xFF,
    0x00, 0x00, 0x00, 0xFF, 0x00, 0x00, 0x00, 0xFF, 0x00, 0x00, 0x00, 0xFF, 0x00, 0x00, 0x00, 0xFF,
    0x00, 0x00, 0x00, 0xFF, 0x00, 0x00, 0x00, 0xFF, 0x00, 0x00, 0x00, 0xFF, 0x00, 0x00, 0x00, 0xFF,
    0x00, 0x00, 0x00, 0xFF, 0x00, 0x00, 0x00, 0xD0, 0x00, 0x00, 0x00, 0x9C, 0x00, 0x00, 0x00, 0x50,
    0x00, 0x00, 0x00, 0x00, 0x00, 0x00, 0x00, 0x00, 0x00, 0x00, 0x00, 0x00, 0x00, 0x00, 0x00, 0x00,
    0x00, 0x00, 0x00, 0x00, 0x00, 0x00, 0x00, 0x00, 0x00, 0x00, 0x00, 0x00, 0x00, 0x00, 0x00, 0x00,
    0x00, 0x00, 0x00, 0x00, 0x00, 0x00, 0x00, 0x00, 0x00, 0x00, 0x00, 0x00, 0x00, 0x00, 0x00, 0x00,
    0x00, 0x00, 0x00, 0x00, 0x00, 0x00, 0x00, 0x00, 0x00, 0x00, 0x00, 0x00, 0x00, 0x00, 0x00, 0x00,
    0x00, 0x00, 0x00, 0x00, 0x00, 0x00, 0x00, 0x00, 0x00, 0x00, 0x00, 0x00, 0x00, 0x00, 0x00, 0x00,
    0x00, 0x00, 0x00, 0x00, 0x00, 0x00, 0x00, 0x00, 0x00, 0x00, 0x00, 0x00, 0x00, 0x00, 0x00, 0x00,
    0x00, 0x00, 0x00, 0x00, 0x00, 0x00, 0x00, 0x00, 0x00, 0x00, 0x00, 0x00, 0x00, 0x00, 0x00, 0x00,
    0x00, 0x00, 0x00, 0x00, 0x00, 0x00, 0x00, 0x00, 0x00, 0x00, 0x00, 0x00, 0x00, 0x00, 0x00, 0x00,
    0x00, 0x00, 0x00, 0x00, 0x00, 0x00, 0x00, 0x00, 0x00, 0x00, 0x00, 0x00, 0x00, 0x00, 0x00, 0x00,
    0x00, 0x00, 0x00, 0x00, 0x00, 0x00, 0x00, 0x00, 0x00, 0x00, 0x00, 0x00, 0x00, 0x00, 0x00, 0x00,
    0x00, 0x00, 0x00, 0x00, 0x00, 0x00, 0x00, 0x00, 0x00, 0x00, 0x00, 0x00, 0x00, 0x00, 0x00, 0x10,
    0x00, 0x00, 0x00, 0x66, 0x00, 0x00, 0x00, 0xD6, 0x00, 0x00, 0x00, 0xFF, 0x00, 0x00, 0x00, 0xFF,
    0x00, 0x00, 0x00, 0xFF, 0x00, 0x00, 0x00, 0xFF, 0x00, 0x00, 0x00, 0xFF, 0x00, 0x00, 0x00, 0xFF,
    0x00, 0x00, 0x00, 0xFF, 0x00, 0x00, 0x00, 0xFF, 0x00, 0x00, 0x00, 0xFF, 0x00, 0x00, 0x00, 0xFF,
    0x00, 0x00, 0x00, 0xFF, 0x00, 0x00, 0x00, 0xFF, 0x00, 0x00, 0x00, 0xFF, 0x00, 0x00, 0x00, 0xFF,
    0x00, 0x00, 0x00, 0xFF, 0x00, 0x00, 0x00, 0xFF, 0x00, 0x00, 0x00, 0xFF, 0x00, 0x00, 0x00, 0xFF,
    0x00, 0x00, 0x00, 0xFF, 0x00, 0x00, 0x00, 0xFF, 0x00, 0x00, 0x00, 0xFF, 0x00, 0x00, 0x00, 0xFF,
    0x00, 0x00, 0x00, 0xFF, 0x00, 0x00, 0x00, 0xFF, 0x00, 0x00, 0x00, 0xFF, 0x00, 0x00, 0x00, 0xFF,
    0x00, 0x00, 0x00, 0xFF, 0x00, 0x00, 0x00, 0xFF, 0x00, 0x00, 0x00, 0xFF, 0x00, 0x00, 0x00, 0xFF,
    0x00, 0x00, 0x00, 0xFF, 0x00, 0x00, 0x00, 0xFF, 0x00, 0x00, 0x00, 0xFF, 0x00, 0x00, 0x00, 0xFF,
    0x00, 0x00, 0x00, 0xFF, 0x00, 0x00, 0x00, 0xFF, 0x00, 0x00, 0x00, 0xFF, 0x00, 0x00, 0x00, 0xFF,
    0x00, 0x00, 0x00, 0xFF, 0x00, 0x00, 0x00, 0xFF, 0x00, 0x00, 0x00, 0xFF, 0x00, 0x00, 0x00, 0xFF,
    0x00, 0x00, 0x00, 0xFF, 0x00, 0x00, 0x00, 0xFF, 0x00, 0x00, 0x00, 0xFF, 0x00, 0x00, 0x00, 0xFF,
    0x00, 0x00, 0x00, 0xFF, 0x00, 0x00, 0x00, 0xFF, 0x00, 0x00, 0x00, 0xFF, 0x00, 0x00, 0x00, 0xFF,
    0x00, 0x00, 0x00, 0xFF, 0x00, 0x00, 0x00, 0xFF, 0x00, 0x00, 0x00, 0xFF, 0x00, 0x00, 0x00, 0xFF,
    0x00, 0x00, 0x00, 0xFF, 0x00, 0x00, 0x00, 0xFF, 0x00, 0x00, 0x00, 0xFF, 0x00, 0x00, 0x00, 0xFF,
    0x00, 0x00, 0x00, 0xFF, 0x00, 0x00, 0x00, 0xFF, 0x00, 0x00, 0x00, 0xFF, 0x00, 0x00, 0x00, 0xFF,
    0x00, 0x00, 0x00, 0xFF, 0x00, 0x00, 0x00, 0xFF, 0x00, 0x00, 0x00, 0xFF, 0x00, 0x00, 0x00, 0xFF,
    0x00, 0x00, 0x00, 0xFF, 0x00, 0x00, 0x00, 0xFF, 0x00, 0x00, 0x00, 0xFF, 0x00, 0x00, 0x00, 0xFF,
    0x00, 0x00, 0x00, 0xFF, 0x00, 0x00, 0x00, 0xFF, 0x00, 0x00, 0x00, 0xFF, 0x00, 0x00, 0x00, 0xFF,
    0x00, 0x00, 0x00, 0xFF, 0x00, 0x00, 0x00, 0xFF, 0x00, 0x00, 0x00, 0xFF, 0x00, 0x00, 0x00, 0xFF,
    0x00, 0x00, 0x00, 0xFF, 0x00, 0x00, 0x00, 0xFF, 0x00, 0x00, 0x00, 0xFF, 0x00, 0x00, 0x00, 0xFF,
    0x00, 0x00, 0x00, 0xFF, 0x00, 0x00, 0x00, 0xFF, 0x00, 0x00, 0x00, 0xFF, 0x00, 0x00, 0x00, 0xFF,
    0x00, 0x00, 0x00, 0xFF, 0x00, 0x00, 0x00, 0xFF, 0x00, 0x00, 0x00, 0xFF, 0x00, 0x00, 0x00, 0xFF,
    0x00, 0x00, 0x00, 0xFF, 0x00, 0x00, 0x00, 0xFF, 0x00, 0x00, 0x00, 0xFF, 0x00, 0x00, 0x00, 0xFF,
    0x00, 0x00, 0x00, 0xFF, 0x00, 0x00, 0x00, 0xFF, 0x00, 0x00, 0x00, 0xFF, 0x00, 0x00, 0x00, 0xFF,
    0x00, 0x00, 0x00, 0xFF, 0x00, 0x00, 0x00, 0xFF, 0x00, 0x00, 0x00, 0xFF, 0x00, 0x00, 0x00, 0xFF,
    0x00, 0x00, 0x00, 0xFF, 0x00, 0x00, 0x00, 0xFF, 0x00, 0x00, 0x00, 0xFF, 0x00, 0x00, 0x00, 0xFF,
    0x00, 0x00, 0x00, 0xFF, 0x00, 0x00, 0x00, 0xFF, 0x00, 0x00, 0x00, 0xFF, 0x00, 0x00, 0x00, 0xFF,
    0x00, 0x00, 0x00, 0xFF, 0x00, 0x00, 0x00, 0xFF, 0x00, 0x00, 0x00, 0xFF, 0x00, 0x00, 0x00, 0xFF,
    0x00, 0x00, 0x00, 0xFF, 0x00, 0x00, 0x00, 0xFF, 0x00, 0x00, 0x00, 0xFF, 0x00, 0x00, 0x00, 0xFF,
    0x00, 0x00, 0x00, 0xFF, 0x00, 0x00, 0x00, 0xFF, 0x00, 0x00, 0x00, 0xFF, 0x00, 0x00, 0x00, 0xFF,
    0x00, 0x00, 0x00, 0xFF, 0x00, 0x00, 0x00, 0xFF, 0x00, 0x00, 0x00, 0xFF, 0x00, 0x00, 0x00, 0xFF,
    0x00, 0x00, 0x00, 0xFF, 0x00, 0x00, 0x00, 0xFF, 0x00, 0x00, 0x00, 0xFF, 0x00, 0x00, 0x00, 0xFF,
    0x00, 0x00, 0x00, 0xFF, 0x00, 0x00, 0x00, 0xFF, 0x00, 0x00, 0x00, 0xFF, 0x00, 0x00, 0x00, 0xFF,
    0x00, 0x00, 0x00, 0xFF, 0x00, 0x00, 0x00, 0xFF, 0x00, 0x00, 0x00, 0xFF, 0x00, 0x00, 0x00, 0xFF,
    0x00, 0x00, 0x00, 0xFF, 0x00, 0x00, 0x00, 0xFF, 0x00, 0x00, 0x00, 0xFF, 0x00, 0x00, 0x00, 0xFF,
    0x00, 0x00, 0x00, 0xFF, 0x00, 0x00, 0x00, 0xFF, 0x00, 0x00, 0x00, 0xFF, 0x00, 0x00, 0x00, 0xFF,
    0x00, 0x00, 0x00, 0xFF, 0x00, 0x00, 0x00, 0xFF, 0x00, 0x00, 0x00, 0xFF, 0x00, 0x00, 0x00, 0xFF,
    0x00, 0x00, 0x00, 0xFF, 0x00, 0x00, 0x00, 0xFF, 0x00, 0x00, 0x00, 0xFF, 0x00, 0x00, 0x00, 0xFF,
    0x00, 0x00, 0x00, 0xFF, 0x00, 0x00, 0x00, 0xFF, 0x00, 0x00, 0x00, 0xFF, 0x00, 0x00, 0x00, 0xFF,
    0x00, 0x00, 0x00, 0xFF, 0x00, 0x00, 0x00, 0xFF, 0x00, 0x00, 0x00, 0xFF, 0x00, 0x00, 0x00, 0xFF,
    0x00, 0x00, 0x00, 0xFF, 0x00, 0x00, 0x00, 0xFF, 0x00, 0x00, 0x00, 0xFF, 0x00, 0x00, 0x00, 0xFF,
    0x00, 0x00, 0x00, 0xFF, 0x00, 0x00, 0x00, 0xFF, 0x00, 0x00, 0x00, 0xFF, 0x00, 0x00, 0x00, 0xFF,
    0x00, 0x00, 0x00, 0xFF, 0x00, 0x00, 0x00, 0xFF, 0x00, 0x00, 0x00, 0xFF, 0x00, 0x00, 0x00, 0xFF,
    0x00, 0x00, 0x00, 0xFF, 0x00, 0x00, 0x00, 0xFF, 0x00, 0x00, 0x00, 0xFF, 0x00, 0x00, 0x00, 0xFF,
    0x00, 0x00, 0x00, 0xFF, 0x00, 0x00, 0x00, 0xFF, 0x00, 0x00, 0x00, 0xFF, 0x00, 0x00, 0x00, 0xFF,
    0x00, 0x00, 0x00, 0xFF, 0x00, 0x00, 0x00, 0xFF, 0x00, 0x00, 0x00, 0xFF, 0x00, 0x00, 0x00, 0xFF,
    0x00, 0x00, 0x00, 0xFF, 0x00, 0x00, 0x00, 0xFF, 0x00, 0x00, 0x00, 0xFF, 0x00, 0x00, 0x00, 0xFF,
    0x00, 0x00, 0x00, 0xFF, 0x00, 0x00, 0x00, 0xFF, 0x00, 0x00, 0x00, 0xFF, 0x00, 0x00, 0x00, 0xFF,
    0x00, 0x00, 0x00, 0xFF, 0x00, 0x00, 0x00, 0xFF, 0x00, 0x00, 0x00, 0xFF, 0x00, 0x00, 0x00, 0xFF,
    0x00, 0x00, 0x00, 0xFF, 0x00, 0x00, 0x00, 0xFF, 0x00, 0x00, 0x00, 0xFF, 0x00, 0x00, 0x00, 0xFF,
    0x00, 0x00, 0x00, 0xFF, 0x00, 0x00, 0x00, 0xFF, 0x00, 0x00, 0x00, 0xFF, 0x00, 0x00, 0x00, 0xFF,
    0x00, 0x00, 0x00, 0xFF, 0x00, 0x00, 0x00, 0xFF, 0x00, 0x00, 0x00, 0xFF, 0x00, 0x00, 0x00, 0xFF,
    0x00, 0x00, 0x00, 0xFF, 0x00, 0x00, 0x00, 0xFF, 0x00, 0x00, 0x00, 0xFF, 0x00, 0x00, 0x00, 0xFF,
    0x00, 0x00, 0x00, 0xFF, 0x00, 0x00, 0x00, 0xFF, 0x00, 0x00, 0x00, 0xFF, 0x00, 0x00, 0x00, 0xFF,
    0x00, 0x00, 0x00, 0xFF, 0x00, 0x00, 0x00, 0xFF, 0x00, 0x00, 0x00, 0xFF, 0x00, 0x00, 0x00, 0xFF,
    0x00, 0x00, 0x00, 0xFF, 0x00, 0x00, 0x00, 0xFF, 0x00, 0x00, 0x00, 0xFF, 0x00, 0x00, 0x00, 0xFF,
    0x00, 0x00, 0x00, 0xF0, 0x00, 0x00, 0x00, 0xA3, 0x00, 0x00, 0x00, 0x30, 0x00, 0x00, 0x00, 0x00,
    0x00, 0x00, 0x00, 0x00, 0x00, 0x00, 0x00, 0x00, 0x00, 0x00, 0x00, 0x00, 0x00, 0x00, 0x00, 0x00,
    0x00, 0x00, 0x00, 0x00, 0x00, 0x00, 0x00, 0x00, 0x00, 0x00, 0x00, 0x00, 0x00, 0x00, 0x00, 0x00,
    0x00, 0x00, 0x00, 0x00, 0x00, 0x00, 0x00, 0x00, 0x00, 0x00, 0x00, 0x00, 0x00, 0x00, 0x00, 0x00,
    0x00, 0x00, 0x00, 0x00, 0x00, 0x00, 0x00, 0x00, 0x00, 0x00, 0x00, 0x00, 0x00, 0x00, 0x00, 0x00,
    0x00, 0x00, 0x00, 0x00, 0x00, 0x00, 0x00, 0x00, 0x00, 0x00, 0x00, 0x00, 0x00, 0x00, 0x00, 0x00,
    0x00, 0x00, 0x00, 0x00, 0x00, 0x00, 0x00, 0x00, 0x00, 0x00, 0x00, 0x00, 0x00, 0x00, 0x00, 0x00,
    0x00, 0x00, 0x00, 0x00, 0x00, 0x00, 0x00, 0x00, 0x00, 0x00, 0x00, 0x00, 0x00, 0x00, 0x00, 0x00,
    0x00, 0x00, 0x00, 0x00, 0x00, 0x00, 0x00, 0x00, 0x00, 0x00, 0x00, 0x00, 0x00, 0x00, 0x00, 0x00,
    0x00, 0x00, 0x00, 0x00, 0x00, 0x00, 0x00, 0x00, 0x00, 0x00, 0x00, 0x00, 0x00, 0x00, 0x00, 0x00,
    0x00, 0x00, 0x00, 0x00, 0x00, 0x00, 0x00, 0x10, 0x00, 0x00, 0x00, 0x96, 0x00, 0x00, 0x00, 0xF4,
    0x00, 0x00, 0x00, 0xFF, 0x00, 0x00, 0x00, 0xFF, 0x00, 0x00, 0x00, 0xFF, 0x00, 0x00, 0x00, 0xFF,
    0x10, 0x04, 0x00, 0xFF, 0x10, 0x04, 0x00, 0xFF, 0x10, 0x04, 0x00, 0xFF, 0x10, 0x04, 0x00, 0xFF,
    0x08, 0x04, 0x00, 0xFF, 0x08, 0x04, 0x00, 0xFF, 0x08, 0x04, 0x00, 0xFF, 0x08, 0x04, 0x00, 0xFF,
    0x10, 0x04, 0x00, 0xFF, 0x10, 0x04, 0x00, 0xFF, 0x10, 0x04, 0x00, 0xFF, 0x10, 0x04, 0x00, 0xFF,
    0x10, 0x04, 0x00, 0xFF, 0x10, 0x04, 0x00, 0xFF, 0x10, 0x04, 0x00, 0xFF, 0x10, 0x04, 0x00, 0xFF,
    0x00, 0x00, 0x00, 0xFF, 0x00, 0x00, 0x00, 0xFF, 0x00, 0x00, 0x00, 0xFF, 0x00, 0x00, 0x00, 0xFF,
    0x00, 0x00, 0x00, 0xFF, 0x00, 0x00, 0x00, 0xFF, 0x00, 0x00, 0x00, 0xFF, 0x00, 0x00, 0x00, 0xFF,
    0x00, 0x00, 0x00, 0xFF, 0x00, 0x00, 0x00, 0xFF, 0x00, 0x00, 0x00, 0xFF, 0x00, 0x00, 0x00, 0xFF,
    0x00, 0x00, 0x00, 0xFF, 0x00, 0x00, 0x00, 0xFF, 0x00, 0x00, 0x00, 0xFF, 0x00, 0x00, 0x00, 0xFF,
    0x00, 0x00, 0x00, 0xFF, 0x00, 0x00, 0x00, 0xFF, 0x00, 0x00, 0x00, 0xFF, 0x00, 0x00, 0x00, 0xFF,
    0x00, 0x00, 0x00, 0xFF, 0x00, 0x00, 0x00, 0xFF, 0x00, 0x00, 0x00, 0xFF, 0x00, 0x00, 0x00, 0xFF,
    0x00, 0x00, 0x00, 0xFF, 0x00, 0x00, 0x00, 0xFF, 0x00, 0x00, 0x00, 0xFF, 0x00, 0x00, 0x00, 0xFF,
    0x00, 0x00, 0x00, 0xFF, 0x00, 0x00, 0x00, 0xFF, 0x00, 0x00, 0x00, 0xFF, 0x00, 0x00, 0x00, 0xFF,
    0x00, 0x00, 0x00, 0xFF, 0x00, 0x00, 0x00, 0xFF, 0x00, 0x00, 0x00, 0xFF, 0x00, 0x00, 0x00, 0xFF,
    0x00, 0x00, 0x00, 0xFF, 0x00, 0x00, 0x00, 0xFF, 0x00, 0x00, 0x00, 0xFF, 0x00, 0x00, 0x00, 0xFF,
    0x00, 0x00, 0x00, 0xFF, 0x00, 0x00, 0x00, 0xFF, 0x00, 0x00, 0x00, 0xFF, 0x00, 0x00, 0x00, 0xFF,
    0x00, 0x00, 0x00, 0xFF, 0x00, 0x00, 0x00, 0xFF, 0x00, 0x00, 0x00, 0xFF, 0x00, 0x00, 0x00, 0xFF,
    0x00, 0x00, 0x00, 0xFF, 0x00, 0x00, 0x00, 0xFF, 0x00, 0x00, 0x00, 0xFF, 0x00, 0x00, 0x00, 0xFF,
    0x00, 0x00, 0x00, 0xFF, 0x00, 0x00, 0x00, 0xFF, 0x00, 0x00, 0x00, 0xFF, 0x00, 0x00, 0x00, 0xFF,
    0x00, 0x00, 0x00, 0xFF, 0x00, 0x00, 0x00, 0xFF, 0x00, 0x00, 0x00, 0xFF, 0x00, 0x00, 0x00, 0xFF,
    0x00, 0x00, 0x00, 0xFF, 0x00, 0x00, 0x00, 0xFF, 0x00, 0x00, 0x00, 0xFF, 0x00, 0x00, 0x00, 0xFF,
    0x00, 0x00, 0x00, 0xFF, 0x00, 0x00, 0x00, 0xFF, 0x00, 0x00, 0x00, 0xFF, 0x00, 0x00, 0x00, 0xFF,
    0x00, 0x00, 0x00, 0xFF, 0x00, 0x00, 0x00, 0xFF, 0x00, 0x00, 0x00, 0xFF, 0x00, 0x00, 0x00, 0xFF,
    0x00, 0x00, 0x00, 0xFF, 0x00, 0x00, 0x00, 0xFF, 0x00, 0x00, 0x00, 0xFF, 0x00, 0x00, 0x00, 0xFF,
    0x00, 0x00, 0x00, 0xFF, 0x00, 0x00, 0x00, 0xFF, 0x00, 0x00, 0x00, 0xFF, 0x00, 0x00, 0x00, 0xFF,
    0x00, 0x00, 0x00, 0xFF, 0x00, 0x00, 0x00, 0xFF, 0x00, 0x00, 0x00, 0xFF, 0x00, 0x00, 0x00, 0xFF,
    0x00, 0x00, 0x00, 0xFF, 0x00, 0x00, 0x00, 0xFF, 0x00, 0x00, 0x00, 0xFF, 0x00, 0x00, 0x00, 0xFF,
    0x00, 0x00, 0x00, 0xFF, 0x00, 0x00, 0x00, 0xFF, 0x00, 0x00, 0x00, 0xFF, 0x00, 0x00, 0x00, 0xFF,
    0x00, 0x00, 0x00, 0xFF, 0x00, 0x00, 0x00, 0xFF, 0x00, 0x00, 0x00, 0xFF, 0x00, 0x00, 0x00, 0xFF,
    0x00, 0x00, 0x00, 0xFF, 0x00, 0x00, 0x00, 0xFF, 0x00, 0x00, 0x00, 0xFF, 0x00, 0x00, 0x00, 0xFF,
    0x00, 0x00, 0x00, 0xFF, 0x00, 0x00, 0x00, 0xFF, 0x00, 0x00, 0x00, 0xFF, 0x00, 0x00, 0x00, 0xFF,
    0x00, 0x00, 0x00, 0xFF, 0x00, 0x00, 0x00, 0xFF, 0x00, 0x00, 0x00, 0xFF, 0x00, 0x00, 0x00, 0xFF,
    0x00, 0x00, 0x00, 0xFF, 0x00, 0x00, 0x00, 0xFF, 0x00, 0x00, 0x00, 0xFF, 0x00, 0x00, 0x00, 0xFF,
    0x00, 0x00, 0x00, 0xFF, 0x00, 0x00, 0x00, 0xFF, 0x00, 0x00, 0x00, 0xFF, 0x00, 0x00, 0x00, 0xFF,
    0x00, 0x00, 0x00, 0xFF, 0x00, 0x00, 0x00, 0xFF, 0x00, 0x00, 0x00, 0xFF, 0x00, 0x00, 0x00, 0xFF,
    0x00, 0x00, 0x00, 0xFF, 0x00, 0x00, 0x00, 0xFF, 0x00, 0x00, 0x00, 0xFF, 0x00, 0x00, 0x00, 0xFF,
    0x00, 0x00, 0x00, 0xFF, 0x00, 0x00, 0x00, 0xFF, 0x00, 0x00, 0x00, 0xFF, 0x00, 0x00, 0x00, 0xFF,
    0x00, 0x00, 0x00, 0xFF, 0x00, 0x00, 0x00, 0xFF, 0x00, 0x00, 0x00, 0xFF, 0x00, 0x00, 0x00, 0xFF,
    0x00, 0x00, 0x00, 0xFF, 0x00, 0x00, 0x00, 0xFF, 0x00, 0x00, 0x00, 0xFF, 0x00, 0x00, 0x00, 0xFF,
    0x00, 0x00, 0x00, 0xFF, 0x00, 0x00, 0x00, 0xFF, 0x00, 0x00, 0x00, 0xFF, 0x00, 0x00, 0x00, 0xFF,
    0x00, 0x00, 0x00, 0xFF, 0x00, 0x00, 0x00, 0xFF, 0x00, 0x00, 0x00, 0xFF, 0x00, 0x00, 0x00, 0xFF,
    0x00, 0x00, 0x00, 0xFF, 0x00, 0x00, 0x00, 0xFF, 0x00, 0x00, 0x00, 0xFF, 0x00, 0x00, 0x00, 0xFF,
    0x00, 0x00, 0x00, 0xFF, 0x00, 0x00, 0x00, 0xFF, 0x00, 0x00, 0x00, 0xFF, 0x00, 0x00, 0x00, 0xFF,
    0x00, 0x00, 0x00, 0xFF, 0x00, 0x00, 0x00, 0xFF, 0x00, 0x00, 0x00, 0xFF, 0x00, 0x00, 0x00, 0xFF,
    0x00, 0x00, 0x00, 0xFF, 0x00, 0x00, 0x00, 0xFF, 0x00, 0x00, 0x00, 0xFF, 0x00, 0x00, 0x00, 0xFF,
    0x00, 0x00, 0x00, 0xFF, 0x00, 0x00, 0x00, 0xFF, 0x00, 0x00, 0x00, 0xFF, 0x00, 0x00, 0x00, 0xFF,
    0x00, 0x00, 0x00, 0xFF, 0x00, 0x00, 0x00, 0xFF, 0x00, 0x00, 0x00, 0xFF, 0x00, 0x00, 0x00, 0xFF,
    0x00, 0x00, 0x00, 0xFF, 0x00, 0x00, 0x00, 0xFF, 0x00, 0x00, 0x00, 0xFF, 0x00, 0x00, 0x00, 0xFF,
    0x00, 0x00, 0x00, 0xFF, 0x00, 0x00, 0x00, 0xFF, 0x00, 0x00, 0x00, 0xFF, 0x00, 0x00, 0x00, 0xFF,
    0x00, 0x00, 0x00, 0xFF, 0x00, 0x00, 0x00, 0xFF, 0x00, 0x00, 0x00, 0xFF, 0x00, 0x00, 0x00, 0xFF,
    0x00, 0x00, 0x00, 0xFF, 0x00, 0x00, 0x00, 0xFF, 0x00, 0x00, 0x00, 0xFF, 0x00, 0x00, 0x00, 0xFF,
    0x00, 0x00, 0x00, 0xFF, 0x00, 0x00, 0x00, 0xFF, 0x00, 0x00, 0x00, 0xFF, 0x00, 0x00, 0x00, 0xFF,
    0x00, 0x00, 0x00, 0xFF, 0x00, 0x00, 0x00, 0xFF, 0x00, 0x00, 0x00, 0xFF, 0x00, 0x00, 0x00, 0xFF,
    0x00, 0x00, 0x00, 0xFF, 0x00, 0x00, 0x00, 0xFF, 0x00, 0x00, 0x00, 0xFF, 0x00, 0x00, 0x00, 0xFF,
    0x00, 0x00, 0x00, 0xFF, 0x00, 0x00, 0x00, 0xFF, 0x00, 0x00, 0x00, 0xFF, 0x00, 0x00, 0x00, 0xFF,
    0x00, 0x00, 0x00, 0xFF, 0x00, 0x00, 0x00, 0xFF, 0x00, 0x00, 0x00, 0xFF, 0x00, 0x00, 0x00, 0xFF,
    0x00, 0x00, 0x00, 0xFF, 0x00, 0x00, 0x00, 0xFF, 0x00, 0x00, 0x00, 0xFF, 0x00, 0x00, 0x00, 0xFF,
    0x00, 0x00, 0x00, 0xFF, 0x00, 0x00, 0x00, 0xFF, 0x00, 0x00, 0x00, 0xFF, 0x00, 0x00, 0x00, 0xBA,
    0x00, 0x00, 0x00, 0x40, 0x00, 0x00, 0x00, 0x00, 0x00, 0x00, 0x00, 0x00, 0x00, 0x00, 0x00, 0x00,
    0x00, 0x00, 0x00, 0x00, 0x00, 0x00, 0x00, 0x00, 0x00, 0x00, 0x00, 0x00, 0x00, 0x00, 0x00, 0x00,
    0x00, 0x00, 0x00, 0x00, 0x00, 0x00, 0x00, 0x00, 0x00, 0x00, 0x00, 0x00, 0x00, 0x00, 0x00, 0x00,
    0x00, 0x00, 0x00, 0x00, 0x00, 0x00, 0x00, 0x00, 0x00, 0x00, 0x00, 0x00, 0x00, 0x00, 0x00, 0x00,
    0x00, 0x00, 0x00, 0x00, 0x00, 0x00, 0x00, 0x00, 0x00, 0x00, 0x00, 0x00, 0x00, 0x00, 0x00, 0x00,
    0x00, 0x00, 0x00, 0x00, 0x00, 0x00, 0x00, 0x00, 0x00, 0x00, 0x00, 0x00, 0x00, 0x00, 0x00, 0x00,
    0x00, 0x00, 0x00, 0x00, 0x00, 0x00, 0x00, 0x00, 0x00, 0x00, 0x00, 0x00, 0x00, 0x00, 0x00, 0x00,
    0x00, 0x00, 0x00, 0x00, 0x00, 0x00, 0x00, 0x00, 0x00, 0x00, 0x00, 0x00, 0x00, 0x00, 0x00, 0x00,
    0x00, 0x00, 0x00, 0x00, 0x00, 0x00, 0x00, 0x00, 0x00, 0x00, 0x00, 0x00, 0x00, 0x00, 0x00, 0x00,
    0x00, 0x00, 0x00, 0x96, 0x00, 0x00, 0x00, 0xF4, 0x00, 0x00, 0x00, 0xFF, 0x00, 0x00, 0x00, 0xFF,
    0x00, 0x00, 0x00, 0xFF, 0x00, 0x00, 0x00, 0xFF, 0x00, 0x00, 0x00, 0xFF, 0x00, 0x00, 0x00, 0xFF,
    0x10, 0x04, 0x00, 0xFF, 0x10, 0x04, 0x00, 0xFF, 0x10, 0x04, 0x00, 0xFF, 0x10, 0x04, 0x00, 0xFF,
    0x57, 0x1B, 0x0D, 0xFF, 0x57, 0x1B, 0x0D, 0xFF, 0xA7, 0x32, 0x1B, 0xFF, 0xA7, 0x32, 0x1B, 0xFF,
    0xAF, 0x32, 0x1B, 0xFF, 0xAF, 0x32, 0x1B, 0xFF, 0x5F, 0x1B, 0x0D, 0xFF, 0x5F, 0x1B, 0x0D, 0xFF,
    0x5D, 0x19, 0x0D, 0xFF, 0x10, 0x04, 0x00, 0xFF, 0x10, 0x04, 0x00, 0xFF, 0x10, 0x04, 0x00, 0xFF,
    0x00, 0x00, 0x00, 0xFF, 0x00, 0x00, 0x00, 0xFF, 0x00, 0x00, 0x00, 0xFF, 0x00, 0x00, 0x00, 0xFF,
    0x00, 0x00, 0x00, 0xFF, 0x00, 0x00, 0x00, 0xFF, 0x17, 0x13, 0x02, 0xFF, 0xFE, 0xCB, 0x01, 0xFF,
    0xFE, 0xCD, 0x01, 0xFF, 0xFE, 0xCD, 0x01, 0xFF, 0xFE, 0xCD, 0x01, 0xFF, 0xFE, 0xCD, 0x01, 0xFF,
    0xFE, 0xCD, 0x01, 0xFF, 0xFE, 0xCD, 0x01, 0xFE, 0xFE, 0xCD, 0x01, 0xFE, 0xFE, 0xCD, 0x01, 0xFE,
    0xFE, 0xCD, 0x01, 0xFE, 0xFE, 0xCD, 0x01, 0xFE, 0xFE, 0xCD, 0x01, 0xFE, 0xFE, 0xCD, 0x01, 0xFE,
    0xFE, 0xCD, 0x01, 0xFE, 0xFE, 0xCD, 0x01, 0xFE, 0xFE, 0xCD, 0x01, 0xFE, 0xFE, 0xCD, 0x01, 0xFE,
    0xFE, 0xCD, 0x01, 0xFE, 0xFE, 0xCD, 0x01, 0xFE, 0xFE, 0xCD, 0x01, 0xFE, 0xFE, 0xCD, 0x01, 0xFE,
    0xFE, 0xCD, 0x01, 0xFE, 0xFE, 0xCD, 0x01, 0xFE, 0xFE, 0xCD, 0x01, 0xFE, 0xFE, 0xCD, 0x01, 0xFE,
    0xFE, 0xCD, 0x01, 0xFE, 0xFE, 0xCD, 0x01, 0xFE, 0xFE, 0xCD, 0x01, 0xFE, 0xFE, 0xCD, 0x01, 0xFE,
    0xFE, 0xCD, 0x01, 0xFE, 0xFE, 0xCD, 0x01, 0xFE, 0xFE, 0xCD, 0x01, 0xFE, 0xFE, 0xCD, 0x01, 0xFE,
    0xFE, 0xCD, 0x01, 0xFE, 0xFE, 0xCD, 0x01, 0xFE, 0xFE, 0xCD, 0x01, 0xFE, 0xFE, 0xCD, 0x01, 0xFE,
    0xFE, 0xCD, 0x01, 0xFE, 0xFE, 0xCD, 0x01, 0xFE, 0xFE, 0xCD, 0x01, 0xFE, 0xFE, 0xCD, 0x01, 0xFE,
    0xFE, 0xCD, 0x01, 0xFE, 0xFE, 0xCD, 0x01, 0xFE, 0xFE, 0xCD, 0x01, 0xFE, 0xFE, 0xCD, 0x01, 0xFE,
    0xFE, 0xCD, 0x01, 0xFE, 0xFE, 0xCD, 0x01, 0xFE, 0xFE, 0xCD, 0x01, 0xFE, 0xFE, 0xCD, 0x01, 0xFE,
    0xFE, 0xCD, 0x01, 0xFE, 0xFE, 0xCD, 0x01, 0xFE, 0xFE, 0xCD, 0x01, 0xFE, 0xFE, 0xCD, 0x01, 0xFE,
    0xFE, 0xCD, 0x01, 0xFE, 0xFE, 0xCD, 0x01, 0xFE, 0xFE, 0xCD, 0x01, 0xFE, 0xFE, 0xCD, 0x01, 0xFE,
    0xFE, 0xCD, 0x01, 0xFE, 0xFE, 0xCD, 0x01, 0xFE, 0xFE, 0xCD, 0x01, 0xFE, 0xFE, 0xCD, 0x01, 0xFE,
    0xFE, 0xCD, 0x01, 0xFE, 0xFE, 0xCD, 0x01, 0xFE, 0xFE, 0xCD, 0x01, 0xFE, 0xFE, 0xCD, 0x01, 0xFE,
    0xFE, 0xCD, 0x01, 0xFE, 0xFE, 0xCD, 0x01, 0xFE, 0xFE, 0xCD, 0x01, 0xFE, 0xFE, 0xCD, 0x01, 0xFE,
    0xFE, 0xCD, 0x01, 0xFE, 0xFE, 0xCD, 0x01, 0xFE, 0xFE, 0xCD, 0x01, 0xFE, 0xFE, 0xCD, 0x01, 0xFE,
    0xFE, 0xCD, 0x01, 0xFE, 0xFE, 0xCD, 0x01, 0xFE, 0xFE, 0xCD, 0x01, 0xFE, 0xFE, 0xCD, 0x01, 0xFE,
    0xFE, 0xCD, 0x01, 0xFE, 0xFE, 0xCD, 0x01, 0xFE, 0xFE, 0xCD, 0x01, 0xFE, 0xFE, 0xCD, 0x01, 0xFE,
    0xFE, 0xCD, 0x01, 0xFE, 0xFE, 0xCD, 0x01, 0xFE, 0xFE, 0xCD, 0x01, 0xFE, 0xFE, 0xCD, 0x01, 0xFE,
    0xFE, 0xCD, 0x01, 0xFE, 0xFE, 0xCD, 0x01, 0xFE, 0xFE, 0xCD, 0x01, 0xFE, 0xFE, 0xCD, 0x01, 0xFE,
    0xFE, 0xCD, 0x01, 0xFE, 0xFE, 0xCD, 0x01, 0xFE, 0xFE, 0xCD, 0x01, 0xFE, 0xFE, 0xCD, 0x01, 0xFE,
    0xFE, 0xCD, 0x01, 0xFE, 0xFE, 0xCD, 0x01, 0xFE, 0xFE, 0xCD, 0x01, 0xFE, 0xFE, 0xCD, 0x01, 0xFE,
    0xFE, 0xCD, 0x01, 0xFE, 0xFE, 0xCD, 0x01, 0xFE, 0xFE, 0xCD, 0x01, 0xFE, 0xFE, 0xCD, 0x01, 0xFE,
    0xFE, 0xCD, 0x01, 0xFE, 0xFE, 0xCD, 0x01, 0xFE, 0xFE, 0xCD, 0x01, 0xFE, 0xFE, 0xCD, 0x01, 0xFE,
    0xFE, 0xCD, 0x01, 0xFE, 0xFE, 0xCD, 0x01, 0xFE, 0xFE, 0xCD, 0x01, 0xFE, 0xFE, 0xCD, 0x01, 0xFE,
    0xFE, 0xCD, 0x01, 0xFE, 0xFE, 0xCD, 0x01, 0xFE, 0xFE, 0xCD, 0x01, 0xFE, 0xFE, 0xCD, 0x01, 0xFE,
    0xFE, 0xCD, 0x01, 0xFE, 0xFE, 0xCD, 0x01, 0xFE, 0xFE, 0xCD, 0x01, 0xFE, 0xFE, 0xCD, 0x01, 0xFE,
    0xFE, 0xCD, 0x01, 0xFE, 0xFE, 0xCD, 0x01, 0xFE, 0xFE, 0xCD, 0x01, 0xFE, 0xFE, 0xCD, 0x01, 0xFE,
    0xFE, 0xCD, 0x01, 0xFE, 0xFE, 0xCD, 0x01, 0xFE, 0xFE, 0xCD, 0x01, 0xFE, 0xFE, 0xCD, 0x01, 0xFE,
    0xFE, 0xCD, 0x01, 0xFE, 0xFE, 0xCD, 0x01, 0xFE, 0xFE, 0xCD, 0x01, 0xFE, 0xFE, 0xCD, 0x01, 0xFE,
    0xFE, 0xCD, 0x01, 0xFE, 0xFE, 0xCD, 0x01, 0xFE, 0xFE, 0xCD, 0x01, 0xFE, 0xFE, 0xCD, 0x01, 0xFE,
    0xFE, 0xCD, 0x01, 0xFE, 0xFE, 0xCD, 0x01, 0xFE, 0xFE, 0xCD, 0x01, 0xFE, 0xFE, 0xCD, 0x01, 0xFE,
    0xFE, 0xCD, 0x01, 0xFE, 0xFE, 0xCD, 0x01, 0xFE, 0xFE, 0xCD, 0x01, 0xFE, 0xFE, 0xCD, 0x01, 0xFE,
    0xFE, 0xCD, 0x01, 0xFE, 0xFE, 0xCD, 0x01, 0xFE, 0xFE, 0xCD, 0x01, 0xFE, 0xFE, 0xCD, 0x01, 0xFE,
    0xFE, 0xCD, 0x01, 0xFE, 0xFE, 0xCD, 0x01, 0xFE, 0xFE, 0xCD, 0x01, 0xFE, 0xFE, 0xCD, 0x01, 0xFE,
    0xFE, 0xCD, 0x01, 0xFE, 0xFE, 0xCD, 0x01, 0xFE, 0xFE, 0xCD, 0x01, 0xFE, 0xFE, 0xCD, 0x01, 0xFE,
    0xFE, 0xCD, 0x01, 0xFE, 0xFE, 0xCD, 0x01, 0xFE, 0xFE, 0xCD, 0x01, 0xFE, 0xFE, 0xCD, 0x01, 0xFE,
    0xFE, 0xCD, 0x01, 0xFE, 0xFE, 0xCD, 0x01, 0xFE, 0xFE, 0xCD, 0x01, 0xFE, 0xFE, 0xCD, 0x01, 0xFE,
    0xFE, 0xCD, 0x01, 0xFE, 0xFE, 0xCD, 0x01, 0xFE, 0xFE, 0xCD, 0x01, 0xFE, 0xFE, 0xCD, 0x01, 0xFF,
    0xFE, 0xCD, 0x01, 0xFF, 0xFE, 0xCD, 0x01, 0xFF, 0xFE, 0xCD, 0x01, 0xFF, 0xFE, 0xCD, 0x01, 0xFF,
    0xFE, 0xCD, 0x01, 0xFF, 0xFE, 0xCD, 0x01, 0xFF, 0xFE, 0xCD, 0x01, 0xFF, 0xFE, 0xCD, 0x01, 0xFF,
    0xFE, 0xCD, 0x01, 0xFF, 0xFE, 0xCD, 0x01, 0xFF, 0xFE, 0xCD, 0x01, 0xFF, 0xFE, 0xCD, 0x01, 0xFF,
    0xFE, 0xCD, 0x01, 0xFF, 0xFE, 0xCD, 0x01, 0xFF, 0xFE, 0xCD, 0x01, 0xFF, 0xFE, 0xCD, 0x01, 0xFF,
    0xFE, 0xCD, 0x01, 0xFF, 0xFE, 0xCD, 0x01, 0xFF, 0xFE, 0xCD, 0x01, 0xFF, 0xFE, 0xCD, 0x01, 0xFF,
    0xFE, 0xCD, 0x01, 0xFF, 0xFE, 0xCD, 0x01, 0xFF, 0xFE, 0xCD, 0x01, 0xFF, 0xFE, 0xCD, 0x01, 0xFF,
    0xFE, 0xCD, 0x01, 0xFF, 0xFE, 0xCD, 0x01, 0xFF, 0xFE, 0xCD, 0x01, 0xFF, 0xFE, 0xCD, 0x01, 0xFF,
    0xFE, 0xCD, 0x01, 0xFF, 0x53, 0x42, 0x00, 0xFF, 0x3C, 0x30, 0x00, 0xFF, 0x0F, 0x0C, 0x00, 0xFF,
    0x00, 0x00, 0x00, 0xFF, 0x00, 0x00, 0x00, 0xFF, 0x00, 0x00, 0x00, 0xFF, 0x00, 0x00, 0x00, 0xFF,
    0x00, 0x00, 0x00, 0xFF, 0x00, 0x00, 0x00, 0xFF, 0x00, 0x00, 0x00, 0xFF, 0x00, 0x00, 0x00, 0xFF,
    0x00, 0x00, 0x00, 0xFF, 0x00, 0x00, 0x00, 0xC0, 0x00, 0x00, 0x00, 0x40, 0x00, 0x00, 0x00, 0x00,
    0x00, 0x00, 0x00, 0x00, 0x00, 0x00, 0x00, 0x00, 0x00, 0x00, 0x00, 0x00, 0x00, 0x00, 0x00, 0x00,
    0x00, 0x00, 0x00, 0x00, 0x00, 0x00, 0x00, 0x00, 0x00, 0x00, 0x00, 0x00, 0x00, 0x00, 0x00, 0x00,
    0x00, 0x00, 0x00, 0x00, 0x00, 0x00, 0x00, 0x00, 0x00, 0x00, 0x00, 0x00, 0x00, 0x00, 0x00, 0x00,
    0x00, 0x00, 0x00, 0x00, 0x00, 0x00, 0x00, 0x00, 0x00, 0x00, 0x00, 0x00, 0x00, 0x00, 0x00, 0x00,
    0x00, 0x00, 0x00, 0x00, 0x00, 0x00, 0x00, 0x00, 0x00, 0x00, 0x00, 0x00, 0x00, 0x00, 0x00, 0x00,
    0x00, 0x00, 0x00, 0x00, 0x00, 0x00, 0x00, 0x00, 0x00, 0x00, 0x00, 0x00, 0x00, 0x00, 0x00, 0x00,
    0x00, 0x00, 0x00, 0x00, 0x00, 0x00, 0x00, 0x00, 0x00, 0x00, 0x00, 0x00, 0x00, 0x00, 0x00, 0x00,
    0x00, 0x00, 0x00, 0x00, 0x00, 0x00, 0x00, 0x00, 0x00, 0x00, 0x00, 0x40, 0x00, 0x00, 0x00, 0xE2,
    0x00, 0x00, 0x00, 0xFF, 0x00, 0x00, 0x00, 0xFF, 0x00, 0x00, 0x00, 0xFF, 0x00, 0x00, 0x00, 0xFF,
    0x00, 0x00, 0x00, 0xFF, 0x00, 0x00, 0x00, 0xFF, 0x00, 0x00, 0x00, 0xFF, 0x00, 0x00, 0x00, 0xFF,
    0x5D, 0x1B, 0x0D, 0xFF, 0xAA, 0x32, 0x1B, 0xFF, 0xF7, 0x49, 0x29, 0xFF, 0xF7, 0x49, 0x29, 0xFF,
    0xF7, 0x49, 0x29, 0xFF, 0xF7, 0x49, 0x29, 0xFF, 0xF7, 0x49, 0x29, 0xFF, 0xF7, 0x49, 0x29, 0xFF,
    0xFF, 0x49, 0x29, 0xFF, 0xFF, 0x49, 0x29, 0xFF, 0xFF, 0x49, 0x29, 0xFF, 0xFF, 0x49, 0x29, 0xFF,
    0xF7, 0x45, 0x29, 0xFF, 0xF7, 0x45, 0x29, 0xFF, 0xF7, 0x45, 0x29, 0xFF, 0xAA, 0x2F, 0x1B, 0xFF,
    0x52, 0x17, 0x0D, 0xFF, 0x00, 0x00, 0x00, 0xFF, 0x00, 0x00, 0x00, 0xFF, 0x00, 0x00, 0x00, 0xFF,
    0x00, 0x00, 0x00, 0xFF, 0x00, 0x00, 0x00, 0xFF, 0x00, 0x00, 0x00, 0xFF, 0x00, 0x00, 0x00, 0xFF,
    0xBC, 0xA1, 0x2D, 0xFF, 0xFE, 0xCD, 0x01, 0xFF, 0xFE, 0xCD, 0x01, 0xFF, 0xFE, 0xCD, 0x01, 0xFF,
    0xFE, 0xCD, 0x01, 0xFF, 0xFE, 0xCD, 0x01, 0xFF, 0xFE, 0xCD, 0x01, 0xFF, 0xFE, 0xCD, 0x01, 0xFE,
    0xFE, 0xCD, 0x01, 0xFE, 0xFE, 0xCD, 0x01, 0xFE, 0xFE, 0xCD, 0x01, 0xFE, 0xFE, 0xCD, 0x01, 0xFE,
    0xFE, 0xCD, 0x01, 0xFE, 0xFE, 0xCD, 0x01, 0xFE, 0xFE, 0xCD, 0x01, 0xFE, 0xFE, 0xCD, 0x01, 0xFE,
    0xFE, 0xCD, 0x01, 0xFE, 0xFE, 0xCD, 0x01, 0xFE, 0xFE, 0xCD, 0x01, 0xFE, 0xFE, 0xCD, 0x01, 0xFE,
    0xFE, 0xCD, 0x01, 0xFE, 0xFE, 0xCD, 0x01, 0xFE, 0xFE, 0xCD, 0x01, 0xFE, 0xFE, 0xCD, 0x01, 0xFE,
    0xFE, 0xCD, 0x01, 0xFE, 0xFE, 0xCD, 0x01, 0xFE, 0xFE, 0xCD, 0x01, 0xFE, 0xFE, 0xCD, 0x01, 0xFE,
    0xFE, 0xCD, 0x01, 0xFE, 0xFE, 0xCD, 0x01, 0xFE, 0xFE, 0xCD, 0x01, 0xFE, 0xFE, 0xCD, 0x01, 0xFE,
    0xFE, 0xCD, 0x01, 0xFE, 0xFE, 0xCD, 0x01, 0xFE, 0xFE, 0xCD, 0x01, 0xFE, 0xFE, 0xCD, 0x01, 0xFE,
    0xFE, 0xCD, 0x01, 0xFE, 0xFE, 0xCD, 0x01, 0xFE, 0xFE, 0xCD, 0x01, 0xFE, 0xFE, 0xCD, 0x01, 0xFE,
    0xFE, 0xCD, 0x01, 0xFE, 0xFE, 0xCD, 0x01, 0xFE, 0xFE, 0xCD, 0x01, 0xFE, 0xFE, 0xCD, 0x01, 0xFE,
    0xFE, 0xCD, 0x01, 0xFE, 0xFE, 0xCD, 0x01, 0xFE, 0xFE, 0xCD, 0x01, 0xFE, 0xFE, 0xCD, 0x01, 0xFE,
    0xFE, 0xCD, 0x01, 0xFE, 0xFE, 0xCD, 0x01, 0xFE, 0xFE, 0xCD, 0x01, 0xFE, 0xFE, 0xCD, 0x01, 0xFE,
    0xFE, 0xCD, 0x01, 0xFE, 0xFE, 0xCD, 0x01, 0xFE, 0xFE, 0xCD, 0x01, 0xFE, 0xFE, 0xCD, 0x01, 0xFE,
    0xFE, 0xCD, 0x01, 0xFE, 0xFE, 0xCD, 0x01, 0xFE, 0xFE, 0xCD, 0x01, 0xFE, 0xFE, 0xCD, 0x01, 0xFE,
    0xFE, 0xCD, 0x01, 0xFE, 0xFE, 0xCD, 0x01, 0xFE, 0xFE, 0xCD, 0x01, 0xFE, 0xFE, 0xCD, 0x01, 0xFE,
    0xFE, 0xCD, 0x01, 0xFE, 0xFE, 0xCD, 0x01, 0xFE, 0xFE, 0xCD, 0x01, 0xFE, 0xFE, 0xCD, 0x01, 0xFE,
    0xFE, 0xCD, 0x01, 0xFE, 0xFE, 0xCD, 0x01, 0xFE, 0xFE, 0xCD, 0x01, 0xFE, 0xFE, 0xCD, 0x01, 0xFE,
    0xFE, 0xCD, 0x01, 0xFE, 0xFE, 0xCD, 0x01, 0xFE, 0xFE, 0xCD, 0x01, 0xFE, 0xFE, 0xCD, 0x01, 0xFE,
    0xFE, 0xCD, 0x01, 0xFE, 0xFE, 0xCD, 0x01, 0xFE, 0xFE, 0xCD, 0x01, 0xFE, 0xFE, 0xCD, 0x01, 0xFE,
    0xFE, 0xCD, 0x01, 0xFE, 0xFE, 0xCD, 0x01, 0xFE, 0xFE, 0xCD, 0x01, 0xFE, 0xFE, 0xCD, 0x01, 0xFE,
    0xFE, 0xCD, 0x01, 0xFE, 0xFE, 0xCD, 0x01, 0xFE, 0xFE, 0xCD, 0x01, 0xFE, 0xFE, 0xCD, 0x01, 0xFE,
    0xFE, 0xCD, 0x01, 0xFE, 0xFE, 0xCD, 0x01, 0xFE, 0xFE, 0xCD, 0x01, 0xFE, 0xFE, 0xCD, 0x01, 0xFE,
    0xFE, 0xCD, 0x01, 0xFE, 0xFE, 0xCD, 0x01, 0xFE, 0xFE, 0xCD, 0x01, 0xFE, 0xFE, 0xCD, 0x01, 0xFE,
    0xFE, 0xCD, 0x01, 0xFE, 0xFE, 0xCD, 0x01, 0xFE, 0xFE, 0xCD, 0x01, 0xFE, 0xFE, 0xCD, 0x01, 0xFE,
    0xFE, 0xCD, 0x01, 0xFE, 0xFE, 0xCD, 0x01, 0xFE, 0xFE, 0xCD, 0x01, 0xFE, 0xFE, 0xCD, 0x01, 0xFE,
    0xFE, 0xCD, 0x01, 0xFE, 0xFE, 0xCD, 0x01, 0xFE, 0xFE, 0xCD, 0x01, 0xFE, 0xFE, 0xCD, 0x01, 0xFE,
    0xFE, 0xCD, 0x01, 0xFE, 0xFE, 0xCD, 0x01, 0xFE, 0xFE, 0xCD, 0x01, 0xFE, 0xFE, 0xCD, 0x01, 0xFE,
    0xFE, 0xCD, 0x01, 0xFE, 0xFE, 0xCD, 0x01, 0xFE, 0xFE, 0xCD, 0x01, 0xFE, 0xFE, 0xCD, 0x01, 0xFE,
    0xFE, 0xCD, 0x01, 0xFE, 0xFE, 0xCD, 0x01, 0xFE, 0xFE, 0xCD, 0x01, 0xFE, 0xFE, 0xCD, 0x01, 0xFE,
    0xFE, 0xCD, 0x01, 0xFE, 0xFE, 0xCD, 0x01, 0xFE, 0xFE, 0xCD, 0x01, 0xFE, 0xFE, 0xCD, 0x01, 0xFE,
    0xFE, 0xCD, 0x01, 0xFE, 0xFE, 0xCD, 0x01, 0xFE, 0xFE, 0xCD, 0x01, 0xFE, 0xFE, 0xCD, 0x01, 0xFE,
    0xFE, 0xCD, 0x01, 0xFE, 0xFE, 0xCD, 0x01, 0xFE, 0xFE, 0xCD, 0x01, 0xFE, 0xFE, 0xCD, 0x01, 0xFE,
    0xFE, 0xCD, 0x01, 0xFE, 0xFE, 0xCD, 0x01, 0xFE, 0xFE, 0xCD, 0x01, 0xFE, 0xFE, 0xCD, 0x01, 0xFE,
    0xFE, 0xCD, 0x01, 0xFE, 0xFE, 0xCD, 0x01, 0xFE, 0xFE, 0xCD, 0x01, 0xFE, 0xFE, 0xCD, 0x01, 0xFE,
    0xFE, 0xCD, 0x01, 0xFE, 0xFE, 0xCD, 0x01, 0xFE, 0xFE, 0xCD, 0x01, 0xFE, 0xFE, 0xCD, 0x01, 0xFE,
    0xFE, 0xCD, 0x01, 0xFE, 0xFE, 0xCD, 0x01, 0xFE, 0xFE, 0xCD, 0x01, 0xFE, 0xFE, 0xCD, 0x01, 0xFE,
    0xFE, 0xCD, 0x01, 0xFE, 0xFE, 0xCD, 0x01, 0xFE, 0xFE, 0xCD, 0x01, 0xFE, 0xFE, 0xCD, 0x01, 0xFE,
    0xFE, 0xCD, 0x01, 0xFE, 0xFE, 0xCD, 0x01, 0xFE, 0xFE, 0xCD, 0x01, 0xFE, 0xFE, 0xCD, 0x01, 0xFE,
    0xFE, 0xCD, 0x01, 0xFE, 0xFE, 0xCD, 0x01, 0xFE, 0xFE, 0xCD, 0x01, 0xFE, 0xFE, 0xCD, 0x01, 0xFE,
    0xFE, 0xCD, 0x01, 0xFE, 0xFE, 0xCD, 0x01, 0xFE, 0xFE, 0xCD, 0x01, 0xFE, 0xFE, 0xCD, 0x01, 0xFF,
    0xFE, 0xCD, 0x01, 0xFF, 0xFE, 0xCD, 0x01, 0xFF, 0xFE, 0xCD, 0x01, 0xFF, 0xFE, 0xCD, 0x01, 0xFF,
    0xFE, 0xCD, 0x01, 0xFF, 0xFE, 0xCD, 0x01, 0xFF, 0xFE, 0xCD, 0x01, 0xFF, 0xFE, 0xCD, 0x01, 0xFF,
    0xFE, 0xCD, 0x01, 0xFF, 0xFE, 0xCD, 0x01, 0xFF, 0xFE, 0xCD, 0x01, 0xFF, 0xFE, 0xCD, 0x01, 0xFF,
    0xFE, 0xCD, 0x01, 0xFF, 0xFE, 0xCD, 0x01, 0xFF, 0xFE, 0xCD, 0x01, 0xFF, 0xFE, 0xCD, 0x01, 0xFF,
    0xFE, 0xCD, 0x01, 0xFF, 0xFE, 0xCD, 0x01, 0xFF, 0xFE, 0xCD, 0x01, 0xFF, 0xFE, 0xCD, 0x01, 0xFF,
    0xFE, 0xCD, 0x01, 0xFF, 0xFE, 0xCD, 0x01, 0xFF, 0xFE, 0xCD, 0x01, 0xFF, 0xFE, 0xCD, 0x01, 0xFF,
    0xFE, 0xCD, 0x01, 0xFF, 0xFE, 0xCD, 0x01, 0xFF, 0xFE, 0xCD, 0x01, 0xFF, 0xFE, 0xCD, 0x01, 0xFF,
    0xFE, 0xCD, 0x01, 0xFF, 0xFE, 0xCD, 0x01, 0xFF, 0xFE, 0xCD, 0x01, 0xFF, 0xFE, 0xCD, 0x01, 0xFF,
    0xFE, 0xCD, 0x01, 0xFF, 0x96, 0x78, 0x00, 0xFE, 0x3C, 0x30, 0x00, 0xFF, 0x0F, 0x0C, 0x00, 0xFF,
    0x00, 0x00, 0x00, 0xFF, 0x00, 0x00, 0x00, 0xFF, 0x00, 0x00, 0x00, 0xFF, 0x00, 0x00, 0x00, 0xFF,
    0x00, 0x00, 0x00, 0xFF, 0x00, 0x00, 0x00, 0xFF, 0x00, 0x00, 0x00, 0xFF, 0x00, 0x00, 0x00, 0x8C,
    0x00, 0x00, 0x00, 0x10, 0x00, 0x00, 0x00, 0x00, 0x00, 0x00, 0x00, 0x00, 0x00, 0x00, 0x00, 0x00,
    0x00, 0x00, 0x00, 0x00, 0x00, 0x00, 0x00, 0x00, 0x00, 0x00, 0x00, 0x00, 0x00, 0x00, 0x00, 0x00,
    0x00, 0x00, 0x00, 0x00, 0x00, 0x00, 0x00, 0x00, 0x00, 0x00, 0x00, 0x00, 0x00, 0x00, 0x00, 0x00,
    0x00, 0x00, 0x00, 0x00, 0x00, 0x00, 0x00, 0x00, 0x00, 0x00, 0x00, 0x00, 0x00, 0x00, 0x00, 0x00,
    0x00, 0x00, 0x00, 0x00, 0x00, 0x00, 0x00, 0x00, 0x00, 0x00, 0x00, 0x00, 0x00, 0x00, 0x00, 0x00,
    0x00, 0x00, 0x00, 0x00, 0x00, 0x00, 0x00, 0x00, 0x00, 0x00, 0x00, 0x00, 0x00, 0x00, 0x00, 0x00,
    0x00, 0x00, 0x00, 0x00, 0x00, 0x00, 0x00, 0x00, 0x00, 0x00, 0x00, 0x00, 0x00, 0x00, 0x00, 0x00,
    0x00, 0x00, 0x00, 0x00, 0x00, 0x00, 0x00, 0x80, 0x00, 0x00, 0x00, 0xFF, 0x00, 0x00, 0x00, 0xFF,
    0x00, 0x00, 0x00, 0xFF, 0x00, 0x00, 0x00, 0xFF, 0x00, 0x00, 0x00, 0xFF, 0x00, 0x00, 0x00, 0xFF,
    0x00, 0x00, 0x00, 0xFF, 0x52, 0x17, 0x0D, 0xFF, 0xA4, 0x2E, 0x1B, 0xFF, 0xF7, 0x45, 0x29, 0xFF,
    0xF7, 0x49, 0x29, 0xFF, 0xF7, 0x49, 0x29, 0xFF, 0xF7, 0x49, 0x29, 0xFF, 0xF7, 0x49, 0x29, 0xFF,
    0xF7, 0x49, 0x29, 0xFF, 0xF7, 0x49, 0x29, 0xFF, 0xF7, 0x49, 0x29, 0xFF, 0xF7, 0x49, 0x29, 0xFF,
    0xFF, 0x49, 0x29, 0xFF, 0xFF, 0x49, 0x29, 0xFF, 0xFF, 0x49, 0x29, 0xFF, 0xFF, 0x49, 0x29, 0xFF,
    0xF7, 0x45, 0x29, 0xFF, 0xF7, 0x45, 0x29, 0xFF, 0xF7, 0x45, 0x29, 0xFF, 0xF7, 0x45, 0x29, 0xFF,
    0xF7, 0x45, 0x29, 0xFF, 0xF7, 0x45, 0x29, 0xFF, 0xA4, 0x2E, 0x1B, 0xFF, 0x52, 0x17, 0x0D, 0xFF,
    0x00, 0x00, 0x00, 0xFF, 0x00, 0x00, 0x00, 0xFF, 0x00, 0x00, 0x00, 0xFF, 0x00, 0x00, 0x00, 0xFF,
    0x00, 0x00, 0x00, 0xFF, 0x0F, 0x0F, 0x0F, 0xFF, 0xFE, 0xCB, 0x01, 0xFF, 0xFE, 0xCD, 0x01, 0xFF,
    0xFE, 0xCD, 0x01, 0xFF, 0xFE, 0xCD, 0x01, 0xFF, 0xFE, 0xCD, 0x01, 0xFF, 0xFE, 0xCD, 0x01, 0xFF,
    0xFE, 0xCD, 0x01, 0xFE, 0xFE, 0xCD, 0x01, 0xFE, 0xFE, 0xCD, 0x01, 0xFE, 0xFE, 0xCD, 0x01, 0xFE,
    0xFE, 0xCD, 0x01, 0xFE, 0xFE, 0xCD, 0x01, 0xFE, 0xFE, 0xCD, 0x01, 0xFE, 0xFE, 0xCD, 0x01, 0xFE,
    0xFE, 0xCD, 0x01, 0xFE, 0xFE, 0xCD, 0x01, 0xFE, 0xFE, 0xCD, 0x01, 0xFE, 0xFE, 0xCD, 0x01, 0xFE,
    0xFE, 0xCD, 0x01, 0xFE, 0xFE, 0xCD, 0x01, 0xFE, 0xFE, 0xCD, 0x01, 0xFE, 0xFE, 0xCD, 0x01, 0xFE,
    0xFE, 0xCD, 0x01, 0xFE, 0xFE, 0xCD, 0x01, 0xFE, 0xFE, 0xCD, 0x01, 0xFE, 0xFE, 0xCD, 0x01, 0xFE,
    0xFE, 0xCD, 0x01, 0xFE, 0xFE, 0xCD, 0x01, 0xFE, 0xFE, 0xCD, 0x01, 0xFE, 0xFE, 0xCD, 0x01, 0xFE,
    0xFE, 0xCD, 0x01, 0xFE, 0xFE, 0xCD, 0x01, 0xFE, 0xFE, 0xCD, 0x01, 0xFE, 0xFE, 0xCD, 0x01, 0xFE,
    0xFE, 0xCD, 0x01, 0xFE, 0xFE, 0xCD, 0x01, 0xFE, 0xFE, 0xCD, 0x01, 0xFE, 0xFE, 0xCD, 0x01, 0xFE,
    0xFE, 0xCD, 0x01, 0xFE, 0xFE, 0xCD, 0x01, 0xFE, 0xFE, 0xCD, 0x01, 0xFE, 0xFE, 0xCD, 0x01, 0xFE,
    0xFE, 0xCD, 0x01, 0xFE, 0xFE, 0xCD, 0x01, 0xFE, 0xFE, 0xCD, 0x01, 0xFE, 0xFE, 0xCD, 0x01, 0xFE,
    0xFE, 0xCD, 0x01, 0xFE, 0xFE, 0xCD, 0x01, 0xFE, 0xFE, 0xCD, 0x01, 0xFE, 0xFE, 0xCD, 0x01, 0xFE,
    0xFE, 0xCD, 0x01, 0xFE, 0xFE, 0xCD, 0x01, 0xFE, 0xFE, 0xCD, 0x01, 0xFE, 0xFE, 0xCD, 0x01, 0xFE,
    0xFE, 0xCD, 0x01, 0xFE, 0xFE, 0xCD, 0x01, 0xFE, 0xFE, 0xCD, 0x01, 0xFE, 0xFE, 0xCD, 0x01, 0xFE,
    0xFE, 0xCD, 0x01, 0xFE, 0xFE, 0xCD, 0x01, 0xFE, 0xFE, 0xCD, 0x01, 0xFE, 0xFE, 0xCD, 0x01, 0xFE,
    0xFE, 0xCD, 0x01, 0xFE, 0xFE, 0xCD, 0x01, 0xFE, 0xFE, 0xCD, 0x01, 0xFE, 0xFE, 0xCD, 0x01, 0xFE,
    0xFE, 0xCD, 0x01, 0xFE, 0xFE, 0xCD, 0x01, 0xFE, 0xFE, 0xCD, 0x01, 0xFE, 0xFE, 0xCD, 0x01, 0xFE,
    0xFE, 0xCD, 0x01, 0xFE, 0xFE, 0xCD, 0x01, 0xFE, 0xFE, 0xCD, 0x01, 0xFE, 0xFE, 0xCD, 0x01, 0xFE,
    0xFE, 0xCD, 0x01, 0xFE, 0xFE, 0xCD, 0x01, 0xFE, 0xFE, 0xCD, 0x01, 0xFE, 0xFE, 0xCD, 0x01, 0xFE,
    0xFE, 0xCD, 0x01, 0xFE, 0xFE, 0xCD, 0x01, 0xFE, 0xFE, 0xCD, 0x01, 0xFE, 0xFE, 0xCD, 0x01, 0xFE,
    0xFE, 0xCD, 0x01, 0xFE, 0xFE, 0xCD, 0x01, 0xFE, 0xFE, 0xCD, 0x01, 0xFE, 0xFE, 0xCD, 0x01, 0xFE,
    0xFE, 0xCD, 0x01, 0xFE, 0xFE, 0xCD, 0x01, 0xFE, 0xFE, 0xCD, 0x01, 0xFE, 0xFE, 0xCD, 0x01, 0xFE,
    0xFE, 0xCD, 0x01, 0xFE, 0xFE, 0xCD, 0x01, 0xFE, 0xFE, 0xCD, 0x01, 0xFE, 0xFE, 0xCD, 0x01, 0xFE,
    0xFE, 0xCD, 0x01, 0xFE, 0xFE, 0xCD, 0x01, 0xFE, 0xFE, 0xCD, 0x01, 0xFE, 0xFE, 0xCD, 0x01, 0xFE,
    0xFE, 0xCD, 0x01, 0xFE, 0xFE, 0xCD, 0x01, 0xFE, 0xFE, 0xCD, 0x01, 0xFE, 0xFE, 0xCD, 0x01, 0xFE,
    0xFE, 0xCD, 0x01, 0xFE, 0xFE, 0xCD, 0x01, 0xFE, 0xFE, 0xCD, 0x01, 0xFE, 0xFE, 0xCD, 0x01, 0xFE,
    0xFE, 0xCD, 0x01, 0xFE, 0xFE, 0xCD, 0x01, 0xFE, 0xFE, 0xCD, 0x01, 0xFE, 0xFE, 0xCD, 0x01, 0xFE,
    0xFE, 0xCD, 0x01, 0xFE, 0xFE, 0xCD, 0x01, 0xFE, 0xFE, 0xCD, 0x01, 0xFE, 0xFE, 0xCD, 0x01, 0xFE,
    0xFE, 0xCD, 0x01, 0xFE, 0xFE, 0xCD, 0x01, 0xFE, 0xFE, 0xCD, 0x01, 0xFE, 0xFE, 0xCD, 0x01, 0xFE,
    0xFE, 0xCD, 0x01, 0xFE, 0xFE, 0xCD, 0x01, 0xFE, 0xFE, 0xCD, 0x01, 0xFE, 0xFE, 0xCD, 0x01, 0xFE,
    0xFE, 0xCD, 0x01, 0xFE, 0xFE, 0xCD, 0x01, 0xFE, 0xFE, 0xCD, 0x01, 0xFE, 0xFE, 0xCD, 0x01, 0xFE,
    0xFE, 0xCD, 0x01, 0xFE, 0xFE, 0xCD, 0x01, 0xFE, 0xFE, 0xCD, 0x01, 0xFE, 0xFE, 0xCD, 0x01, 0xFE,
    0xFE, 0xCD, 0x01, 0xFE, 0xFE, 0xCD, 0x01, 0xFE, 0xFE, 0xCD, 0x01, 0xFE, 0xFE, 0xCD, 0x01, 0xFE,
    0xFE, 0xCD, 0x01, 0xFE, 0xFE, 0xCD, 0x01, 0xFE, 0xFE, 0xCD, 0x01, 0xFE, 0xFE, 0xCD, 0x01, 0xFE,
    0xFE, 0xCD, 0x01, 0xFE, 0xFE, 0xCD, 0x01, 0xFE, 0xFE, 0xCD, 0x01, 0xFE, 0xFE, 0xCD, 0x01, 0xFE,
    0xFE, 0xCD, 0x01, 0xFE, 0xFE, 0xCD, 0x01, 0xFE, 0xFE, 0xCD, 0x01, 0xFE, 0xFE, 0xCD, 0x01, 0xFE,
    0xFE, 0xCD, 0x01, 0xFE, 0xFE, 0xCD, 0x01, 0xFE, 0xFE, 0xCD, 0x01, 0xFE, 0xFE, 0xCD, 0x01, 0xFE,
    0xFE, 0xCD, 0x01, 0xFE, 0xFE, 0xCD, 0x01, 0xFE, 0xFE, 0xCD, 0x01, 0xFE, 0xFE, 0xCD, 0x01, 0xFE,
    0xFE, 0xCD, 0x01, 0xFE, 0xFE, 0xCD, 0x01, 0xFE, 0xFE, 0xCD, 0x01, 0xFE, 0xFE, 0xCD, 0x01, 0xFE,
    0xFE, 0xCD, 0x01, 0xFE, 0xFE, 0xCD, 0x01, 0xFE, 0xFE, 0xCD, 0x01, 0xFE, 0xFE, 0xCD, 0x01, 0xFF,
    0xFE, 0xCD, 0x01, 0xFF, 0xFE, 0xCD, 0x01, 0xFF, 0xFE, 0xCD, 0x01, 0xFF, 0xFE, 0xCD, 0x01, 0xFF,
    0xFE, 0xCD, 0x01, 0xFF, 0xFE, 0xCD, 0x01, 0xFF, 0xFE, 0xCD, 0x01, 0xFF, 0xFE, 0xCD, 0x01, 0xFF,
    0xFE, 0xCD, 0x01, 0xFF, 0xFE, 0xCD, 0x01, 0xFF, 0xFE, 0xCD, 0x01, 0xFF, 0xFE, 0xCD, 0x01, 0xFF,
    0xFE, 0xCD, 0x01, 0xFF, 0xFE, 0xCD, 0x01, 0xFF, 0xFE, 0xCD, 0x01, 0xFF, 0xFE, 0xCD, 0x01, 0xFF,
    0xFE, 0xCD, 0x01, 0xFF, 0xFE, 0xCD, 0x01, 0xFF, 0xFE, 0xCD, 0x01, 0xFF, 0xFE, 0xCD, 0x01, 0xFF,
    0xFE, 0xCD, 0x01, 0xFF, 0xFE, 0xCD, 0x01, 0xFF, 0xFE, 0xCD, 0x01, 0xFF, 0xFE, 0xCD, 0x01, 0xFF,
    0xFE, 0xCD, 0x01, 0xFF, 0xFE, 0xCD, 0x01, 0xFF, 0xFE, 0xCD, 0x01, 0xFF, 0xFE, 0xCD, 0x01, 0xFF,
    0xFE, 0xCD, 0x01, 0xFF, 0xFE, 0xCD, 0x01, 0xFF, 0xFE, 0xCD, 0x01, 0xFF, 0xFE, 0xCD, 0x01, 0xFF,
    0xFE, 0xCD, 0x01, 0xFF, 0xFE, 0xCD, 0x01, 0xFF, 0xFE, 0xCD, 0x01, 0xFF, 0xFE, 0xCD, 0x01, 0xFF,
    0x9F, 0x7F, 0x00, 0xFE, 0x2E, 0x25, 0x00, 0xFF, 0x00, 0x00, 0x00, 0xFF, 0x00, 0x00, 0x00, 0xFF,
    0x00, 0x00, 0x00, 0xFF, 0x00, 0x00, 0x00, 0xFF, 0x00, 0x00, 0x00, 0xFF, 0x00, 0x00, 0x00, 0xFF,
    0x00, 0x00, 0x00, 0xD0, 0x00, 0x00, 0x00, 0x36, 0x00, 0x00, 0x00, 0x00, 0x00, 0x00, 0x00, 0x00,
    0x00, 0x00, 0x00, 0x00, 0x00, 0x00, 0x00, 0x00, 0x00, 0x00, 0x00, 0x00, 0x00, 0x00, 0x00, 0x00,
    0x00, 0x00, 0x00, 0x00, 0x00, 0x00, 0x00, 0x00, 0x00, 0x00, 0x00, 0x00, 0x00, 0x00, 0x00, 0x00,
    0x00, 0x00, 0x00, 0x00, 0x00, 0x00, 0x00, 0x00, 0x00, 0x00, 0x00, 0x00, 0x00, 0x00, 0x00, 0x00,
    0x00, 0x00, 0x00, 0x00, 0x00, 0x00, 0x00, 0x00, 0x00, 0x00, 0x00, 0x00, 0x00, 0x00, 0x00, 0x00,
    0x00, 0x00, 0x00, 0x00, 0x00, 0x00, 0x00, 0x00, 0x00, 0x00, 0x00, 0x00, 0x00, 0x00, 0x00, 0x00,
    0x00, 0x00, 0x00, 0x00, 0x00, 0x00, 0x00, 0x00, 0x00, 0x00, 0x00, 0x00, 0x00, 0x00, 0x00, 0x10,
    0x00, 0x00, 0x00, 0xA3, 0x00, 0x00, 0x00, 0xFF, 0x00, 0x00, 0x00, 0xFF, 0x00, 0x00, 0x00, 0xFF,
    0x00, 0x00, 0x00, 0xFF, 0x00, 0x00, 0x00, 0xFF, 0x00, 0x00, 0x00, 0xFF, 0x4F, 0x17, 0x0D, 0xFF,
    0xB7, 0x36, 0x1E, 0xFF, 0xF7, 0x49, 0x29, 0xFF, 0xF7, 0x49, 0x29, 0xFF, 0xF7, 0x49, 0x29, 0xFF,
    0xF9, 0x47, 0x28, 0xFF, 0xF9, 0x47, 0x28, 0xFF, 0xF9, 0x47, 0x28, 0xFF, 0xF9, 0x47, 0x28, 0xFF,
    0xF9, 0x47, 0x28, 0xFF, 0xF9, 0x47, 0x28, 0xFF, 0xF9, 0x47, 0x28, 0xFF, 0xF9, 0x47, 0x28, 0xFF,
    0xF9, 0x47, 0x28, 0xFF, 0xF9, 0x47, 0x28, 0xFF, 0xF9, 0x47, 0x28, 0xFF, 0xF9, 0x47, 0x28, 0xFF,
    0xF9, 0x47, 0x28, 0xFF, 0xF9, 0x47, 0x28, 0xFF, 0xF9, 0x47, 0x28, 0xFF, 0xF9, 0x47, 0x28, 0xFF,
    0xF9, 0x47, 0x28, 0xFF, 0xF9, 0x47, 0x28, 0xFF, 0xF9, 0x47, 0x28, 0xFF, 0xF9, 0x47, 0x28, 0xFF,
    0xA4, 0x2E, 0x1B, 0xFF, 0x52, 0x17, 0x0D, 0xFF, 0x00, 0x00, 0x00, 0xFF, 0x00, 0x00, 0x00, 0xFF,
    0x00, 0x00, 0x00, 0xFF, 0x00, 0x00, 0x00, 0xFF, 0x00, 0x00, 0x00, 0xFF, 0xC6, 0xAA, 0x37, 0xFF,
    0xFE, 0xCD, 0x01, 0xFF, 0xFE, 0xCD, 0x01, 0xFF, 0xFE, 0xCD, 0x01, 0xFF, 0xFE, 0xCD, 0x01, 0xFF,
    0xFE, 0xCD, 0x01, 0xFF, 0xFE, 0xCD, 0x01, 0xFE, 0xFE, 0xCD, 0x01, 0xFE, 0xFE, 0xCD, 0x01, 0xFE,
    0xFE, 0xCD, 0x01, 0xFE, 0xFE, 0xCD, 0x01, 0xFE, 0xFE, 0xCD, 0x01, 0xFE, 0xFE, 0xCD, 0x01, 0xFE,
    0xFE, 0xCD, 0x01, 0xFE, 0xFE, 0xCD, 0x01, 0xFE, 0xFE, 0xCD, 0x01, 0xFE, 0xFE, 0xCD, 0x01, 0xFE,
    0xFE, 0xCD, 0x01, 0xFE, 0xFE, 0xCD, 0x01, 0xFE, 0xFE, 0xCD, 0x01, 0xFE, 0xFE, 0xCD, 0x01, 0xFE,
    0xFE, 0xCD, 0x01, 0xFE, 0xFE, 0xCD, 0x01, 0xFE, 0xFE, 0xCD, 0x01, 0xFE, 0xFE, 0xCD, 0x01, 0xFE,
    0xFE, 0xCD, 0x01, 0xFE, 0xFE, 0xCD, 0x01, 0xFE, 0xFE, 0xCD, 0x01, 0xFE, 0xFE, 0xCD, 0x01, 0xFE,
    0xFE, 0xCD, 0x01, 0xFE, 0xFE, 0xCD, 0x01, 0xFE, 0xFE, 0xCD, 0x01, 0xFE, 0xFE, 0xCD, 0x01, 0xFE,
    0xFE, 0xCD, 0x01, 0xFE, 0xFE, 0xCD, 0x01, 0xFE, 0xFE, 0xCD, 0x01, 0xFE, 0xFE, 0xCD, 0x01, 0xFE,
    0xFE, 0xCD, 0x01, 0xFE, 0xFE, 0xCD, 0x01, 0xFE, 0xFE, 0xCD, 0x01, 0xFE, 0xFE, 0xCD, 0x01, 0xFE,
    0xFE, 0xCD, 0x01, 0xFE, 0xFE, 0xCD, 0x01, 0xFE, 0xFE, 0xCD, 0x01, 0xFE, 0xFE, 0xCD, 0x01, 0xFE,
    0xFE, 0xCD, 0x01, 0xFE, 0xFE, 0xCD, 0x01, 0xFE, 0xFE, 0xCD, 0x01, 0xFE, 0xFE, 0xCD, 0x01, 0xFE,
    0xFE, 0xCD, 0x01, 0xFE, 0xFE, 0xCD, 0x01, 0xFE, 0xFE, 0xCD, 0x01, 0xFE, 0xFE, 0xCD, 0x01, 0xFE,
    0xFE, 0xCD, 0x01, 0xFE, 0xFE, 0xCD, 0x01, 0xFE, 0xFE, 0xCD, 0x01, 0xFE, 0xFE, 0xCD, 0x01, 0xFE,
    0xFE, 0xCD, 0x01, 0xFE, 0xFE, 0xCD, 0x01, 0xFE, 0xFE, 0xCD, 0x01, 0xFE, 0xFE, 0xCD, 0x01, 0xFE,
    0xFE, 0xCD, 0x01, 0xFE, 0xFE, 0xCD, 0x01, 0xFE, 0xFE, 0xCD, 0x01, 0xFE, 0xFE, 0xCD, 0x01, 0xFE,
    0xFE, 0xCD, 0x01, 0xFE, 0xFE, 0xCD, 0x01, 0xFE, 0xFE, 0xCD, 0x01, 0xFE, 0xFE, 0xCD, 0x01, 0xFE,
    0xFE, 0xCD, 0x01, 0xFE, 0xFE, 0xCD, 0x01, 0xFE, 0xFE, 0xCD, 0x01, 0xFE, 0xFE, 0xCD, 0x01, 0xFE,
    0xFE, 0xCD, 0x01, 0xFE, 0xFE, 0xCD, 0x01, 0xFE, 0xFE, 0xCD, 0x01, 0xFE, 0xFE, 0xCD, 0x01, 0xFE,
    0xFE, 0xCD, 0x01, 0xFE, 0xFE, 0xCD, 0x01, 0xFE, 0xFE, 0xCD, 0x01, 0xFE, 0xFE, 0xCD, 0x01, 0xFE,
    0xFE, 0xCD, 0x01, 0xFE, 0xFE, 0xCD, 0x01, 0xFE, 0xFE, 0xCD, 0x01, 0xFE, 0xFE, 0xCD, 0x01, 0xFE,
    0xFE, 0xCD, 0x01, 0xFE, 0xFE, 0xCD, 0x01, 0xFE, 0xFE, 0xCD, 0x01, 0xFE, 0xFE, 0xCD, 0x01, 0xFE,
    0xFE, 0xCD, 0x01, 0xFE, 0xFE, 0xCD, 0x01, 0xFE, 0xFE, 0xCD, 0x01, 0xFE, 0xFE, 0xCD, 0x01, 0xFE,
    0xFE, 0xCD, 0x01, 0xFE, 0xFE, 0xCD, 0x01, 0xFE, 0xFE, 0xCD, 0x01, 0xFE, 0xFE, 0xCD, 0x01, 0xFE,
    0xFE, 0xCD, 0x01, 0xFE, 0xFE, 0xCD, 0x01, 0xFE, 0xFE, 0xCD, 0x01, 0xFE, 0xFE, 0xCD, 0x01, 0xFE,
    0xFE, 0xCD, 0x01, 0xFE, 0xFE, 0xCD, 0x01, 0xFE, 0xFE, 0xCD, 0x01, 0xFE, 0xFE, 0xCD, 0x01, 0xFE,
    0xFE, 0xCD, 0x01, 0xFE, 0xFE, 0xCD, 0x01, 0xFE, 0xFE, 0xCD, 0x01, 0xFE, 0xFE, 0xCD, 0x01, 0xFE,
    0xFE, 0xCD, 0x01, 0xFE, 0xFE, 0xCD, 0x01, 0xFE, 0xFE, 0xCD, 0x01, 0xFE, 0xFE, 0xCD, 0x01, 0xFE,
    0xFE, 0xCD, 0x01, 0xFE, 0xFE, 0xCD, 0x01, 0xFE, 0xFE, 0xCD, 0x01, 0xFE, 0xFE, 0xCD, 0x01, 0xFE,
    0xFE, 0xCD, 0x01, 0xFE, 0xFE, 0xCD, 0x01, 0xFE, 0xFE, 0xCD, 0x01, 0xFE, 0xFE, 0xCD, 0x01, 0xFE,
    0xFE, 0xCD, 0x01, 0xFE, 0xFE, 0xCD, 0x01, 0xFE, 0xFE, 0xCD, 0x01, 0xFE, 0xFE, 0xCD, 0x01, 0xFE,
    0xFE, 0xCD, 0x01, 0xFE, 0xFE, 0xCD, 0x01, 0xFE, 0xFE, 0xCD, 0x01, 0xFE, 0xFE, 0xCD, 0x01, 0xFE,
    0xFE, 0xCD, 0x01, 0xFE, 0xFE, 0xCD, 0x01, 0xFE, 0xFE, 0xCD, 0x01, 0xFE, 0xFE, 0xCD, 0x01, 0xFE,
    0xFE, 0xCD, 0x01, 0xFE, 0xFE, 0xCD, 0x01, 0xFE, 0xFE, 0xCD, 0x01, 0xFE, 0xFE, 0xCD, 0x01, 0xFE,
    0xFE, 0xCD, 0x01, 0xFE, 0xFE, 0xCD, 0x01, 0xFE, 0xFE, 0xCD, 0x01, 0xFE, 0xFE, 0xCD, 0x01, 0xFE,
    0xFE, 0xCD, 0x01, 0xFE, 0xFE, 0xCD, 0x01, 0xFE, 0xFE, 0xCD, 0x01, 0xFE, 0xFE, 0xCD, 0x01, 0xFE,
    0xFE, 0xCD, 0x01, 0xFE, 0xFE, 0xCD, 0x01, 0xFE, 0xFE, 0xCD, 0x01, 0xFE, 0xFE, 0xCD, 0x01, 0xFE,
    0xFE, 0xCD, 0x01, 0xFE, 0xFE, 0xCD, 0x01, 0xFE, 0xFE, 0xCD, 0x01, 0xFE, 0xFE, 0xCD, 0x01, 0xFE,
    0xFE, 0xCD, 0x01, 0xFE, 0xFE, 0xCD, 0x01, 0xFE, 0xFE, 0xCD, 0x01, 0xFE, 0xFE, 0xCD, 0x01, 0xFE,
    0xFE, 0xCD, 0x01, 0xFE, 0xFE, 0xCD, 0x01, 0xFE, 0xFE, 0xCD, 0x01, 0xFE, 0xFE, 0xCD, 0x01, 0xFF,
    0xFE, 0xCD, 0x01, 0xFF, 0xFE, 0xCD, 0x01, 0xFF, 0xFE, 0xCD, 0x01, 0xFF, 0xFE, 0xCD, 0x01, 0xFF,
    0xFE, 0xCD, 0x01, 0xFF, 0xFE, 0xCD, 0x01, 0xFF, 0xFE, 0xCD, 0x01, 0xFF, 0xFE, 0xCD, 0x01, 0xFF,
    0xFE, 0xCD, 0x01, 0xFF, 0xFE, 0xCD, 0x01, 0xFF, 0xFE, 0xCD, 0x01, 0xFF, 0xFE, 0xCD, 0x01, 0xFF,
    0xFE, 0xCD, 0x01, 0xFF, 0xFE, 0xCD, 0x01, 0xFF, 0xFE, 0xCD, 0x01, 0xFF, 0xFE, 0xCD, 0x01, 0xFF,
    0xFE, 0xCD, 0x01, 0xFF, 0xFE, 0xCD, 0x01, 0xFF, 0xFE, 0xCD, 0x01, 0xFF, 0xFE, 0xCD, 0x01, 0xFF,
    0xFE, 0xCD, 0x01, 0xFF, 0xFE, 0xCD, 0x01, 0xFF, 0xFE, 0xCD, 0x01, 0xFF, 0xFE, 0xCD, 0x01, 0xFF,
    0xFE, 0xCD, 0x01, 0xFF, 0xFE, 0xCD, 0x01, 0xFF, 0xFE, 0xCD, 0x01, 0xFF, 0xFE, 0xCD, 0x01, 0xFF,
    0xFE, 0xCD, 0x01, 0xFF, 0xFE, 0xCD, 0x01, 0xFF, 0xFE, 0xCD, 0x01, 0xFF, 0xFE, 0xCD, 0x01, 0xFF,
    0xFE, 0xCD, 0x01, 0xFF, 0xFE, 0xCD, 0x01, 0xFF, 0xFE, 0xCD, 0x01, 0xFF, 0xFE, 0xCD, 0x01, 0xFF,
    0xFE, 0xCD, 0x01, 0xFF, 0xFE, 0xCD, 0x01, 0xFF, 0xBF, 0x99, 0x00, 0xFE, 0x2F, 0x25, 0x00, 0xFF,
    0x00, 0x00, 0x00, 0xFF, 0x00, 0x00, 0x00, 0xFF, 0x00, 0x00, 0x00, 0xFF, 0x00, 0x00, 0x00, 0xFF,
    0x00, 0x00, 0x00, 0xFF, 0x00, 0x00, 0x00, 0xF0, 0x00, 0x00, 0x00, 0x60, 0x00, 0x00, 0x00, 0x00,
    0x00, 0x00, 0x00, 0x00, 0x00, 0x00, 0x00, 0x00, 0x00, 0x00, 0x00, 0x00, 0x00, 0x00, 0x00, 0x00,
    0x00, 0x00, 0x00, 0x00, 0x00, 0x00, 0x00, 0x00, 0x00, 0x00, 0x00, 0x00, 0x00, 0x00, 0x00, 0x00,
    0x00, 0x00, 0x00, 0x00, 0x00, 0x00, 0x00, 0x00, 0x00, 0x00, 0x00, 0x00, 0x00, 0x00, 0x00, 0x00,
    0x00, 0x00, 0x00, 0x00, 0x00, 0x00, 0x00, 0x00, 0x00, 0x00, 0x00, 0x00, 0x00, 0x00, 0x00, 0x00,
    0x00, 0x00, 0x00, 0x00, 0x00, 0x00, 0x00, 0x00, 0x00, 0x00, 0x00, 0x00, 0x00, 0x00, 0x00, 0x00,
    0x00, 0x00, 0x00, 0x00, 0x00, 0x00, 0x00, 0x00, 0x00, 0x00, 0x00, 0x10, 0x00, 0x00, 0x00, 0xD3,
    0x00, 0x00, 0x00, 0xFF, 0x00, 0x00, 0x00, 0xFF, 0x00, 0x00, 0x00, 0xFF, 0x00, 0x00, 0x00, 0xFF,
    0x00, 0x00, 0x00, 0xFF, 0x00, 0x00, 0x00, 0xFF, 0x9F, 0x2E, 0x1B, 0xFF, 0xEF, 0x45, 0x29, 0xFF,
    0xF7, 0x49, 0x29, 0xFF, 0xF7, 0x49, 0x29, 0xFF, 0xF7, 0x49, 0x29, 0xFF, 0xF7, 0x49, 0x29, 0xFF,
    0xF9, 0x47, 0x28, 0xFF, 0xF9, 0x47, 0x28, 0xFF, 0xF9, 0x47, 0x28, 0xFF, 0xF9, 0x47, 0x28, 0xFF,
    0xF9, 0x47, 0x28, 0xFF, 0xF9, 0x47, 0x28, 0xFF, 0xF9, 0x47, 0x28, 0xFF, 0xF9, 0x47, 0x28, 0xFF,
    0xF9, 0x47, 0x28, 0xFF, 0xF9, 0x47, 0x28, 0xFF, 0xF9, 0x47, 0x28, 0xFF, 0xF9, 0x47, 0x28, 0xFF,
    0xF9, 0x47, 0x28, 0xFF, 0xF9, 0x47, 0x28, 0xFF, 0xF9, 0x47, 0x28, 0xFF, 0xF9, 0x47, 0x28, 0xFF,
    0xF9, 0x47, 0x28, 0xFF, 0xF9, 0x47, 0x28, 0xFF, 0xF9, 0x47, 0x28, 0xFF, 0xF9, 0x47, 0x28, 0xFF,
    0xF7, 0x45, 0x29, 0xFF, 0xF7, 0x45, 0x29, 0xFF, 0xA4, 0x2E, 0x1B, 0xFF, 0x00, 0x00, 0x00, 0xFF,
    0x00, 0x00, 0x00, 0xFF, 0x00, 0x00, 0x00, 0xFF, 0x00, 0x00, 0x00, 0xFF, 0x00, 0x00, 0x00, 0xFF,
    0x94, 0x84, 0x3E, 0xFF, 0xFE, 0xCD, 0x01, 0xFF, 0xFE, 0xCD, 0x01, 0xFF, 0xFE, 0xCD, 0x01, 0xFF,
    0xFE, 0xCD, 0x01, 0xFF, 0xFE, 0xCD, 0x01, 0xFF, 0xFE, 0xCD, 0x01, 0xFE, 0xFE, 0xCD, 0x01, 0xFE,
    0xFE, 0xCD, 0x01, 0xFE, 0xFE, 0xCD, 0x01, 0xFE, 0xFE, 0xCD, 0x01, 0xFE, 0xFE, 0xCD, 0x01, 0xFE,
    0xFE, 0xCD, 0x01, 0xFE, 0xFE, 0xCD, 0x01, 0xFE, 0xFE, 0xCD, 0x01, 0xFE, 0xFE, 0xCD, 0x01, 0xFE,
    0xFE, 0xCD, 0x01, 0xFE, 0xFE, 0xCD, 0x01, 0xFE, 0xFE, 0xCD, 0x01, 0xFE, 0xFE, 0xCD, 0x01, 0xFE,
    0xFE, 0xCD, 0x01, 0xFE, 0xFE, 0xCD, 0x01, 0xFE, 0xFE, 0xCD, 0x01, 0xFE, 0xFE, 0xCD, 0x01, 0xFE,
    0xFE, 0xCD, 0x01, 0xFE, 0xFE, 0xCD, 0x01, 0xFE, 0xFE, 0xCD, 0x01, 0xFE, 0xFE, 0xCD, 0x01, 0xFE,
    0xFE, 0xCD, 0x01, 0xFE, 0xFE, 0xCD, 0x01, 0xFE, 0xFE, 0xCD, 0x01, 0xFE, 0xFE, 0xCD, 0x01, 0xFE,
    0xFE, 0xCD, 0x01, 0xFE, 0xFE, 0xCD, 0x01, 0xFE, 0xFE, 0xCD, 0x01, 0xFE, 0xFE, 0xCD, 0x01, 0xFE,
    0xFE, 0xCD, 0x01, 0xFE, 0xFE, 0xCD, 0x01, 0xFE, 0xFE, 0xCD, 0x01, 0xFE, 0xFE, 0xCD, 0x01, 0xFE,
    0xFE, 0xCD, 0x01, 0xFE, 0xFE, 0xCD, 0x01, 0xFE, 0xFE, 0xCD, 0x01, 0xFE, 0xFE, 0xCD, 0x01, 0xFE,
    0xFE, 0xCD, 0x01, 0xFE, 0xFE, 0xCD, 0x01, 0xFE, 0xFE, 0xCD, 0x01, 0xFE, 0xFE, 0xCD, 0x01, 0xFE,
    0xFE, 0xCD, 0x01, 0xFE, 0xFE, 0xCD, 0x01, 0xFE, 0xFE, 0xCD, 0x01, 0xFE, 0xFE, 0xCD, 0x01, 0xFE,
    0xFE, 0xCD, 0x01, 0xFE, 0xFE, 0xCD, 0x01, 0xFE, 0xFE, 0xCD, 0x01, 0xFE, 0xFE, 0xCD, 0x01, 0xFE,
    0xFE, 0xCD, 0x01, 0xFE, 0xFE, 0xCD, 0x01, 0xFE, 0xFE, 0xCD, 0x01, 0xFE, 0xFE, 0xCD, 0x01, 0xFE,
    0xFE, 0xCD, 0x01, 0xFE, 0xFE, 0xCD, 0x01, 0xFE, 0xFE, 0xCD, 0x01, 0xFE, 0xFE, 0xCD, 0x01, 0xFE,
    0xFE, 0xCD, 0x01, 0xFE, 0xFE, 0xCD, 0x01, 0xFE, 0xFE, 0xCD, 0x01, 0xFE, 0xFE, 0xCD, 0x01, 0xFE,
    0xFE, 0xCD, 0x01, 0xFE, 0xFE, 0xCD, 0x01, 0xFE, 0xFE, 0xCD, 0x01, 0xFE, 0xFE, 0xCD, 0x01, 0xFE,
    0xFE, 0xCD, 0x01, 0xFE, 0xFE, 0xCD, 0x01, 0xFE, 0xFE, 0xCD, 0x01, 0xFE, 0xFE, 0xCD, 0x01, 0xFE,
    0xFE, 0xCD, 0x01, 0xFE, 0xFE, 0xCD, 0x01, 0xFE, 0xFE, 0xCD, 0x01, 0xFE, 0xFE, 0xCD, 0x01, 0xFE,
    0xFE, 0xCD, 0x01, 0xFE, 0xFE, 0xCD, 0x01, 0xFE, 0xFE, 0xCD, 0x01, 0xFE, 0xFE, 0xCD, 0x01, 0xFE,
    0xFE, 0xCD, 0x01, 0xFE, 0xFE, 0xCD, 0x01, 0xFE, 0xFE, 0xCD, 0x01, 0xFE, 0xFE, 0xCD, 0x01, 0xFE,
    0xFE, 0xCD, 0x01, 0xFE, 0xFE, 0xCD, 0x01, 0xFE, 0xFE, 0xCD, 0x01, 0xFE, 0xFE, 0xCD, 0x01, 0xFE,
    0xFE, 0xCD, 0x01, 0xFE, 0xFE, 0xCD, 0x01, 0xFE, 0xFE, 0xCD, 0x01, 0xFE, 0xFE, 0xCD, 0x01, 0xFE,
    0xFE, 0xCD, 0x01, 0xFE, 0xFE, 0xCD, 0x01, 0xFE, 0xFE, 0xCD, 0x01, 0xFE, 0xFE, 0xCD, 0x01, 0xFE,
    0xFE, 0xCD, 0x01, 0xFE, 0xFE, 0xCD, 0x01, 0xFE, 0xFE, 0xCD, 0x01, 0xFE, 0xFE, 0xCD, 0x01, 0xFE,
    0xFE, 0xCD, 0x01, 0xFE, 0xFE, 0xCD, 0x01, 0xFE, 0xFE, 0xCD, 0x01, 0xFE, 0xFE, 0xCD, 0x01, 0xFE,
    0xFE, 0xCD, 0x01, 0xFE, 0xFE, 0xCD, 0x01, 0xFE, 0xFE, 0xCD, 0x01, 0xFE, 0xFE, 0xCD, 0x01, 0xFE,
    0xFE, 0xCD, 0x01, 0xFE, 0xFE, 0xCD, 0x01, 0xFE, 0xFE, 0xCD, 0x01, 0xFE, 0xFE, 0xCD, 0x01, 0xFE,
    0xFE, 0xCD, 0x01, 0xFE, 0xFE, 0xCD, 0x01, 0xFE, 0xFE, 0xCD, 0x01, 0xFE, 0xFE, 0xCD, 0x01, 0xFE,
    0xFE, 0xCD, 0x01, 0xFE, 0xFE, 0xCD, 0x01, 0xFE, 0xFE, 0xCD, 0x01, 0xFE, 0xFE, 0xCD, 0x01, 0xFE,
    0xFE, 0xCD, 0x01, 0xFE, 0xFE, 0xCD, 0x01, 0xFE, 0xFE, 0xCD, 0x01, 0xFE, 0xFE, 0xCD, 0x01, 0xFE,
    0xFE, 0xCD, 0x01, 0xFE, 0xFE, 0xCD, 0x01, 0xFE, 0xFE, 0xCD, 0x01, 0xFE, 0xFE, 0xCD, 0x01, 0xFE,
    0xFE, 0xCD, 0x01, 0xFE, 0xFE, 0xCD, 0x01, 0xFE, 0xFE, 0xCD, 0x01, 0xFE, 0xFE, 0xCD, 0x01, 0xFE,
    0xFE, 0xCD, 0x01, 0xFE, 0xFE, 0xCD, 0x01, 0xFE, 0xFE, 0xCD, 0x01, 0xFE, 0xFE, 0xCD, 0x01, 0xFE,
    0xFE, 0xCD, 0x01, 0xFE, 0xFE, 0xCD, 0x01, 0xFE, 0xFE, 0xCD, 0x01, 0xFE, 0xFE, 0xCD, 0x01, 0xFE,
    0xFE, 0xCD, 0x01, 0xFE, 0xFE, 0xCD, 0x01, 0xFE, 0xFE, 0xCD, 0x01, 0xFE, 0xFE, 0xCD, 0x01, 0xFE,
    0xFE, 0xCD, 0x01, 0xFE, 0xFE, 0xCD, 0x01, 0xFE, 0xFE, 0xCD, 0x01, 0xFE, 0xFE, 0xCD, 0x01, 0xFE,
    0xFE, 0xCD, 0x01, 0xFE, 0xFE, 0xCD, 0x01, 0xFE, 0xFE, 0xCD, 0x01, 0xFE, 0xFE, 0xCD, 0x01, 0xFE,
    0xFE, 0xCD, 0x01, 0xFE, 0xFE, 0xCD, 0x01, 0xFE, 0xFE, 0xCD, 0x01, 0xFE, 0xFE, 0xCD, 0x01, 0xFF,
    0xFE, 0xCD, 0x01, 0xFF, 0xFE, 0xCD, 0x01, 0xFF, 0xFE, 0xCD, 0x01, 0xFF, 0xFE, 0xCD, 0x01, 0xFF,
    0xFE, 0xCD, 0x01, 0xFF, 0xFE, 0xCD, 0x01, 0xFF, 0xFE, 0xCD, 0x01, 0xFF, 0xFE, 0xCD, 0x01, 0xFF,
    0xFE, 0xCD, 0x01, 0xFF, 0xFE, 0xCD, 0x01, 0xFF, 0xFE, 0xCD, 0x01, 0xFF, 0xFE, 0xCD, 0x01, 0xFF,
    0xFE, 0xCD, 0x01, 0xFF, 0xFE, 0xCD, 0x01, 0xFF, 0xFE, 0xCD, 0x01, 0xFF, 0xFE, 0xCD, 0x01, 0xFF,
    0xFE, 0xCD, 0x01, 0xFF, 0xFE, 0xCD, 0x01, 0xFF, 0xFE, 0xCD, 0x01, 0xFF, 0xFE, 0xCD, 0x01, 0xFF,
    0xFE, 0xCD, 0x01, 0xFF, 0xFE, 0xCD, 0x01, 0xFF, 0xFE, 0xCD, 0x01, 0xFF, 0xFE, 0xCD, 0x01, 0xFF,
    0xFE, 0xCD, 0x01, 0xFF, 0xFE, 0xCD, 0x01, 0xFF, 0xFE, 0xCD, 0x01, 0xFF, 0xFE, 0xCD, 0x01, 0xFF,
    0xFE, 0xCD, 0x01, 0xFF, 0xFE, 0xCD, 0x01, 0xFF, 0xFE, 0xCD, 0x01, 0xFF, 0xFE, 0xCD, 0x01, 0xFF,
    0xFE, 0xCD, 0x01, 0xFF, 0xFE, 0xCD, 0x01, 0xFF, 0xFE, 0xCD, 0x01, 0xFF, 0xFE, 0xCD, 0x01, 0xFF,
    0xFE, 0xCD, 0x01, 0xFF, 0xFE, 0xCD, 0x01, 0xFF, 0xFE, 0xCD, 0x01, 0xFF, 0xFE, 0xCD, 0x01, 0xFF,
    0x96, 0x78, 0x00, 0xFE, 0x0F, 0x0C, 0x00, 0xFF, 0x00, 0x00, 0x00, 0xFF, 0x00, 0x00, 0x00, 0xFF,
    0x00, 0x00, 0x00, 0xFF, 0x00, 0x00, 0x00, 0xFF, 0x00, 0x00, 0x00, 0xFF, 0x00, 0x00, 0x00, 0x60,
    0x00, 0x00, 0x00, 0x00, 0x00, 0x00, 0x00, 0x00, 0x00, 0x00, 0x00, 0x00, 0x00, 0x00, 0x00, 0x00,
    0x00, 0x00, 0x00, 0x00, 0x00, 0x00, 0x00, 0x00, 0x00, 0x00, 0x00, 0x00, 0x00, 0x00, 0x00, 0x00,
    0x00, 0x00, 0x00, 0x00, 0x00, 0x00, 0x00, 0x00, 0x00, 0x00, 0x00, 0x00, 0x00, 0x00, 0x00, 0x00,
    0x00, 0x00, 0x00, 0x00, 0x00, 0x00, 0x00, 0x00, 0x00, 0x00, 0x00, 0x00, 0x00, 0x00, 0x00, 0x00,
    0x00, 0x00, 0x00, 0x00, 0x00, 0x00, 0x00, 0x00, 0x00, 0x00, 0x00, 0x00, 0x00, 0x00, 0x00, 0x00,
    0x00, 0x00, 0x00, 0x00, 0x00, 0x00, 0x00, 0x10, 0x00, 0x00, 0x00, 0xD3, 0x00, 0x00, 0x00, 0xFF,
    0x00, 0x00, 0x00, 0xFF, 0x00, 0x00, 0x00, 0xFF, 0x00, 0x00, 0x00, 0xFF, 0x00, 0x00, 0x00, 0xFF,
    0x4F, 0x17, 0x0D, 0xFF, 0xEF, 0x45, 0x29, 0xFF, 0xEF, 0x45, 0x29, 0xFF, 0xEF, 0x45, 0x29, 0xFF,
    0xF7, 0x49, 0x29, 0xFF, 0xF7, 0x49, 0x29, 0xFF, 0xF7, 0x49, 0x29, 0xFF, 0xF7, 0x49, 0x29, 0xFF,
    0xF9, 0x47, 0x28, 0xFF, 0xF9, 0x47, 0x28, 0xFF, 0xF9, 0x47, 0x28, 0xFF, 0xF9, 0x47, 0x28, 0xFF,
    0xF9, 0x47, 0x28, 0xFF, 0xF9, 0x47, 0x28, 0xFF, 0xF9, 0x47, 0x28, 0xFF, 0xF9, 0x47, 0x28, 0xFF,
    0xF9, 0x47, 0x28, 0xFF, 0xF9, 0x47, 0x28, 0xFF, 0xF9, 0x47, 0x28, 0xFF, 0xF9, 0x47, 0x28, 0xFF,
    0xF9, 0x47, 0x28, 0xFF, 0xF9, 0x47, 0x28, 0xFF, 0xF9, 0x47, 0x28, 0xFF, 0xF9, 0x47, 0x28, 0xFF,
    0xF9, 0x47, 0x28, 0xFF, 0xF9, 0x47, 0x28, 0xFF, 0xF9, 0x47, 0x28, 0xFF, 0xF9, 0x47, 0x28, 0xFF,
    0xF7, 0x45, 0x29, 0xFF, 0xF7, 0x45, 0x29, 0xFF, 0xF7, 0x45, 0x29, 0xFF, 0xF7, 0x45, 0x29, 0xFF,
    0x52, 0x18, 0x0D, 0xFF, 0x00, 0x00, 0x00, 0xFF, 0x00, 0x00, 0x00, 0xFF, 0x00, 0x00, 0x00, 0xFF,
    0x00, 0x00, 0x00, 0xFF, 0x94, 0x84, 0x3E, 0xFF, 0xFE, 0xCD, 0x01, 0xFF, 0xFE, 0xCD, 0x01, 0xFF,
    0xFE, 0xCD, 0x01, 0xFF, 0xFE, 0xCD, 0x01, 0xFF, 0xFE, 0xCD, 0x01, 0xFF, 0xFE, 0xCD, 0x01, 0xFE,
    0xFE, 0xCD, 0x01, 0xFE, 0xFE, 0xCD, 0x01, 0xFE, 0xFE, 0xCD, 0x01, 0xFE, 0xFE, 0xCD, 0x01, 0xFE,
    0xFE, 0xCD, 0x01, 0xFE, 0xFE, 0xCD, 0x01, 0xFE, 0xFE, 0xCD, 0x01, 0xFE, 0xFE, 0xCD, 0x01, 0xFE,
    0xFE, 0xCD, 0x01, 0xFE, 0xFE, 0xCD, 0x01, 0xFE, 0xFE, 0xCD, 0x01, 0xFE, 0xFE, 0xCD, 0x01, 0xFE,
    0xFE, 0xCD, 0x01, 0xFE, 0xFE, 0xCD, 0x01, 0xFE, 0xFE, 0xCD, 0x01, 0xFE, 0xFE, 0xCD, 0x01, 0xFE,
    0xFE, 0xCD, 0x01, 0xFE, 0xFE, 0xCD, 0x01, 0xFE, 0xFE, 0xCD, 0x01, 0xFE, 0xFE, 0xCD, 0x01, 0xFE,
    0xFE, 0xCD, 0x01, 0xFE, 0xFE, 0xCD, 0x01, 0xFE, 0xFE, 0xCD, 0x01, 0xFE, 0xFE, 0xCD, 0x01, 0xFE,
    0xFE, 0xCD, 0x01, 0xFE, 0xFE, 0xCD, 0x01, 0xFE, 0xFE, 0xCD, 0x01, 0xFE, 0xFE, 0xCD, 0x01, 0xFE,
    0xFE, 0xCD, 0x01, 0xFE, 0xFE, 0xCD, 0x01, 0xFE, 0xFE, 0xCD, 0x01, 0xFE, 0xFE, 0xCD, 0x01, 0xFE,
    0xFE, 0xCD, 0x01, 0xFE, 0xFE, 0xCD, 0x01, 0xFE, 0xFE, 0xCD, 0x01, 0xFE, 0xFE, 0xCD, 0x01, 0xFE,
    0xFE, 0xCD, 0x01, 0xFE, 0xFE, 0xCD, 0x01, 0xFE, 0xFE, 0xCD, 0x01, 0xFE, 0xFE, 0xCD, 0x01, 0xFE,
    0xFE, 0xCD, 0x01, 0xFE, 0xFE, 0xCD, 0x01, 0xFE, 0xFE, 0xCD, 0x01, 0xFE, 0xFE, 0xCD, 0x01, 0xFE,
    0xFE, 0xCD, 0x01, 0xFE, 0xFE, 0xCD, 0x01, 0xFE, 0xFE, 0xCD, 0x01, 0xFE, 0xFE, 0xCD, 0x01, 0xFE,
    0xFE, 0xCD, 0x01, 0xFE, 0xFE, 0xCD, 0x01, 0xFE, 0xFE, 0xCD, 0x01, 0xFE, 0xFE, 0xCD, 0x01, 0xFE,
    0xFE, 0xCD, 0x01, 0xFE, 0xFE, 0xCD, 0x01, 0xFE, 0xFE, 0xCD, 0x01, 0xFE, 0xFE, 0xCD, 0x01, 0xFE,
    0xFE, 0xCD, 0x01, 0xFE, 0xFE, 0xCD, 0x01, 0xFE, 0xFE, 0xCD, 0x01, 0xFE, 0xFE, 0xCD, 0x01, 0xFE,
    0xFE, 0xCD, 0x01, 0xFE, 0xFE, 0xCD, 0x01, 0xFE, 0xFE, 0xCD, 0x01, 0xFE, 0xFE, 0xCD, 0x01, 0xFE,
    0xFE, 0xCD, 0x01, 0xFE, 0xFE, 0xCD, 0x01, 0xFE, 0xFE, 0xCD, 0x01, 0xFE, 0xFE, 0xCD, 0x01, 0xFE,
    0xFE, 0xCD, 0x01, 0xFE, 0xFE, 0xCD, 0x01, 0xFE, 0xFE, 0xCD, 0x01, 0xFE, 0xFE, 0xCD, 0x01, 0xFE,
    0xFE, 0xCD, 0x01, 0xFE, 0xFE, 0xCD, 0x01, 0xFE, 0xFE, 0xCD, 0x01, 0xFE, 0xFE, 0xCD, 0x01, 0xFE,
    0xFE, 0xCD, 0x01, 0xFE, 0xFE, 0xCD, 0x01, 0xFE, 0xFE, 0xCD, 0x01, 0xFE, 0xFE, 0xCD, 0x01, 0xFE,
    0xFE, 0xCD, 0x01, 0xFE, 0xFE, 0xCD, 0x01, 0xFE, 0xFE, 0xCD, 0x01, 0xFE, 0xFE, 0xCD, 0x01, 0xFE,
    0xFE, 0xCD, 0x01, 0xFE, 0xFE, 0xCD, 0x01, 0xFE, 0xFE, 0xCD, 0x01, 0xFE, 0xFE, 0xCD, 0x01, 0xFE,
    0xFE, 0xCD, 0x01, 0xFE, 0xFE, 0xCD, 0x01, 0xFE, 0xFE, 0xCD, 0x01, 0xFE, 0xFE, 0xCD, 0x01, 0xFE,
    0xFE, 0xCD, 0x01, 0xFE, 0xFE, 0xCD, 0x01, 0xFE, 0xFE, 0xCD, 0x01, 0xFE, 0xFE, 0xCD, 0x01, 0xFE,
    0xFE, 0xCD, 0x01, 0xFE, 0xFE, 0xCD, 0x01, 0xFE, 0xFE, 0xCD, 0x01, 0xFE, 0xFE, 0xCD, 0x01, 0xFE,
    0xFE, 0xCD, 0x01, 0xFE, 0xFE, 0xCD, 0x01, 0xFE, 0xFE, 0xCD, 0x01, 0xFE, 0xFE, 0xCD, 0x01, 0xFE,
    0xFE, 0xCD, 0x01, 0xFE, 0xFE, 0xCD, 0x01, 0xFE, 0xFE, 0xCD, 0x01, 0xFE, 0xFE, 0xCD, 0x01, 0xFE,
    0xFE, 0xCD, 0x01, 0xFE, 0xFE, 0xCD, 0x01, 0xFE, 0xFE, 0xCD, 0x01, 0xFE, 0xFE, 0xCD, 0x01, 0xFE,
    0xFE, 0xCD, 0x01, 0xFE, 0xFE, 0xCD, 0x01, 0xFE, 0xFE, 0xCD, 0x01, 0xFE, 0xFE, 0xCD, 0x01, 0xFE,
    0xFE, 0xCD, 0x01, 0xFE, 0xFE, 0xCD, 0x01, 0xFE, 0xFE, 0xCD, 0x01, 0xFE, 0xFE, 0xCD, 0x01, 0xFE,
    0xFE, 0xCD, 0x01, 0xFE, 0xFE, 0xCD, 0x01, 0xFE, 0xFE, 0xCD, 0x01, 0xFE, 0xFE, 0xCD, 0x01, 0xFE,
    0xFE, 0xCD, 0x01, 0xFE, 0xFE, 0xCD, 0x01, 0xFE, 0xFE, 0xCD, 0x01, 0xFE, 0xFE, 0xCD, 0x01, 0xFE,
    0xFE, 0xCD, 0x01, 0xFE, 0xFE, 0xCD, 0x01, 0xFE, 0xFE, 0xCD, 0x01, 0xFE, 0xFE, 0xCD, 0x01, 0xFE,
    0xFE, 0xCD, 0x01, 0xFE, 0xFE, 0xCD, 0x01, 0xFE, 0xFE, 0xCD, 0x01, 0xFE, 0xFE, 0xCD, 0x01, 0xFE,
    0xFE, 0xCD, 0x01, 0xFE, 0xFE, 0xCD, 0x01, 0xFE, 0xFE, 0xCD, 0x01, 0xFE, 0xFE, 0xCD, 0x01, 0xFE,
    0xFE, 0xCD, 0x01, 0xFE, 0xFE, 0xCD, 0x01, 0xFE, 0xFE, 0xCD, 0x01, 0xFE, 0xFE, 0xCD, 0x01, 0xFE,
    0xFE, 0xCD, 0x01, 0xFE, 0xFE, 0xCD, 0x01, 0xFE, 0xFE, 0xCD, 0x01, 0xFE, 0xFE, 0xCD, 0x01, 0xFE,
    0xFE, 0xCD, 0x01, 0xFE, 0xFE, 0xCD, 0x01, 0xFE, 0xFE, 0xCD, 0x01, 0xFE, 0xFE, 0xCD, 0x01, 0xFF,
    0xFE, 0xCD, 0x01, 0xFF, 0xFE, 0xCD, 0x01, 0xFF, 0xFE, 0xCD, 0x01, 0xFF, 0xFE, 0xCD, 0x01, 0xFF,
    0xFE, 0xCD, 0x01, 0xFF, 0xFE, 0xCD, 0x01, 0xFF, 0xFE, 0xCD, 0x01, 0xFF, 0xFE, 0xCD, 0x01, 0xFF,
    0xFE, 0xCD, 0x01, 0xFF, 0xFE, 0xCD, 0x01, 0xFF, 0xFE, 0xCD, 0x01, 0xFF, 0xFE, 0xCD, 0x01, 0xFF,
    0xFE, 0xCD, 0x01, 0xFF, 0xFE, 0xCD, 0x01, 0xFF, 0xFE, 0xCD, 0x01, 0xFF, 0xFE, 0xCD, 0x01, 0xFF,
    0xFE, 0xCD, 0x01, 0xFF, 0xFE, 0xCD, 0x01, 0xFF, 0xFE, 0xCD, 0x01, 0xFF, 0xFE, 0xCD, 0x01, 0xFF,
    0xFE, 0xCD, 0x01, 0xFF, 0xFE, 0xCD, 0x01, 0xFF, 0xFE, 0xCD, 0x01, 0xFF, 0xFE, 0xCD, 0x01, 0xFF,
    0xFE, 0xCD, 0x01, 0xFF, 0xFE, 0xCD, 0x01, 0xFF, 0xFE, 0xCD, 0x01, 0xFF, 0xFE, 0xCD, 0x01, 0xFF,
    0xFE, 0xCD, 0x01, 0xFF, 0xFE, 0xCD, 0x01, 0xFF, 0xFE, 0xCD, 0x01, 0xFF, 0xFE, 0xCD, 0x01, 0xFF,
    0xFE, 0xCD, 0x01, 0xFF, 0xFE, 0xCD, 0x01, 0xFF, 0xFE, 0xCD, 0x01, 0xFF, 0xFE, 0xCD, 0x01, 0xFF,
    0xFE, 0xCD, 0x01, 0xFF, 0xFE, 0xCD, 0x01, 0xFF, 0xFE, 0xCD, 0x01, 0xFF, 0xFE, 0xCD, 0x01, 0xFF,
    0xFE, 0xCD, 0x01, 0xFF, 0xEF, 0xBF, 0x00, 0xFE, 0x3C, 0x30, 0x00, 0xFF, 0x00, 0x00, 0x00, 0xFF,
    0x00, 0x00, 0x00, 0xFF, 0x00, 0x00, 0x00, 0xFF, 0x00, 0x00, 0x00, 0xFF, 0x00, 0x00, 0x00, 0xFF,
    0x00, 0x00, 0x00, 0x60, 0x00, 0x00, 0x00, 0x00, 0x00, 0x00, 0x00, 0x00, 0x00, 0x00, 0x00, 0x00,
    0x00, 0x00, 0x00, 0x00, 0x00, 0x00, 0x00, 0x00, 0x00, 0x00, 0x00, 0x00, 0x00, 0x00, 0x00, 0x00,
    0x00, 0x00, 0x00, 0x00, 0x00, 0x00, 0x00, 0x00, 0x00, 0x00, 0x00, 0x00, 0x00, 0x00, 0x00, 0x00,
    0x00, 0x00, 0x00, 0x00, 0x00, 0x00, 0x00, 0x00, 0x00, 0x00, 0x00, 0x00, 0x00, 0x00, 0x00, 0x00,
    0x00, 0x00, 0x00, 0x00, 0x00, 0x00, 0x00, 0x00, 0x00, 0x00, 0x00, 0x00, 0x00, 0x00, 0x00, 0x00,
    0x00, 0x00, 0x00, 0x10, 0x00, 0x00, 0x00, 0xD0, 0x00, 0x00, 0x00, 0xFF, 0x00, 0x00, 0x00, 0xFF,
    0x00, 0x00, 0x00, 0xFF, 0x00, 0x00, 0x00, 0xFF, 0x00, 0x00, 0x00, 0xFF, 0x7B, 0x24, 0x10, 0xFF,
    0xEF, 0x45, 0x29, 0xFF, 0xEF, 0x45, 0x29, 0xFF, 0xEF, 0x45, 0x29, 0xFF, 0xEF, 0x45, 0x29, 0xFF,
    0xF7, 0x49, 0x29, 0xFF, 0xF7, 0x49, 0x29, 0xFF, 0xF7, 0x49, 0x29, 0xFF, 0xF7, 0x49, 0x29, 0xFF,
    0xF9, 0x47, 0x28, 0xFF, 0xF9, 0x47, 0x28, 0xFF, 0xF9, 0x47, 0x28, 0xFF, 0xF9, 0x47, 0x28, 0xFF,
    0xF9, 0x47, 0x28, 0xFF, 0xF9, 0x47, 0x28, 0xFF, 0xF9, 0x47, 0x28, 0xFF, 0xF9, 0x47, 0x28, 0xFF,
    0xF9, 0x47, 0x28, 0xFF, 0xF9, 0x47, 0x28, 0xFF, 0xF9, 0x47, 0x28, 0xFF, 0xF9, 0x47, 0x28, 0xFF,
    0xF9, 0x47, 0x28, 0xFF, 0xF9, 0x47, 0x28, 0xFF, 0xF9, 0x47, 0x28, 0xFF, 0xF9, 0x47, 0x28, 0xFF,
    0xF9, 0x47, 0x28, 0xFF, 0xF9, 0x47, 0x28, 0xFF, 0xF9, 0x47, 0x28, 0xFF, 0xF9, 0x47, 0x28, 0xFF,
    0xF7, 0x45, 0x29, 0xFF, 0xF7, 0x45, 0x29, 0xFF, 0xF7, 0x45, 0x29, 0xFF, 0xF7, 0x45, 0x29, 0xFF,
    0xF7, 0x49, 0x29, 0xFF, 0x52, 0x18, 0x0D, 0xFF, 0x00, 0x00, 0x00, 0xFF, 0x00, 0x00, 0x00, 0xFF,
    0x00, 0x00, 0x00, 0xFF, 0x00, 0x00, 0x00, 0xFF, 0x94, 0x84, 0x3E, 0xFF, 0xFE, 0xCD, 0x01, 0xFF,
    0xFE, 0xCD, 0x01, 0xFF, 0xFE, 0xCD, 0x01, 0xFF, 0xFE, 0xCD, 0x01, 0xFF, 0xFE, 0xCD, 0x01, 0xFF,
    0xFE, 0xCD, 0x01, 0xFE, 0xFE, 0xCD, 0x01, 0xFE, 0xFE, 0xCD, 0x01, 0xFE, 0xFE, 0xCD, 0x01, 0xFE,
    0xFE, 0xCD, 0x01, 0xFE, 0xFE, 0xCD, 0x01, 0xFE, 0xFE, 0xCD, 0x01, 0xFE, 0xFE, 0xCD, 0x01, 0xFE,
    0xFE, 0xCD, 0x01, 0xFE, 0xFE, 0xCD, 0x01, 0xFE, 0xFE, 0xCD, 0x01, 0xFE, 0xFE, 0xCD, 0x01, 0xFE,
    0xFE, 0xCD, 0x01, 0xFE, 0xFE, 0xCD, 0x01, 0xFE, 0xFE, 0xCD, 0x01, 0xFE, 0xFE, 0xCD, 0x01, 0xFE,
    0xFE, 0xCD, 0x01, 0xFE, 0xFE, 0xCD, 0x01, 0xFE, 0xFE, 0xCD, 0x01, 0xFE, 0xFE, 0xCD, 0x01, 0xFE,
    0xFE, 0xCD, 0x01, 0xFE, 0xFE, 0xCD, 0x01, 0xFE, 0xFE, 0xCD, 0x01, 0xFE, 0xFE, 0xCD, 0x01, 0xFE,
    0xFE, 0xCD, 0x01, 0xFE, 0xFE, 0xCD, 0x01, 0xFE, 0xFE, 0xCD, 0x01, 0xFE, 0xFE, 0xCD, 0x01, 0xFE,
    0xFE, 0xCD, 0x01, 0xFE, 0xFE, 0xCD, 0x01, 0xFE, 0xFE, 0xCD, 0x01, 0xFE, 0xFE, 0xCD, 0x01, 0xFE,
    0xFE, 0xCD, 0x01, 0xFE, 0xFE, 0xCD, 0x01, 0xFE, 0xFE, 0xCD, 0x01, 0xFE, 0xFE, 0xCD, 0x01, 0xFE,
    0xFE, 0xCD, 0x01, 0xFE, 0xFE, 0xCD, 0x01, 0xFE, 0xFE, 0xCD, 0x01, 0xFE, 0xFE, 0xCD, 0x01, 0xFE,
    0xFE, 0xCD, 0x01, 0xFE, 0xFE, 0xCD, 0x01, 0xFE, 0xFE, 0xCD, 0x01, 0xFE, 0xFE, 0xCD, 0x01, 0xFE,
    0xFE, 0xCD, 0x01, 0xFE, 0xFE, 0xCD, 0x01, 0xFE, 0xFE, 0xCD, 0x01, 0xFE, 0xFE, 0xCD, 0x01, 0xFE,
    0xFE, 0xCD, 0x01, 0xFE, 0xFE, 0xCD, 0x01, 0xFE, 0xFE, 0xCD, 0x01, 0xFE, 0xFE, 0xCD, 0x01, 0xFE,
    0xFE, 0xCD, 0x01, 0xFE, 0xFE, 0xCD, 0x01, 0xFE, 0xFE, 0xCD, 0x01, 0xFE, 0xFE, 0xCD, 0x01, 0xFE,
    0xFE, 0xCD, 0x01, 0xFE, 0xFE, 0xCD, 0x01, 0xFE, 0xFE, 0xCD, 0x01, 0xFE, 0xFE, 0xCD, 0x01, 0xFE,
    0xFE, 0xCD, 0x01, 0xFE, 0xFE, 0xCD, 0x01, 0xFE, 0xFE, 0xCD, 0x01, 0xFE, 0xFE, 0xCD, 0x01, 0xFE,
    0xFE, 0xCD, 0x01, 0xFE, 0xFE, 0xCD, 0x01, 0xFE, 0xFE, 0xCD, 0x01, 0xFE, 0xFE, 0xCD, 0x01, 0xFE,
    0xFE, 0xCD, 0x01, 0xFE, 0xFE, 0xCD, 0x01, 0xFE, 0xFE, 0xCD, 0x01, 0xFE, 0xFE, 0xCD, 0x01, 0xFE,
    0xFE, 0xCD, 0x01, 0xFE, 0xFE, 0xCD, 0x01, 0xFE, 0xFE, 0xCD, 0x01, 0xFE, 0xFE, 0xCD, 0x01, 0xFE,
    0xFE, 0xCD, 0x01, 0xFE, 0xFE, 0xCD, 0x01, 0xFE, 0xFE, 0xCD, 0x01, 0xFE, 0xFE, 0xCD, 0x01, 0xFE,
    0xFE, 0xCD, 0x01, 0xFE, 0xFE, 0xCD, 0x01, 0xFE, 0xFE, 0xCD, 0x01, 0xFE, 0xFE, 0xCD, 0x01, 0xFE,
    0xFE, 0xCD, 0x01, 0xFE, 0xFE, 0xCD, 0x01, 0xFE, 0xFE, 0xCD, 0x01, 0xFE, 0xFE, 0xCD, 0x01, 0xFE,
    0xFE, 0xCD, 0x01, 0xFE, 0xFE, 0xCD, 0x01, 0xFE, 0xFE, 0xCD, 0x01, 0xFE, 0xFE, 0xCD, 0x01, 0xFE,
    0xFE, 0xCD, 0x01, 0xFE, 0xFE, 0xCD, 0x01, 0xFE, 0xFE, 0xCD, 0x01, 0xFE, 0xFE, 0xCD, 0x01, 0xFE,
    0xFE, 0xCD, 0x01, 0xFE, 0xFE, 0xCD, 0x01, 0xFE, 0xFE, 0xCD, 0x01, 0xFE, 0xFE, 0xCD, 0x01, 0xFE,
    0xFE, 0xCD, 0x01, 0xFE, 0xFE, 0xCD, 0x01, 0xFE, 0xFE, 0xCD, 0x01, 0xFE, 0xFE, 0xCD, 0x01, 0xFE,
    0xFE, 0xCD, 0x01, 0xFE, 0xFE, 0xCD, 0x01, 0xFE, 0xFE, 0xCD, 0x01, 0xFE, 0xFE, 0xCD, 0x01, 0xFE,
    0xFE, 0xCD, 0x01, 0xFE, 0xFE, 0xCD, 0x01, 0xFE, 0xFE, 0xCD, 0x01, 0xFE, 0xFE, 0xCD, 0x01, 0xFE,
    0xFE, 0xCD, 0x01, 0xFE, 0xFE, 0xCD, 0x01, 0xFE, 0xFE, 0xCD, 0x01, 0xFE, 0xFE, 0xCD, 0x01, 0xFE,
    0xFE, 0xCD, 0x01, 0xFE, 0xFE, 0xCD, 0x01, 0xFE, 0xFE, 0xCD, 0x01, 0xFE, 0xFE, 0xCD, 0x01, 0xFE,
    0xFE, 0xCD, 0x01, 0xFE, 0xFE, 0xCD, 0x01, 0xFE, 0xFE, 0xCD, 0x01, 0xFE, 0xFE, 0xCD, 0x01, 0xFE,
    0xFE, 0xCD, 0x01, 0xFE, 0xFE, 0xCD, 0x01, 0xFE, 0xFE, 0xCD, 0x01, 0xFE, 0xFE, 0xCD, 0x01, 0xFE,
    0xFE, 0xCD, 0x01, 0xFE, 0xFE, 0xCD, 0x01, 0xFE, 0xFE, 0xCD, 0x01, 0xFE, 0xFE, 0xCD, 0x01, 0xFE,
    0xFE, 0xCD, 0x01, 0xFE, 0xFE, 0xCD, 0x01, 0xFE, 0xFE, 0xCD, 0x01, 0xFE, 0xFE, 0xCD, 0x01, 0xFE,
    0xFE, 0xCD, 0x01, 0xFE, 0xFE, 0xCD, 0x01, 0xFE, 0xFE, 0xCD, 0x01, 0xFE, 0xFE, 0xCD, 0x01, 0xFE,
    0xFE, 0xCD, 0x01, 0xFE, 0xFE, 0xCD, 0x01, 0xFE, 0xFE, 0xCD, 0x01, 0xFE, 0xFE, 0xCD, 0x01, 0xFE,
    0xFE, 0xCD, 0x01, 0xFE, 0xFE, 0xCD, 0x01, 0xFE, 0xFE, 0xCD, 0x01, 0xFE, 0xFE, 0xCD, 0x01, 0xFE,
    0xFE, 0xCD, 0x01, 0xFE, 0xFE, 0xCD, 0x01, 0xFE, 0xFE, 0xCD, 0x01, 0xFE, 0xFE, 0xCD, 0x01, 0xFF,
    0xFE, 0xCD, 0x01, 0xFF, 0xFE, 0xCD, 0x01, 0xFF, 0xFE, 0xCD, 0x01, 0xFF, 0xFE, 0xCD, 0x01, 0xFF,
    0xFE, 0xCD, 0x01, 0xFF, 0xFE, 0xCD, 0x01, 0xFF, 0xFE, 0xCD, 0x01, 0xFF, 0xFE, 0xCD, 0x01, 0xFF,
    0xFE, 0xCD, 0x01, 0xFF, 0xFE, 0xCD, 0x01, 0xFF, 0xFE, 0xCD, 0x01, 0xFF, 0xFE, 0xCD, 0x01, 0xFF,
    0xFE, 0xCD, 0x01, 0xFF, 0xFE, 0xCD, 0x01, 0xFF, 0xFE, 0xCD, 0x01, 0xFF, 0xFE, 0xCD, 0x01, 0xFF,
    0xFE, 0xCD, 0x01, 0xFF, 0xFE, 0xCD, 0x01, 0xFF, 0xFE, 0xCD, 0x01, 0xFF, 0xFE, 0xCD, 0x01, 0xFF,
    0xFE, 0xCD, 0x01, 0xFF, 0xFE, 0xCD, 0x01, 0xFF, 0xFE, 0xCD, 0x01, 0xFF, 0xFE, 0xCD, 0x01, 0xFF,
    0xFE, 0xCD, 0x01, 0xFF, 0xFE, 0xCD, 0x01, 0xFF, 0xFE, 0xCD, 0x01, 0xFF, 0xFE, 0xCD, 0x01, 0xFF,
    0xFE, 0xCD, 0x01, 0xFF, 0xFE, 0xCD, 0x01, 0xFF, 0xFE, 0xCD, 0x01, 0xFF, 0xFE, 0xCD, 0x01, 0xFF,
    0xFE, 0xCD, 0x01, 0xFF, 0xFE, 0xCD, 0x01, 0xFF, 0xFE, 0xCD, 0x01, 0xFF, 0xFE, 0xCD, 0x01, 0xFF,
    0xFE, 0xCD, 0x01, 0xFF, 0xFE, 0xCD, 0x01, 0xFF, 0xFE, 0xCD, 0x01, 0xFF, 0xFE, 0xCD, 0x01, 0xFF,
    0xFE, 0xCD, 0x01, 0xFF, 0xFE, 0xCD, 0x01, 0xFF, 0xFE, 0xCD, 0x01, 0xFF, 0x69, 0x54, 0x00, 0xFF,
    0x00, 0x00, 0x00, 0xFF, 0x00, 0x00, 0x00, 0xFF, 0x00, 0x00, 0x00, 0xFF, 0x00, 0x00, 0x00, 0xFF,
    0x00, 0x00, 0x00, 0xFF, 0x00, 0x00, 0x00, 0x60, 0x00, 0x00, 0x00, 0x00, 0x00, 0x00, 0x00, 0x00,
    0x00, 0x00, 0x00, 0x00, 0x00, 0x00, 0x00, 0x00, 0x00, 0x00, 0x00, 0x00, 0x00, 0x00, 0x00, 0x00,
    0x00, 0x00, 0x00, 0x00, 0x00, 0x00, 0x00, 0x00, 0x00, 0x00, 0x00, 0x00, 0x00, 0x00, 0x00, 0x00,
    0x00, 0x00, 0x00, 0x00, 0x00, 0x00, 0x00, 0x00, 0x00, 0x00, 0x00, 0x00, 0x00, 0x00, 0x00, 0x00,
    0x00, 0x00, 0x00, 0x00, 0x00, 0x00, 0x00, 0x00, 0x00, 0x00, 0x00, 0x00, 0x00, 0x00, 0x00, 0x00,
    0x00, 0x00, 0x00, 0xA6, 0x00, 0x00, 0x00, 0xFF, 0x00, 0x00, 0x00, 0xFF, 0x00, 0x00, 0x00, 0xFF,
    0x00, 0x00, 0x00, 0xFF, 0x00, 0x00, 0x00, 0xFF, 0xA4, 0x2E, 0x1B, 0xFF, 0xF7, 0x45, 0x29, 0xFF,
    0xF9, 0x47, 0x28, 0xFF, 0xF9, 0x47, 0x28, 0xFF, 0xF9, 0x47, 0x28, 0xFF, 0xF9, 0x47, 0x28, 0xFF,
    0xF9, 0x47, 0x28, 0xFF, 0xF9, 0x47, 0x28, 0xFF, 0xF9, 0x47, 0x28, 0xFF, 0xF9, 0x47, 0x28, 0xFF,
    0xF9, 0x47, 0x28, 0xFF, 0xF9, 0x47, 0x28, 0xFF, 0xF9, 0x47, 0x28, 0xFF, 0xF9, 0x47, 0x28, 0xFF,
    0xF9, 0x47, 0x28, 0xFF, 0xF9, 0x47, 0x28, 0xFF, 0xF9, 0x47, 0x28, 0xFF, 0xF9, 0x47, 0x28, 0xFF,
    0xF9, 0x47, 0x28, 0xFF, 0xF9, 0x47, 0x28, 0xFF, 0xF9, 0x47, 0x28, 0xFF, 0xF9, 0x47, 0x28, 0xFF,
    0xF9, 0x47, 0x28, 0xFF, 0xF9, 0x47, 0x28, 0xFF, 0xF9, 0x47, 0x28, 0xFF, 0xF9, 0x47, 0x28, 0xFF,
    0xF9, 0x47, 0x28, 0xFF, 0xF9, 0x47, 0x28, 0xFF, 0xF9, 0x47, 0x28, 0xFF, 0xF9, 0x47, 0x28, 0xFF,
    0xF9, 0x47, 0x28, 0xFF, 0xF9, 0x47, 0x28, 0xFF, 0xF9, 0x47, 0x28, 0xFF, 0xF9, 0x47, 0x28, 0xFF,
    0xF7, 0x45, 0x29, 0xFF, 0xF7, 0x45, 0x29, 0xFF, 0xA4, 0x2E, 0x1B, 0xFF, 0x00, 0x00, 0x00, 0xFF,
    0x00, 0x00, 0x00, 0xFF, 0x00, 0x00, 0x00, 0xFF, 0x00, 0x00, 0x00, 0xFF, 0xB8, 0x9D, 0x29, 0xFF,
    0xFE, 0xCD, 0x01, 0xFF, 0xFE, 0xCD, 0x01, 0xFF, 0xFE, 0xCD, 0x01, 0xFF, 0xFE, 0xCD, 0x01, 0xFF,
    0xFE, 0xCD, 0x01, 0xFF, 0xFE, 0xCD, 0x01, 0xFE, 0xFE, 0xCD, 0x01, 0xFE, 0xFE, 0xCD, 0x01, 0xFE,
    0xFE, 0xCD, 0x01, 0xFE, 0xFE, 0xCD, 0x01, 0xFE, 0xFE, 0xCD, 0x01, 0xFE, 0xFE, 0xCD, 0x01, 0xFE,
    0xFE, 0xCD, 0x01, 0xFE, 0xFE, 0xCD, 0x01, 0xFE, 0xFE, 0xCD, 0x01, 0xFE, 0xFE, 0xCD, 0x01, 0xFE,
    0xFE, 0xCD, 0x01, 0xFE, 0xFE, 0xCD, 0x01, 0xFE, 0xFE, 0xCD, 0x01, 0xFE, 0xFE, 0xCD, 0x01, 0xFE,
    0xFE, 0xCD, 0x01, 0xFE, 0xFE, 0xCD, 0x01, 0xFE, 0xFE, 0xCD, 0x01, 0xFE, 0xFE, 0xCD, 0x01, 0xFE,
    0xFE, 0xCD, 0x01, 0xFE, 0xFE, 0xCD, 0x01, 0xFE, 0xFE, 0xCD, 0x01, 0xFE, 0xFE, 0xCD, 0x01, 0xFE,
    0xFE, 0xCD, 0x01, 0xFE, 0xFE, 0xCD, 0x01, 0xFE, 0xFE, 0xCD, 0x01, 0xFE, 0xFE, 0xCD, 0x01, 0xFE,
    0xFE, 0xCD, 0x01, 0xFE, 0xFE, 0xCD, 0x01, 0xFE, 0xFE, 0xCD, 0x01, 0xFE, 0xFE, 0xCD, 0x01, 0xFE,
    0xFE, 0xCD, 0x01, 0xFE, 0xFE, 0xCD, 0x01, 0xFE, 0xFE, 0xCD, 0x01, 0xFE, 0xFE, 0xCD, 0x01, 0xFE,
    0xFE, 0xCD, 0x01, 0xFE, 0xFE, 0xCD, 0x01, 0xFE, 0xFE, 0xCD, 0x01, 0xFE, 0xFE, 0xCD, 0x01, 0xFE,
    0xFE, 0xCD, 0x01, 0xFE, 0xFE, 0xCD, 0x01, 0xFE, 0xFE, 0xCD, 0x01, 0xFE, 0xFE, 0xCD, 0x01, 0xFE,
    0xFE, 0xCD, 0x01, 0xFE, 0xFE, 0xCD, 0x01, 0xFE, 0xFE, 0xCD, 0x01, 0xFE, 0xFE, 0xCD, 0x01, 0xFE,
    0xFE, 0xCD, 0x01, 0xFE, 0xFE, 0xCD, 0x01, 0xFE, 0xFE, 0xCD, 0x01, 0xFE, 0xFE, 0xCD, 0x01, 0xFE,
    0xFE, 0xCD, 0x01, 0xFE, 0xFE, 0xCD, 0x01, 0xFE, 0xFE, 0xCD, 0x01, 0xFE, 0xFE, 0xCD, 0x01, 0xFE,
    0xFE, 0xCD, 0x01, 0xFE, 0xFE, 0xCD, 0x01, 0xFE, 0xFE, 0xCD, 0x01, 0xFE, 0xFE, 0xCD, 0x01, 0xFE,
    0xFE, 0xCD, 0x01, 0xFE, 0xFE, 0xCD, 0x01, 0xFE, 0xFE, 0xCD, 0x01, 0xFE, 0xFE, 0xCD, 0x01, 0xFE,
    0xFE, 0xCD, 0x01, 0xFE, 0xFE, 0xCD, 0x01, 0xFE, 0xFE, 0xCD, 0x01, 0xFE, 0xFE, 0xCD, 0x01, 0xFE,
    0xFE, 0xCD, 0x01, 0xFE, 0xFE, 0xCD, 0x01, 0xFE, 0xFE, 0xCD, 0x01, 0xFE, 0xFE, 0xCD, 0x01, 0xFE,
    0xFE, 0xCD, 0x01, 0xFE, 0xFE, 0xCD, 0x01, 0xFE, 0xFE, 0xCD, 0x01, 0xFE, 0xFE, 0xCD, 0x01, 0xFE,
    0xFE, 0xCD, 0x01, 0xFE, 0xFE, 0xCD, 0x01, 0xFE, 0xFE, 0xCD, 0x01, 0xFE, 0xFE, 0xCD, 0x01, 0xFE,
    0xFE, 0xCD, 0x01, 0xFE, 0xFE, 0xCD, 0x01, 0xFE, 0xFE, 0xCD, 0x01, 0xFE, 0xFE, 0xCD, 0x01, 0xFE,
    0xFE, 0xCD, 0x01, 0xFE, 0xFE, 0xCD, 0x01, 0xFE, 0xFE, 0xCD, 0x01, 0xFE, 0xFE, 0xCD, 0x01, 0xFE,
    0xFE, 0xCD, 0x01, 0xFE, 0xFE, 0xCD, 0x01, 0xFE, 0xFE, 0xCD, 0x01, 0xFE, 0xFE, 0xCD, 0x01, 0xFE,
    0xFE, 0xCD, 0x01, 0xFE, 0xFE, 0xCD, 0x01, 0xFE, 0xFE, 0xCD, 0x01, 0xFE, 0xFE, 0xCD, 0x01, 0xFE,
    0xFE, 0xCD, 0x01, 0xFE, 0xFE, 0xCD, 0x01, 0xFE, 0xFE, 0xCD, 0x01, 0xFE, 0xFE, 0xCD, 0x01, 0xFE,
    0xFE, 0xCD, 0x01, 0xFE, 0xFE, 0xCD, 0x01, 0xFE, 0xFE, 0xCD, 0x01, 0xFE, 0xFE, 0xCD, 0x01, 0xFE,
    0xFE, 0xCD, 0x01, 0xFE, 0xFE, 0xCD, 0x01, 0xFE, 0xFE, 0xCD, 0x01, 0xFE, 0xFE, 0xCD, 0x01, 0xFE,
    0xFE, 0xCD, 0x01, 0xFE, 0xFE, 0xCD, 0x01, 0xFE, 0xFE, 0xCD, 0x01, 0xFE, 0xFE, 0xCD, 0x01, 0xFE,
    0xFE, 0xCD, 0x01, 0xFE, 0xFE, 0xCD, 0x01, 0xFE, 0xFE, 0xCD, 0x01, 0xFE, 0xFE, 0xCD, 0x01, 0xFE,
    0xFE, 0xCD, 0x01, 0xFE, 0xFE, 0xCD, 0x01, 0xFE, 0xFE, 0xCD, 0x01, 0xFE, 0xFE, 0xCD, 0x01, 0xFE,
    0xFE, 0xCD, 0x01, 0xFE, 0xFE, 0xCD, 0x01, 0xFE, 0xFE, 0xCD, 0x01, 0xFE, 0xFE, 0xCD, 0x01, 0xFE,
    0xFE, 0xCD, 0x01, 0xFE, 0xFE, 0xCD, 0x01, 0xFE, 0xFE, 0xCD, 0x01, 0xFE, 0xFE, 0xCD, 0x01, 0xFE,
    0xFE, 0xCD, 0x01, 0xFE, 0xFE, 0xCD, 0x01, 0xFE, 0xFE, 0xCD, 0x01, 0xFE, 0xFE, 0xCD, 0x01, 0xFE,
    0xFE, 0xCD, 0x01, 0xFE, 0xFE, 0xCD, 0x01, 0xFE, 0xFE, 0xCD, 0x01, 0xFE, 0xFE, 0xCD, 0x01, 0xFE,
    0xFE, 0xCD, 0x01, 0xFE, 0xFE, 0xCD, 0x01, 0xFE, 0xFE, 0xCD, 0x01, 0xFE, 0xFE, 0xCD, 0x01, 0xFE,
    0xFE, 0xCD, 0x01, 0xFE, 0xFE, 0xCD, 0x01, 0xFE, 0xFE, 0xCD, 0x01, 0xFE, 0xFE, 0xCD, 0x01, 0xFE,
    0xFE, 0xCD, 0x01, 0xFE, 0xFE, 0xCD, 0x01, 0xFE, 0xFE, 0xCD, 0x01, 0xFE, 0xFE, 0xCD, 0x01, 0xFE,
    0xFE, 0xCD, 0x01, 0xFE, 0xFE, 0xCD, 0x01, 0xFE, 0xFE, 0xCD, 0x01, 0xFE, 0xFE, 0xCD, 0x01, 0xFF,
    0xFE, 0xCD, 0x01, 0xFF, 0xFE, 0xCD, 0x01, 0xFF, 0xFE, 0xCD, 0x01, 0xFF, 0xFE, 0xCD, 0x01, 0xFF,
    0xFE, 0xCD, 0x01, 0xFF, 0xFE, 0xCD, 0x01, 0xFF, 0xFE, 0xCD, 0x01, 0xFF, 0xFE, 0xCD, 0x01, 0xFF,
    0xFE, 0xCD, 0x01, 0xFF, 0xFE, 0xCD, 0x01, 0xFF, 0xFE, 0xCD, 0x01, 0xFF, 0xFE, 0xCD, 0x01, 0xFF,
    0xFE, 0xCD, 0x01, 0xFF, 0xFE, 0xCD, 0x01, 0xFF, 0xFE, 0xCD, 0x01, 0xFF, 0xFE, 0xCD, 0x01, 0xFF,
    0xFE, 0xCD, 0x01, 0xFF, 0xFE, 0xCD, 0x01, 0xFF, 0xFE, 0xCD, 0x01, 0xFF, 0xFE, 0xCD, 0x01, 0xFF,
    0xFE, 0xCD, 0x01, 0xFF, 0xFE, 0xCD, 0x01, 0xFF, 0xFE, 0xCD, 0x01, 0xFF, 0xFE, 0xCD, 0x01, 0xFF,
    0xFE, 0xCD, 0x01, 0xFF, 0xFE, 0xCD, 0x01, 0xFF, 0xFE, 0xCD, 0x01, 0xFF, 0xFE, 0xCD, 0x01, 0xFF,
    0xFE, 0xCD, 0x01, 0xFF, 0xFE, 0xCD, 0x01, 0xFF, 0xFE, 0xCD, 0x01, 0xFF, 0xFE, 0xCD, 0x01, 0xFF,
    0xFE, 0xCD, 0x01, 0xFF, 0xFE, 0xCD, 0x01, 0xFF, 0xFE, 0xCD, 0x01, 0xFF, 0xFE, 0xCD, 0x01, 0xFF,
    0xFE, 0xCD, 0x01, 0xFF, 0xFE, 0xCD, 0x01, 0xFF, 0xFE, 0xCD, 0x01, 0xFF, 0xFE, 0xCD, 0x01, 0xFF,
    0xFE, 0xCD, 0x01, 0xFF, 0xFE, 0xCD, 0x01, 0xFF, 0xFE, 0xCD, 0x01, 0xFF, 0xFE, 0xCD, 0x01, 0xFF,
    0x9F, 0x7F, 0x00, 0xFE, 0x00, 0x00, 0x00, 0xFF, 0x00, 0x00, 0x00, 0xFF, 0x00, 0x00, 0x00, 0xFF,
    0x00, 0x00, 0x00, 0xFF, 0x00, 0x00, 0x00, 0xFF, 0x00, 0x00, 0x00, 0x49, 0x00, 0x00, 0x00, 0x00,
    0x00, 0x00, 0x00, 0x00, 0x00, 0x00, 0x00, 0x00, 0x00, 0x00, 0x00, 0x00, 0x00, 0x00, 0x00, 0x00,
    0x00, 0x00, 0x00, 0x00, 0x00, 0x00, 0x00, 0x00, 0x00, 0x00, 0x00, 0x00, 0x00, 0x00, 0x00, 0x00,
    0x00, 0x00, 0x00, 0x00, 0x00, 0x00, 0x00, 0x00, 0x00, 0x00, 0x00, 0x00, 0x00, 0x00, 0x00, 0x00,
    0x00, 0x00, 0x00, 0x00, 0x00, 0x00, 0x00, 0x00, 0x00, 0x00, 0x00, 0x00, 0x00, 0x00, 0x00, 0x8C,
    0x00, 0x00, 0x00, 0xFF, 0x00, 0x00, 0x00, 0xFF, 0x00, 0x00, 0x00, 0xFF, 0x00, 0x00, 0x00, 0xFF,
    0x00, 0x00, 0x00, 0xFF, 0xA4, 0x2E, 0x1B, 0xFF, 0xF7, 0x45, 0x29, 0xFF, 0xF7, 0x45, 0x29, 0xFF,
    0xF9, 0x47, 0x28, 0xFF, 0xF9, 0x47, 0x28, 0xFF, 0xF9, 0x47, 0x28, 0xFF, 0xF9, 0x47, 0x28, 0xFF,
    0xF9, 0x47, 0x28, 0xFF, 0xF9, 0x47, 0x28, 0xFF, 0xF9, 0x47, 0x28, 0xFF, 0xF9, 0x47, 0x28, 0xFF,
    0xF9, 0x47, 0x28, 0xFF, 0xF9, 0x47, 0x28, 0xFF, 0xF9, 0x47, 0x28, 0xFF, 0xF9, 0x47, 0x28, 0xFF,
    0xF9, 0x47, 0x28, 0xFF, 0xF9, 0x47, 0x28, 0xFF, 0xF9, 0x47, 0x28, 0xFF, 0xF9, 0x47, 0x28, 0xFF,
    0xF9, 0x47, 0x28, 0xFF, 0xF9, 0x47, 0x28, 0xFF, 0xF9, 0x47, 0x28, 0xFF, 0xF9, 0x47, 0x28, 0xFF,
    0xF9, 0x47, 0x28, 0xFF, 0xF9, 0x47, 0x28, 0xFF, 0xF9, 0x47, 0x28, 0xFF, 0xF9, 0x47, 0x28, 0xFF,
    0xF9, 0x47, 0x28, 0xFF, 0xF9, 0x47, 0x28, 0xFF, 0xF9, 0x47, 0x28, 0xFF, 0xF9, 0x47, 0x28, 0xFF,
    0xF9, 0x47, 0x28, 0xFF, 0xF9, 0x47, 0x28, 0xFF, 0xF9, 0x47, 0x28, 0xFF, 0xF9, 0x47, 0x28, 0xFF,
    0xF7, 0x45, 0x29, 0xFF, 0xF7, 0x45, 0x29, 0xFF, 0xF7, 0x45, 0x29, 0xFF, 0xA4, 0x2E, 0x1B, 0xFF,
    0x00, 0x00, 0x00, 0xFF, 0x00, 0x00, 0x00, 0xFF, 0x00, 0x00, 0x00, 0xFF, 0x00, 0x00, 0x00, 0xFF,
    0xD8, 0xBD, 0x49, 0xFF, 0xFE, 0xCD, 0x01, 0xFF, 0xFE, 0xCD, 0x01, 0xFF, 0xFE, 0xCD, 0x01, 0xFF,
    0xFE, 0xCD, 0x01, 0xFF, 0xFE, 0xCD, 0x01, 0xFE, 0xFE, 0xCD, 0x01, 0xFE, 0xFE, 0xCD, 0x01, 0xFE,
    0xFE, 0xCD, 0x01, 0xFE, 0xFE, 0xCD, 0x01, 0xFE, 0xFE, 0xCD, 0x01, 0xFE, 0xFE, 0xCD, 0x01, 0xFE,
    0xFE, 0xCD, 0x01, 0xFE, 0xFE, 0xCD, 0x01, 0xFE, 0xFE, 0xCD, 0x01, 0xFE, 0xFE, 0xCD, 0x01, 0xFE,
    0xFE, 0xCD, 0x01, 0xFE, 0xFE, 0xCD, 0x01, 0xFE, 0xFE, 0xCD, 0x01, 0xFE, 0xFE, 0xCD, 0x01, 0xFE,
    0xFE, 0xCD, 0x01, 0xFE, 0xFE, 0xCD, 0x01, 0xFE, 0xFE, 0xCD, 0x01, 0xFE, 0xFE, 0xCD, 0x01, 0xFE,
    0xFE, 0xCD, 0x01, 0xFE, 0xFE, 0xCD, 0x01, 0xFE, 0xFE, 0xCD, 0x01, 0xFE, 0xFE, 0xCD, 0x01, 0xFE,
    0xFE, 0xCD, 0x01, 0xFE, 0xFE, 0xCD, 0x01, 0xFE, 0xFE, 0xCD, 0x01, 0xFE, 0xFE, 0xCD, 0x01, 0xFE,
    0xFE, 0xCD, 0x01, 0xFE, 0xFE, 0xCD, 0x01, 0xFE, 0xFE, 0xCD, 0x01, 0xFE, 0xFE, 0xCD, 0x01, 0xFE,
    0xFE, 0xCD, 0x01, 0xFE, 0xFE, 0xCD, 0x01, 0xFE, 0xFE, 0xCD, 0x01, 0xFE, 0xFE, 0xCD, 0x01, 0xFE,
    0xFE, 0xCD, 0x01, 0xFE, 0xFE, 0xCD, 0x01, 0xFE, 0xFE, 0xCD, 0x01, 0xFE, 0xFE, 0xCD, 0x01, 0xFE,
    0xFE, 0xCD, 0x01, 0xFE, 0xFE, 0xCD, 0x01, 0xFE, 0xFE, 0xCD, 0x01, 0xFE, 0xFE, 0xCD, 0x01, 0xFE,
    0xFE, 0xCD, 0x01, 0xFE, 0xFE, 0xCD, 0x01, 0xFE, 0xFE, 0xCD, 0x01, 0xFE, 0xFE, 0xCD, 0x01, 0xFE,
    0xFE, 0xCD, 0x01, 0xFE, 0xFE, 0xCD, 0x01, 0xFE, 0xFE, 0xCD, 0x01, 0xFE, 0xFE, 0xCD, 0x01, 0xFE,
    0xFE, 0xCD, 0x01, 0xFE, 0xFE, 0xCD, 0x01, 0xFE, 0xFE, 0xCD, 0x01, 0xFE, 0xFE, 0xCD, 0x01, 0xFE,
    0xFE, 0xCD, 0x01, 0xFE, 0xFE, 0xCD, 0x01, 0xFE, 0xFE, 0xCD, 0x01, 0xFE, 0xFE, 0xCD, 0x01, 0xFE,
    0xFE, 0xCD, 0x01, 0xFE, 0xFE, 0xCD, 0x01, 0xFE, 0xFE, 0xCD, 0x01, 0xFE, 0xFE, 0xCD, 0x01, 0xFE,
    0xFE, 0xCD, 0x01, 0xFE, 0xFE, 0xCD, 0x01, 0xFE, 0xFE, 0xCD, 0x01, 0xFE, 0xFE, 0xCD, 0x01, 0xFE,
    0xFE, 0xCD, 0x01, 0xFE, 0xFE, 0xCD, 0x01, 0xFE, 0xFE, 0xCD, 0x01, 0xFE, 0xFE, 0xCD, 0x01, 0xFE,
    0xFE, 0xCD, 0x01, 0xFE, 0xFE, 0xCD, 0x01, 0xFE, 0xFE, 0xCD, 0x01, 0xFE, 0xFE, 0xCD, 0x01, 0xFE,
    0xFE, 0xCD, 0x01, 0xFE, 0xFE, 0xCD, 0x01, 0xFE, 0xFE, 0xCD, 0x01, 0xFE, 0xFE, 0xCD, 0x01, 0xFE,
    0xFE, 0xCD, 0x01, 0xFE, 0xFE, 0xCD, 0x01, 0xFE, 0xFE, 0xCD, 0x01, 0xFE, 0xFE, 0xCD, 0x01, 0xFE,
    0xFE, 0xCD, 0x01, 0xFE, 0xFE, 0xCD, 0x01, 0xFE, 0xFE, 0xCD, 0x01, 0xFE, 0xFE, 0xCD, 0x01, 0xFE,
    0xFE, 0xCD, 0x01, 0xFE, 0xFE, 0xCD, 0x01, 0xFE, 0xFE, 0xCD, 0x01, 0xFE, 0xFE, 0xCD, 0x01, 0xFE,
    0xFE, 0xCD, 0x01, 0xFE, 0xFE, 0xCD, 0x01, 0xFE, 0xFE, 0xCD, 0x01, 0xFE, 0xFE, 0xCD, 0x01, 0xFE,
    0xFE, 0xCD, 0x01, 0xFE, 0xFE, 0xCD, 0x01, 0xFE, 0xFE, 0xCD, 0x01, 0xFE, 0xFE, 0xCD, 0x01, 0xFE,
    0xFE, 0xCD, 0x01, 0xFE, 0xFE, 0xCD, 0x01, 0xFE, 0xFE, 0xCD, 0x01, 0xFE, 0xFE, 0xCD, 0x01, 0xFE,
    0xFE, 0xCD, 0x01, 0xFE, 0xFE, 0xCD, 0x01, 0xFE, 0xFE, 0xCD, 0x01, 0xFE, 0xFE, 0xCD, 0x01, 0xFE,
    0xFE, 0xCD, 0x01, 0xFE, 0xFE, 0xCD, 0x01, 0xFE, 0xFE, 0xCD, 0x01, 0xFE, 0xFE, 0xCD, 0x01, 0xFE,
    0xFE, 0xCD, 0x01, 0xFE, 0xFE, 0xCD, 0x01, 0xFE, 0xFE, 0xCD, 0x01, 0xFE, 0xFE, 0xCD, 0x01, 0xFE,
    0xFE, 0xCD, 0x01, 0xFE, 0xFE, 0xCD, 0x01, 0xFE, 0xFE, 0xCD, 0x01, 0xFE, 0xFE, 0xCD, 0x01, 0xFE,
    0xFE, 0xCD, 0x01, 0xFE, 0xFE, 0xCD, 0x01, 0xFE, 0xFE, 0xCD, 0x01, 0xFE, 0xFE, 0xCD, 0x01, 0xFE,
    0xFE, 0xCD, 0x01, 0xFE, 0xFE, 0xCD, 0x01, 0xFE, 0xFE, 0xCD, 0x01, 0xFE, 0xFE, 0xCD, 0x01, 0xFE,
    0xFE, 0xCD, 0x01, 0xFE, 0xFE, 0xCD, 0x01, 0xFE, 0xFE, 0xCD, 0x01, 0xFE, 0xFE, 0xCD, 0x01, 0xFE,
    0xFE, 0xCD, 0x01, 0xFE, 0xFE, 0xCD, 0x01, 0xFE, 0xFE, 0xCD, 0x01, 0xFE, 0xFE, 0xCD, 0x01, 0xFE,
    0xFE, 0xCD, 0x01, 0xFE, 0xFE, 0xCD, 0x01, 0xFE, 0xFE, 0xCD, 0x01, 0xFE, 0xFE, 0xCD, 0x01, 0xFE,
    0xFE, 0xCD, 0x01, 0xFE, 0xFE, 0xCD, 0x01, 0xFE, 0xFE, 0xCD, 0x01, 0xFE, 0xFE, 0xCD, 0x01, 0xFE,
    0xFE, 0xCD, 0x01, 0xFE, 0xFE, 0xCD, 0x01, 0xFE, 0xFE, 0xCD, 0x01, 0xFE, 0xFE, 0xCD, 0x01, 0xFE,
    0xFE, 0xCD, 0x01, 0xFE, 0xFE, 0xCD, 0x01, 0xFE, 0xFE, 0xCD, 0x01, 0xFE, 0xFE, 0xCD, 0x01, 0xFF,
    0xFE, 0xCD, 0x01, 0xFF, 0xFE, 0xCD, 0x01, 0xFF, 0xFE, 0xCD, 0x01, 0xFF, 0xFE, 0xCD, 0x01, 0xFF,
    0xFE, 0xCD, 0x01, 0xFF, 0xFE, 0xCD, 0x01, 0xFF, 0xFE, 0xCD, 0x01, 0xFF, 0xFE, 0xCD, 0x01, 0xFF,
    0xFE, 0xCD, 0x01, 0xFF, 0xFE, 0xCD, 0x01, 0xFF, 0xFE, 0xCD, 0x01, 0xFF, 0xFE, 0xCD, 0x01, 0xFF,
    0xFE, 0xCD, 0x01, 0xFF, 0xFE, 0xCD, 0x01, 0xFF, 0xFE, 0xCD, 0x01, 0xFF, 0xFE, 0xCD, 0x01, 0xFF,
    0xFE, 0xCD, 0x01, 0xFF, 0xFE, 0xCD, 0x01, 0xFF, 0xFE, 0xCD, 0x01, 0xFF, 0xFE, 0xCD, 0x01, 0xFF,
    0xFE, 0xCD, 0x01, 0xFF, 0xFE, 0xCD, 0x01, 0xFF, 0xFE, 0xCD, 0x01, 0xFF, 0xFE, 0xCD, 0x01, 0xFF,
    0xFE, 0xCD, 0x01, 0xFF, 0xFE, 0xCD, 0x01, 0xFF, 0xFE, 0xCD, 0x01, 0xFF, 0xFE, 0xCD, 0x01, 0xFF,
    0xFE, 0xCD, 0x01, 0xFF, 0xFE, 0xCD, 0x01, 0xFF, 0xFE, 0xCD, 0x01, 0xFF, 0xFE, 0xCD, 0x01, 0xFF,
    0xFE, 0xCD, 0x01, 0xFF, 0xFE, 0xCD, 0x01, 0xFF, 0xFE, 0xCD, 0x01, 0xFF, 0xFE, 0xCD, 0x01, 0xFF,
    0xFE, 0xCD, 0x01, 0xFF, 0xFE, 0xCD, 0x01, 0xFF, 0xFE, 0xCD, 0x01, 0xFF, 0xFE, 0xCD, 0x01, 0xFF,
    0xFE, 0xCD, 0x01, 0xFF, 0xFE, 0xCD, 0x01, 0xFF, 0xFE, 0xCD, 0x01, 0xFF, 0xFE, 0xCD, 0x01, 0xFF,
    0xFE, 0xCD, 0x01, 0xFF, 0x9F, 0x7F, 0x00, 0xFE, 0x00, 0x00, 0x00, 0xFF, 0x00, 0x00, 0x00, 0xFF,
    0x00, 0x00, 0x00, 0xFF, 0x00, 0x00, 0x00, 0xFF, 0x00, 0x00, 0x00, 0xF0, 0x00, 0x00, 0x00, 0x20,
    0x00, 0x00, 0x00, 0x00, 0x00, 0x00, 0x00, 0x00, 0x00, 0x00, 0x00, 0x00, 0x00, 0x00, 0x00, 0x00,
    0x00, 0x00, 0x00, 0x00, 0x00, 0x00, 0x00, 0x00, 0x00, 0x00, 0x00, 0x00, 0x00, 0x00, 0x00, 0x00,
    0x00, 0x00, 0x00, 0x00, 0x00, 0x00, 0x00, 0x00, 0x00, 0x00, 0x00, 0x00, 0x00, 0x00, 0x00, 0x00,
    0x00, 0x00, 0x00, 0x00, 0x00, 0x00, 0x00, 0x00, 0x00, 0x00, 0x00, 0x39, 0x00, 0x00, 0x00, 0xFF,
    0x00, 0x00, 0x00, 0xFF, 0x00, 0x00, 0x00, 0xFF, 0x00, 0x00, 0x00, 0xFF, 0x00, 0x00, 0x00, 0xFF,
    0xA4, 0x2E, 0x1B, 0xFF, 0xF7, 0x45, 0x29, 0xFF, 0xF7, 0x45, 0x29, 0xFF, 0xF7, 0x45, 0x29, 0xFF,
    0xF9, 0x47, 0x28, 0xFF, 0xF9, 0x47, 0x28, 0xFF, 0xF9, 0x47, 0x28, 0xFF, 0xF9, 0x47, 0x28, 0xFF,
    0xF9, 0x47, 0x28, 0xFF, 0xF9, 0x47, 0x28, 0xFF, 0xF9, 0x47, 0x28, 0xFF, 0xF9, 0x47, 0x28, 0xFF,
    0xF9, 0x47, 0x28, 0xFF, 0xF9, 0x47, 0x28, 0xFF, 0xF9, 0x47, 0x28, 0xFF, 0xF9, 0x47, 0x28, 0xFF,
    0xF9, 0x47, 0x28, 0xFF, 0xF9, 0x47, 0x28, 0xFF, 0xF9, 0x47, 0x28, 0xFF, 0xF9, 0x47, 0x28, 0xFF,
    0xF9, 0x47, 0x28, 0xFF, 0xF9, 0x47, 0x28, 0xFF, 0xF9, 0x47, 0x28, 0xFF, 0xF9, 0x47, 0x28, 0xFF,
    0xF9, 0x47, 0x28, 0xFF, 0xF9, 0x47, 0x28, 0xFF, 0xF9, 0x47, 0x28, 0xFF, 0xF9, 0x47, 0x28, 0xFF,
    0xF9, 0x47, 0x28, 0xFF, 0xF9, 0x47, 0x28, 0xFF, 0xF9, 0x47, 0x28, 0xFF, 0xF9, 0x47, 0x28, 0xFF,
    0xF9, 0x47, 0x28, 0xFF, 0xF9, 0x47, 0x28, 0xFF, 0xF9, 0x47, 0x28, 0xFF, 0xF9, 0x47, 0x28, 0xFF,
    0xF7, 0x45, 0x29, 0xFF, 0xF7, 0x45, 0x29, 0xFF, 0xF7, 0x45, 0x29, 0xFF, 0xF7, 0x45, 0x29, 0xFF,
    0x9F, 0x2E, 0x1B, 0xFF, 0x00, 0x00, 0x00, 0xFF, 0x00, 0x00, 0x00, 0xFF, 0x00, 0x00, 0x00, 0xFF,
    0x0F, 0x0F, 0x0F, 0xFF, 0xFE, 0xCC, 0x01, 0xFF, 0xFE, 0xCD, 0x01, 0xFF, 0xFE, 0xCD, 0x01, 0xFF,
    0xFE, 0xCD, 0x01, 0xFF, 0xFE, 0xCD, 0x01, 0xFF, 0xFE, 0xCD, 0x01, 0xFE, 0xFE, 0xCD, 0x01, 0xFE,
    0xFE, 0xCD, 0x01, 0xFE, 0xFE, 0xCD, 0x01, 0xFE, 0xFE, 0xCD, 0x01, 0xFE, 0xFE, 0xCD, 0x01, 0xFE,
    0xFE, 0xCD, 0x01, 0xFE, 0xFE, 0xCD, 0x01, 0xFE, 0xFE, 0xCD, 0x01, 0xFE, 0xFE, 0xCD, 0x01, 0xFE,
    0xFE, 0xCD, 0x01, 0xFE, 0xFE, 0xCD, 0x01, 0xFE, 0xFE, 0xCD, 0x01, 0xFE, 0xFE, 0xCD, 0x01, 0xFE,
    0xFE, 0xCD, 0x01, 0xFE, 0xFE, 0xCD, 0x01, 0xFE, 0xFE, 0xCD, 0x01, 0xFE, 0xFE, 0xCD, 0x01, 0xFE,
    0xFE, 0xCD, 0x01, 0xFE, 0xFE, 0xCD, 0x01, 0xFE, 0xFE, 0xCD, 0x01, 0xFE, 0xFE, 0xCD, 0x01, 0xFE,
    0xFE, 0xCD, 0x01, 0xFE, 0xFE, 0xCD, 0x01, 0xFE, 0xFE, 0xCD, 0x01, 0xFE, 0xFE, 0xCD, 0x01, 0xFE,
    0xFE, 0xCD, 0x01, 0xFE, 0xFE, 0xCD, 0x01, 0xFE, 0xFE, 0xCD, 0x01, 0xFE, 0xFE, 0xCD, 0x01, 0xFE,
    0xFE, 0xCD, 0x01, 0xFE, 0xFE, 0xCD, 0x01, 0xFE, 0xFE, 0xCD, 0x01, 0xFE, 0xFE, 0xCD, 0x01, 0xFE,
    0xFE, 0xCD, 0x01, 0xFE, 0xFE, 0xCD, 0x01, 0xFE, 0xFE, 0xCD, 0x01, 0xFE, 0xFE, 0xCD, 0x01, 0xFE,
    0xFE, 0xCD, 0x01, 0xFE, 0xFE, 0xCD, 0x01, 0xFE, 0xFE, 0xCD, 0x01, 0xFE, 0xFE, 0xCD, 0x01, 0xFE,
    0xFE, 0xCD, 0x01, 0xFE, 0xFE, 0xCD, 0x01, 0xFE, 0xFE, 0xCD, 0x01, 0xFE, 0xFE, 0xCD, 0x01, 0xFE,
    0xFE, 0xCD, 0x01, 0xFE, 0xFE, 0xCD, 0x01, 0xFE, 0xFE, 0xCD, 0x01, 0xFE, 0xFE, 0xCD, 0x01, 0xFE,
    0xFE, 0xCD, 0x01, 0xFE, 0xFE, 0xCD, 0x01, 0xFE, 0xFE, 0xCD, 0x01, 0xFE, 0xFE, 0xCD, 0x01, 0xFE,
    0xFE, 0xCD, 0x01, 0xFE, 0xFE, 0xCD, 0x01, 0xFE, 0xFE, 0xCD, 0x01, 0xFE, 0xFE, 0xCD, 0x01, 0xFE,
    0xFE, 0xCD, 0x01, 0xFE, 0xFE, 0xCD, 0x01, 0xFE, 0xFE, 0xCD, 0x01, 0xFE, 0xFE, 0xCD, 0x01, 0xFE,
    0xFE, 0xCD, 0x01, 0xFE, 0xFE, 0xCD, 0x01, 0xFE, 0xFE, 0xCD, 0x01, 0xFE, 0xFE, 0xCD, 0x01, 0xFE,
    0xFE, 0xCD, 0x01, 0xFE, 0xFE, 0xCD, 0x01, 0xFE, 0xFE, 0xCD, 0x01, 0xFE, 0xFE, 0xCD, 0x01, 0xFE,
    0xFE, 0xCD, 0x01, 0xFE, 0xFE, 0xCD, 0x01, 0xFE, 0xFE, 0xCD, 0x01, 0xFE, 0xFE, 0xCD, 0x01, 0xFE,
    0xFE, 0xCD, 0x01, 0xFE, 0xFE, 0xCD, 0x01, 0xFE, 0xFE, 0xCD, 0x01, 0xFE, 0xFE, 0xCD, 0x01, 0xFE,
    0xFE, 0xCD, 0x01, 0xFE, 0xFE, 0xCD, 0x01, 0xFE, 0xFE, 0xCD, 0x01, 0xFE, 0xFE, 0xCD, 0x01, 0xFE,
    0xFE, 0xCD, 0x01, 0xFE, 0xFE, 0xCD, 0x01, 0xFE, 0xFE, 0xCD, 0x01, 0xFE, 0xFE, 0xCD, 0x01, 0xFE,
    0xFE, 0xCD, 0x01, 0xFE, 0xFE, 0xCD, 0x01, 0xFE, 0xFE, 0xCD, 0x01, 0xFE, 0xFE, 0xCD, 0x01, 0xFE,
    0xFE, 0xCD, 0x01, 0xFE, 0xFE, 0xCD, 0x01, 0xFE, 0xFE, 0xCD, 0x01, 0xFE, 0xFE, 0xCD, 0x01, 0xFE,
    0xFE, 0xCD, 0x01, 0xFE, 0xFE, 0xCD, 0x01, 0xFE, 0xFE, 0xCD, 0x01, 0xFE, 0xFE, 0xCD, 0x01, 0xFE,
    0xFE, 0xCD, 0x01, 0xFE, 0xFE, 0xCD, 0x01, 0xFE, 0xFE, 0xCD, 0x01, 0xFE, 0xFE, 0xCD, 0x01, 0xFE,
    0xFE, 0xCD, 0x01, 0xFE, 0xFE, 0xCD, 0x01, 0xFE, 0xFE, 0xCD, 0x01, 0xFE, 0xFE, 0xCD, 0x01, 0xFE,
    0xFE, 0xCD, 0x01, 0xFE, 0xFE, 0xCD, 0x01, 0xFE, 0xFE, 0xCD, 0x01, 0xFE, 0xFE, 0xCD, 0x01, 0xFE,
    0xFE, 0xCD, 0x01, 0xFE, 0xFE, 0xCD, 0x01, 0xFE, 0xFE, 0xCD, 0x01, 0xFE, 0xFE, 0xCD, 0x01, 0xFE,
    0xFE, 0xCD, 0x01, 0xFE, 0xFE, 0xCD, 0x01, 0xFE, 0xFE, 0xCD, 0x01, 0xFE, 0xFE, 0xCD, 0x01, 0xFE,
    0xFE, 0xCD, 0x01, 0xFE, 0xFE, 0xCD, 0x01, 0xFE, 0xFE, 0xCD, 0x01, 0xFE, 0xFE, 0xCD, 0x01, 0xFE,
    0xFE, 0xCD, 0x01, 0xFE, 0xFE, 0xCD, 0x01, 0xFE, 0xFE, 0xCD, 0x01, 0xFE, 0xFE, 0xCD, 0x01, 0xFE,
    0xFE, 0xCD, 0x01, 0xFE, 0xFE, 0xCD, 0x01, 0xFE, 0xFE, 0xCD, 0x01, 0xFE, 0xFE, 0xCD, 0x01, 0xFE,
    0xFE, 0xCD, 0x01, 0xFE, 0xFE, 0xCD, 0x01, 0xFE, 0xFE, 0xCD, 0x01, 0xFE, 0xFE, 0xCD, 0x01, 0xFE,
    0xFE, 0xCD, 0x01, 0xFE, 0xFE, 0xCD, 0x01, 0xFE, 0xFE, 0xCD, 0x01, 0xFE, 0xFE, 0xCD, 0x01, 0xFE,
    0xFE, 0xCD, 0x01, 0xFE, 0xFE, 0xCD, 0x01, 0xFE, 0xFE, 0xCD, 0x01, 0xFE, 0xFE, 0xCD, 0x01, 0xFE,
    0xFE, 0xCD, 0x01, 0xFE, 0xFE, 0xCD, 0x01, 0xFE, 0xFE, 0xCD, 0x01, 0xFE, 0xFE, 0xCD, 0x01, 0xFE,
    0xFE, 0xCD, 0x01, 0xFE, 0xFE, 0xCD, 0x01, 0xFE, 0xFE, 0xCD, 0x01, 0xFE, 0xFE, 0xCD, 0x01, 0xFF,
    0xFE, 0xCD, 0x01, 0xFF, 0xFE, 0xCD, 0x01, 0xFF, 0xFE, 0xCD, 0x01, 0xFF, 0xFE, 0xCD, 0x01, 0xFF,
    0xFE, 0xCD, 0x01, 0xFF, 0xFE, 0xCD, 0x01, 0xFF, 0xFE, 0xCD, 0x01, 0xFF, 0xFE, 0xCD, 0x01, 0xFF,
    0xFE, 0xCD, 0x01, 0xFF, 0xFE, 0xCD, 0x01, 0xFF, 0xFE, 0xCD, 0x01, 0xFF, 0xFE, 0xCD, 0x01, 0xFF,
    0xFE, 0xCD, 0x01, 0xFF, 0xFE, 0xCD, 0x01, 0xFF, 0xFE, 0xCD, 0x01, 0xFF, 0xFE, 0xCD, 0x01, 0xFF,
    0xFE, 0xCD, 0x01, 0xFF, 0xFE, 0xCD, 0x01, 0xFF, 0xFE, 0xCD, 0x01, 0xFF, 0xFE, 0xCD, 0x01, 0xFF,
    0xFE, 0xCD, 0x01, 0xFF, 0xFE, 0xCD, 0x01, 0xFF, 0xFE, 0xCD, 0x01, 0xFF, 0xFE, 0xCD, 0x01, 0xFF,
    0xFE, 0xCD, 0x01, 0xFF, 0xFE, 0xCD, 0x01, 0xFF, 0xFE, 0xCD, 0x01, 0xFF, 0xFE, 0xCD, 0x01, 0xFF,
    0xFE, 0xCD, 0x01, 0xFF, 0xFE, 0xCD, 0x01, 0xFF, 0xFE, 0xCD, 0x01, 0xFF, 0xFE, 0xCD, 0x01, 0xFF,
    0xFE, 0xCD, 0x01, 0xFF, 0xFE, 0xCD, 0x01, 0xFF, 0xFE, 0xCD, 0x01, 0xFF, 0xFE, 0xCD, 0x01, 0xFF,
    0xFE, 0xCD, 0x01, 0xFF, 0xFE, 0xCD, 0x01, 0xFF, 0xFE, 0xCD, 0x01, 0xFF, 0xFE, 0xCD, 0x01, 0xFF,
    0xFE, 0xCD, 0x01, 0xFF, 0xFE, 0xCD, 0x01, 0xFF, 0xFE, 0xCD, 0x01, 0xFF, 0xFE, 0xCD, 0x01, 0xFF,
    0xFE, 0xCD, 0x01, 0xFF, 0xFE, 0xCD, 0x01, 0xFF, 0x93, 0x75, 0x00, 0xFE, 0x00, 0x00, 0x00, 0xFF,
    0x00, 0x00, 0x00, 0xFF, 0x00, 0x00, 0x00, 0xFF, 0x00, 0x00, 0x00, 0xFF, 0x00, 0x00, 0x00, 0xC6,
    0x00, 0x00, 0x00, 0x00, 0x00, 0x00, 0x00, 0x00, 0x00, 0x00, 0x00, 0x00, 0x00, 0x00, 0x00, 0x00,
    0x00, 0x00, 0x00, 0x00, 0x00, 0x00, 0x00, 0x00, 0x00, 0x00, 0x00, 0x00, 0x00, 0x00, 0x00, 0x00,
    0x00, 0x00, 0x00, 0x00, 0x00, 0x00, 0x00, 0x00, 0x00, 0x00, 0x00, 0x00, 0x00, 0x00, 0x00, 0x00,
    0x00, 0x00, 0x00, 0x00, 0x00, 0x00, 0x00, 0x10, 0x00, 0x00, 0x00, 0xE0, 0x00, 0x00, 0x00, 0xFF,
    0x00, 0x00, 0x00, 0xFF, 0x00, 0x00, 0x00, 0xFF, 0x00, 0x00, 0x00, 0xFF, 0x5D, 0x1A, 0x10, 0xFF,
    0xF7, 0x45, 0x29, 0xFF, 0xF7, 0x45, 0x29, 0xFF, 0xF7, 0x45, 0x29, 0xFF, 0xF7, 0x45, 0x29, 0xFF,
    0xF9, 0x47, 0x28, 0xFF, 0xF9, 0x47, 0x28, 0xFF, 0xF9, 0x47, 0x28, 0xFF, 0xF9, 0x47, 0x28, 0xFF,
    0xF9, 0x47, 0x28, 0xFF, 0xF9, 0x47, 0x28, 0xFF, 0xF9, 0x47, 0x28, 0xFF, 0xF9, 0x47, 0x28, 0xFF,
    0xF9, 0x47, 0x28, 0xFF, 0xF9, 0x47, 0x28, 0xFF, 0xF9, 0x47, 0x28, 0xFF, 0xF9, 0x47, 0x28, 0xFF,
    0xF9, 0x47, 0x28, 0xFF, 0xF9, 0x47, 0x28, 0xFF, 0xF9, 0x47, 0x28, 0xFF, 0xF9, 0x47, 0x28, 0xFF,
    0xF9, 0x47, 0x28, 0xFF, 0xF9, 0x47, 0x28, 0xFF, 0xF9, 0x47, 0x28, 0xFF, 0xF9, 0x47, 0x28, 0xFF,
    0xF9, 0x47, 0x28, 0xFF, 0xF9, 0x47, 0x28, 0xFF, 0xF9, 0x47, 0x28, 0xFF, 0xF9, 0x47, 0x28, 0xFF,
    0xF9, 0x47, 0x28, 0xFF, 0xF9, 0x47, 0x28, 0xFF, 0xF9, 0x47, 0x28, 0xFF, 0xF9, 0x47, 0x28, 0xFF,
    0xF9, 0x47, 0x28, 0xFF, 0xF9, 0x47, 0x28, 0xFF, 0xF9, 0x47, 0x28, 0xFF, 0xF9, 0x47, 0x28, 0xFF,
    0xF7, 0x45, 0x29, 0xFF, 0xF7, 0x45, 0x29, 0xFF, 0xF7, 0x45, 0x29, 0xFF, 0xF7, 0x45, 0x29, 0xFF,
    0xEF, 0x45, 0x29, 0xFF, 0x4F, 0x17, 0x0D, 0xFF, 0x00, 0x00, 0x00, 0xFF, 0x00, 0x00, 0x00, 0xFF,
    0x00, 0x00, 0x00, 0xFF, 0x35, 0x35, 0x35, 0xFF, 0xFE, 0xCD, 0x01, 0xFF, 0xFE, 0xCD, 0x01, 0xFF,
    0xFE, 0xCD, 0x01, 0xFF, 0xFE, 0xCD, 0x01, 0xFF, 0xFE, 0xCD, 0x01, 0xFF, 0xFE, 0xCD, 0x01, 0xFE,
    0xFE, 0xCD, 0x01, 0xFE, 0xFE, 0xCD, 0x01, 0xFE, 0xFE, 0xCD, 0x01, 0xFE, 0xFE, 0xCD, 0x01, 0xFE,
    0xFE, 0xCD, 0x01, 0xFE, 0xFE, 0xCD, 0x01, 0xFE, 0xFE, 0xCD, 0x01, 0xFE, 0xFE, 0xCD, 0x01, 0xFE,
    0xFE, 0xCD, 0x01, 0xFE, 0xFE, 0xCD, 0x01, 0xFE, 0xFE, 0xCD, 0x01, 0xFE, 0xFE, 0xCD, 0x01, 0xFE,
    0xFE, 0xCD, 0x01, 0xFE, 0xFE, 0xCD, 0x01, 0xFE, 0xFE, 0xCD, 0x01, 0xFE, 0xFE, 0xCD, 0x01, 0xFE,
    0xFE, 0xCD, 0x01, 0xFE, 0xFE, 0xCD, 0x01, 0xFE, 0xFE, 0xCD, 0x01, 0xFE, 0xFE, 0xCD, 0x01, 0xFE,
    0xFE, 0xCD, 0x01, 0xFE, 0xFE, 0xCD, 0x01, 0xFE, 0xFE, 0xCD, 0x01, 0xFE, 0xFE, 0xCD, 0x01, 0xFE,
    0xFE, 0xCD, 0x01, 0xFE, 0xFE, 0xCD, 0x01, 0xFE, 0xFE, 0xCD, 0x01, 0xFE, 0xFE, 0xCD, 0x01, 0xFE,
    0xFE, 0xCD, 0x01, 0xFE, 0xFE, 0xCD, 0x01, 0xFE, 0xFE, 0xCD, 0x01, 0xFE, 0xFE, 0xCD, 0x01, 0xFE,
    0xFE, 0xCD, 0x01, 0xFE, 0xFE, 0xCD, 0x01, 0xFE, 0xFE, 0xCD, 0x01, 0xFE, 0xFE, 0xCD, 0x01, 0xFE,
    0xFE, 0xCD, 0x01, 0xFE, 0xFE, 0xCD, 0x01, 0xFE, 0xFE, 0xCD, 0x01, 0xFE, 0xFE, 0xCD, 0x01, 0xFE,
    0xFE, 0xCD, 0x01, 0xFE, 0xFE, 0xCD, 0x01, 0xFE, 0xFE, 0xCD, 0x01, 0xFE, 0xFE, 0xCD, 0x01, 0xFE,
    0xFE, 0xCD, 0x01, 0xFE, 0xFE, 0xCD, 0x01, 0xFE, 0xFE, 0xCD, 0x01, 0xFE, 0xFE, 0xCD, 0x01, 0xFE,
    0xFE, 0xCD, 0x01, 0xFE, 0xFE, 0xCD, 0x01, 0xFE, 0xFE, 0xCD, 0x01, 0xFE, 0xFE, 0xCD, 0x01, 0xFE,
    0xFE, 0xCD, 0x01, 0xFE, 0xFE, 0xCD, 0x01, 0xFE, 0xFE, 0xCD, 0x01, 0xFE, 0xFE, 0xCD, 0x01, 0xFE,
    0xFE, 0xCD, 0x01, 0xFE, 0xFE, 0xCD, 0x01, 0xFE, 0xFE, 0xCD, 0x01, 0xFE, 0xFE, 0xCD, 0x01, 0xFE,
    0xFE, 0xCD, 0x01, 0xFE, 0xFE, 0xCD, 0x01, 0xFE, 0xFE, 0xCD, 0x01, 0xFE, 0xFE, 0xCD, 0x01, 0xFE,
    0xFE, 0xCD, 0x01, 0xFE, 0xFE, 0xCD, 0x01, 0xFE, 0xFE, 0xCD, 0x01, 0xFE, 0xFE, 0xCD, 0x01, 0xFE,
    0xFE, 0xCD, 0x01, 0xFE, 0xFE, 0xCD, 0x01, 0xFE, 0xFE, 0xCD, 0x01, 0xFE, 0xFE, 0xCD, 0x01, 0xFE,
    0xFE, 0xCD, 0x01, 0xFE, 0xFE, 0xCD, 0x01, 0xFE, 0xFE, 0xCD, 0x01, 0xFE, 0xFE, 0xCD, 0x01, 0xFE,
    0xFE, 0xCD, 0x01, 0xFE, 0xFE, 0xCD, 0x01, 0xFE, 0xFE, 0xCD, 0x01, 0xFE, 0xFE, 0xCD, 0x01, 0xFE,
    0xFE, 0xCD, 0x01, 0xFE, 0xFE, 0xCD, 0x01, 0xFE, 0xFE, 0xCD, 0x01, 0xFE, 0xFE, 0xCD, 0x01, 0xFE,
    0xFE, 0xCD, 0x01, 0xFE, 0xFE, 0xCD, 0x01, 0xFE, 0xFE, 0xCD, 0x01, 0xFE, 0xFE, 0xCD, 0x01, 0xFE,
    0xFE, 0xCD, 0x01, 0xFE, 0xFE, 0xCD, 0x01, 0xFE, 0xFE, 0xCD, 0x01, 0xFE, 0xFE, 0xCD, 0x01, 0xFE,
    0xFE, 0xCD, 0x01, 0xFE, 0xFE, 0xCD, 0x01, 0xFE, 0xFE, 0xCD, 0x01, 0xFE, 0xFE, 0xCD, 0x01, 0xFE,
    0xFE, 0xCD, 0x01, 0xFE, 0xFE, 0xCD, 0x01, 0xFE, 0xFE, 0xCD, 0x01, 0xFE, 0xFE, 0xCD, 0x01, 0xFE,
    0xFE, 0xCD, 0x01, 0xFE, 0xFE, 0xCD, 0x01, 0xFE, 0xFE, 0xCD, 0x01, 0xFE, 0xFE, 0xCD, 0x01, 0xFE,
    0xFE, 0xCD, 0x01, 0xFE, 0xFE, 0xCD, 0x01, 0xFE, 0xFE, 0xCD, 0x01, 0xFE, 0xFE, 0xCD, 0x01, 0xFE,
    0xFE, 0xCD, 0x01, 0xFE, 0xFE, 0xCD, 0x01, 0xFE, 0xFE, 0xCD, 0x01, 0xFE, 0xFE, 0xCD, 0x01, 0xFE,
    0xFE, 0xCD, 0x01, 0xFE, 0xFE, 0xCD, 0x01, 0xFE, 0xFE, 0xCD, 0x01, 0xFE, 0xFE, 0xCD, 0x01, 0xFE,
    0xFE, 0xCD, 0x01, 0xFE, 0xFE, 0xCD, 0x01, 0xFE, 0xFE, 0xCD, 0x01, 0xFE, 0xFE, 0xCD, 0x01, 0xFE,
    0xFE, 0xCD, 0x01, 0xFE, 0xFE, 0xCD, 0x01, 0xFE, 0xFE, 0xCD, 0x01, 0xFE, 0xFE, 0xCD, 0x01, 0xFE,
    0xFE, 0xCD, 0x01, 0xFE, 0xFE, 0xCD, 0x01, 0xFE, 0xFE, 0xCD, 0x01, 0xFE, 0xFE, 0xCD, 0x01, 0xFE,
    0xFE, 0xCD, 0x01, 0xFE, 0xFE, 0xCD, 0x01, 0xFE, 0xFE, 0xCD, 0x01, 0xFE, 0xFE, 0xCD, 0x01, 0xFE,
    0xFE, 0xCD, 0x01, 0xFE, 0xFE, 0xCD, 0x01, 0xFE, 0xFE, 0xCD, 0x01, 0xFE, 0xFE, 0xCD, 0x01, 0xFE,
    0xFE, 0xCD, 0x01, 0xFE, 0xFE, 0xCD, 0x01, 0xFE, 0xFE, 0xCD, 0x01, 0xFE, 0xFE, 0xCD, 0x01, 0xFE,
    0xFE, 0xCD, 0x01, 0xFE, 0xFE, 0xCD, 0x01, 0xFE, 0xFE, 0xCD, 0x01, 0xFE, 0xFE, 0xCD, 0x01, 0xFE,
    0xFE, 0xCD, 0x01, 0xFE, 0xFE, 0xCD, 0x01, 0xFE, 0xFE, 0xCD, 0x01, 0xFE, 0xFE, 0xCD, 0x01, 0xFF,
    0xFE, 0xCD, 0x01, 0xFF, 0xFE, 0xCD, 0x01, 0xFF, 0xFE, 0xCD, 0x01, 0xFF, 0xFE, 0xCD, 0x01, 0xFF,
    0xFE, 0xCD, 0x01, 0xFF, 0xFE, 0xCD, 0x01, 0xFF, 0xFE, 0xCD, 0x01, 0xFF, 0xFE, 0xCD, 0x01, 0xFF,
    0xFE, 0xCD, 0x01, 0xFF, 0xFE, 0xCD, 0x01, 0xFF, 0xFE, 0xCD, 0x01, 0xFF, 0xFE, 0xCD, 0x01, 0xFF,
    0xFE, 0xCD, 0x01, 0xFF, 0xFE, 0xCD, 0x01, 0xFF, 0xFE, 0xCD, 0x01, 0xFF, 0xFE, 0xCD, 0x01, 0xFF,
    0xFE, 0xCD, 0x01, 0xFF, 0xFE, 0xCD, 0x01, 0xFF, 0xFE, 0xCD, 0x01, 0xFF, 0xFE, 0xCD, 0x01, 0xFF,
    0xFE, 0xCD, 0x01, 0xFF, 0xFE, 0xCD, 0x01, 0xFF, 0xFE, 0xCD, 0x01, 0xFF, 0xFE, 0xCD, 0x01, 0xFF,
    0xFE, 0xCD, 0x01, 0xFF, 0xFE, 0xCD, 0x01, 0xFF, 0xFE, 0xCD, 0x01, 0xFF, 0xFE, 0xCD, 0x01, 0xFF,
    0xFE, 0xCD, 0x01, 0xFF, 0xFE, 0xCD, 0x01, 0xFF, 0xFE, 0xCD, 0x01, 0xFF, 0xFE, 0xCD, 0x01, 0xFF,
    0xFE, 0xCD, 0x01, 0xFF, 0xFE, 0xCD, 0x01, 0xFF, 0xFE, 0xCD, 0x01, 0xFF, 0xFE, 0xCD, 0x01, 0xFF,
    0xFE, 0xCD, 0x01, 0xFF, 0xFE, 0xCD, 0x01, 0xFF, 0xFE, 0xCD, 0x01, 0xFF, 0xFE, 0xCD, 0x01, 0xFF,
    0xFE, 0xCD, 0x01, 0xFF, 0xFE, 0xCD, 0x01, 0xFF, 0xFE, 0xCD, 0x01, 0xFF, 0xFE, 0xCD, 0x01, 0xFF,
    0xFE, 0xCD, 0x01, 0xFF, 0xFE, 0xCD, 0x01, 0xFF, 0xFE, 0xCD, 0x01, 0xFF, 0x5F, 0x4C, 0x00, 0xFF,
    0x00, 0x00, 0x00, 0xFF, 0x00, 0x00, 0x00, 0xFF, 0x00, 0x00, 0x00, 0xFF, 0x00, 0x00, 0x00, 0xFF,
    0x00, 0x00, 0x00, 0x70, 0x00, 0x00, 0x00, 0x00, 0x00, 0x00, 0x00, 0x00, 0x00, 0x00, 0x00, 0x00,
    0x00, 0x00, 0x00, 0x00, 0x00, 0x00, 0x00, 0x00, 0x00, 0x00, 0x00, 0x00, 0x00, 0x00, 0x00, 0x00,
    0x00, 0x00, 0x00, 0x00, 0x00, 0x00, 0x00, 0x00, 0x00, 0x00, 0x00, 0x00, 0x00, 0x00, 0x00, 0x00,
    0x00, 0x00, 0x00, 0x00, 0x00, 0x00, 0x00, 0x73, 0x00, 0x00, 0x00, 0xFF, 0x00, 0x00, 0x00, 0xFF,
    0x10, 0x04, 0x00, 0xFF, 0x10, 0x04, 0x00, 0xFF, 0x10, 0x04, 0x00, 0xFF, 0xFF, 0x49, 0x29, 0xFF,
    0xF9, 0x47, 0x28, 0xFF, 0xF9, 0x47, 0x28, 0xFF, 0xF9, 0x47, 0x28, 0xFF, 0xF9, 0x47, 0x28, 0xFF,
    0xF9, 0x47, 0x28, 0xFF, 0xF9, 0x47, 0x28, 0xFF, 0xF9, 0x47, 0x28, 0xFF, 0xF9, 0x47, 0x28, 0xFF,
    0xF8, 0x49, 0x28, 0xFF, 0xF8, 0x49, 0x28, 0xFF, 0xF9, 0x48, 0x28, 0xFF, 0xF9, 0x47, 0x28, 0xFF,
    0xF9, 0x47, 0x28, 0xFF, 0xF9, 0x47, 0x28, 0xFF, 0xF9, 0x47, 0x28, 0xFF, 0xF9, 0x47, 0x28, 0xFF,
    0xF9, 0x47, 0x28, 0xFF, 0xF9, 0x47, 0x28, 0xFF, 0xF9, 0x47, 0x28, 0xFF, 0xF9, 0x47, 0x28, 0xFF,
    0xF9, 0x47, 0x28, 0xFF, 0xF9, 0x47, 0x28, 0xFF, 0xF9, 0x47, 0x28, 0xFF, 0xF9, 0x47, 0x28, 0xFF,
    0xF9, 0x47, 0x28, 0xFF, 0xF9, 0x47, 0x28, 0xFF, 0xF9, 0x47, 0x28, 0xFF, 0xF9, 0x47, 0x28, 0xFF,
    0xF9, 0x47, 0x28, 0xFF, 0xF9, 0x47, 0x28, 0xFF, 0xF8, 0x4A, 0x2A, 0xFF, 0xF8, 0x4C, 0x2D, 0xFF,
    0xF7, 0x50, 0x30, 0xFF, 0xF7, 0x51, 0x31, 0xFF, 0xF7, 0x51, 0x31, 0xFF, 0xF7, 0x51, 0x31, 0xFF,
    0xF9, 0x47, 0x28, 0xFF, 0xF9, 0x47, 0x28, 0xFF, 0xF9, 0x47, 0x28, 0xFF, 0xF9, 0x47, 0x28, 0xFF,
    0xF7, 0x45, 0x29, 0xFF, 0xF7, 0x45, 0x29, 0xFF, 0x18, 0x08, 0x00, 0xFF, 0x18, 0x08, 0x00, 0xFF,
    0x00, 0x00, 0x00, 0xFF, 0x00, 0x00, 0x00, 0xFF, 0xD0, 0xB4, 0x41, 0xFF, 0xFE, 0xCD, 0x01, 0xFF,
    0xFE, 0xCD, 0x01, 0xFF, 0xFE, 0xCD, 0x01, 0xFF, 0xFE, 0xCD, 0x01, 0xFF, 0xFE, 0xCD, 0x01, 0xFE,
    0xFE, 0xCD, 0x01, 0xFE, 0xFE, 0xCD, 0x01, 0xFE, 0xFE, 0xCD, 0x01, 0xFE, 0xFE, 0xCD, 0x01, 0xFE,
    0xFE, 0xCD, 0x01, 0xFE, 0xFE, 0xCD, 0x01, 0xFE, 0xFE, 0xCD, 0x01, 0xFE, 0xFE, 0xCD, 0x01, 0xFE,
    0xFE, 0xCD, 0x01, 0xFE, 0xFE, 0xCD, 0x01, 0xFE, 0xFE, 0xCD, 0x01, 0xFE, 0xFE, 0xCD, 0x01, 0xFE,
    0xFE, 0xCD, 0x01, 0xFE, 0xFE, 0xCD, 0x01, 0xFE, 0xFE, 0xCD, 0x01, 0xFE, 0xFE, 0xCD, 0x01, 0xFE,
    0xFE, 0xCD, 0x01, 0xFE, 0xFE, 0xCD, 0x01, 0xFE, 0xFE, 0xCD, 0x01, 0xFE, 0xFE, 0xCD, 0x01, 0xFE,
    0xFE, 0xCD, 0x01, 0xFE, 0xFE, 0xCD, 0x01, 0xFE, 0xFE, 0xCD, 0x01, 0xFE, 0xFE, 0xCD, 0x01, 0xFE,
    0xFE, 0xCD, 0x01, 0xFE, 0xFE, 0xCD, 0x01, 0xFE, 0xFE, 0xCD, 0x01, 0xFE, 0xFE, 0xCD, 0x01, 0xFE,
    0xFE, 0xCD, 0x01, 0xFE, 0xFE, 0xCD, 0x01, 0xFE, 0xFE, 0xCD, 0x01, 0xFE, 0xFE, 0xCD, 0x01, 0xFE,
    0xFE, 0xCD, 0x01, 0xFE, 0xFE, 0xCD, 0x01, 0xFE, 0xFE, 0xCD, 0x01, 0xFE, 0xFE, 0xCD, 0x01, 0xFE,
    0xFE, 0xCD, 0x01, 0xFE, 0xFE, 0xCD, 0x01, 0xFE, 0xFE, 0xCD, 0x01, 0xFE, 0xFE, 0xCD, 0x01, 0xFE,
    0xFE, 0xCD, 0x01, 0xFE, 0xFE, 0xCD, 0x01, 0xFE, 0xFE, 0xCD, 0x01, 0xFE, 0xFE, 0xCD, 0x01, 0xFE,
    0xFE, 0xCD, 0x01, 0xFE, 0xFE, 0xCD, 0x01, 0xFE, 0xFE, 0xCD, 0x01, 0xFE, 0xFE, 0xCD, 0x01, 0xFE,
    0xFE, 0xCD, 0x01, 0xFE, 0xFE, 0xCD, 0x01, 0xFE, 0xFE, 0xCD, 0x01, 0xFE, 0xFE, 0xCD, 0x01, 0xFE,
    0xFE, 0xCD, 0x01, 0xFE, 0xFE, 0xCD, 0x01, 0xFE, 0xFE, 0xCD, 0x01, 0xFE, 0xFE, 0xCD, 0x01, 0xFE,
    0xFE, 0xCD, 0x01, 0xFE, 0xFE, 0xCD, 0x01, 0xFE, 0xFE, 0xCD, 0x01, 0xFE, 0xFE, 0xCD, 0x01, 0xFE,
    0xFE, 0xCD, 0x01, 0xFE, 0xFE, 0xCD, 0x01, 0xFE, 0xFE, 0xCD, 0x01, 0xFE, 0xFE, 0xCD, 0x01, 0xFE,
    0xFE, 0xCD, 0x01, 0xFE, 0xFE, 0xCD, 0x01, 0xFE, 0xFE, 0xCD, 0x01, 0xFE, 0xFE, 0xCD, 0x01, 0xFE,
    0xFE, 0xCD, 0x01, 0xFE, 0xFE, 0xCD, 0x01, 0xFE, 0xFE, 0xCD, 0x01, 0xFE, 0xFE, 0xCD, 0x01, 0xFE,
    0xFE, 0xCD, 0x01, 0xFE, 0xFE, 0xCD, 0x01, 0xFE, 0xFE, 0xCD, 0x01, 0xFE, 0xFE, 0xCD, 0x01, 0xFE,
    0xFE, 0xCD, 0x01, 0xFE, 0xFE, 0xCD, 0x01, 0xFE, 0xFE, 0xCD, 0x01, 0xFE, 0xFE, 0xCD, 0x01, 0xFE,
    0xFE, 0xCD, 0x01, 0xFE, 0xFE, 0xCD, 0x01, 0xFE, 0xFE, 0xCD, 0x01, 0xFE, 0xFE, 0xCD, 0x01, 0xFE,
    0xFE, 0xCD, 0x01, 0xFE, 0xFE, 0xCD, 0x01, 0xFE, 0xFE, 0xCD, 0x01, 0xFE, 0xFE, 0xCD, 0x01, 0xFE,
    0xFE, 0xCD, 0x01, 0xFE, 0xFE, 0xCD, 0x01, 0xFE, 0xFE, 0xCD, 0x01, 0xFE, 0xFE, 0xCD, 0x01, 0xFE,
    0xFE, 0xCD, 0x01, 0xFE, 0xFE, 0xCD, 0x01, 0xFE, 0xFE, 0xCD, 0x01, 0xFE, 0xFE, 0xCD, 0x01, 0xFE,
    0xFE, 0xCD, 0x01, 0xFE, 0xFE, 0xCD, 0x01, 0xFE, 0xFE, 0xCD, 0x01, 0xFE, 0xFE, 0xCD, 0x01, 0xFE,
    0xFE, 0xCD, 0x01, 0xFE, 0xFE, 0xCD, 0x01, 0xFE, 0xFE, 0xCD, 0x01, 0xFE, 0xFE, 0xCD, 0x01, 0xFE,
    0xFE, 0xCD, 0x01, 0xFE, 0xFE, 0xCD, 0x01, 0xFE, 0xFE, 0xCD, 0x01, 0xFE, 0xFE, 0xCD, 0x01, 0xFE,
    0xFE, 0xCD, 0x01, 0xFE, 0xFE, 0xCD, 0x01, 0xFE, 0xFE, 0xCD, 0x01, 0xFE, 0xFE, 0xCD, 0x01, 0xFE,
    0xFE, 0xCD, 0x01, 0xFE, 0xFE, 0xCD, 0x01, 0xFE, 0xFE, 0xCD, 0x01, 0xFE, 0xFE, 0xCD, 0x01, 0xFE,
    0xFE, 0xCD, 0x01, 0xFE, 0xFE, 0xCD, 0x01, 0xFE, 0xFE, 0xCD, 0x01, 0xFE, 0xFE, 0xCD, 0x01, 0xFE,
    0xFE, 0xCD, 0x01, 0xFE, 0xFE, 0xCD, 0x01, 0xFE, 0xFE, 0xCD, 0x01, 0xFE, 0xFE, 0xCD, 0x01, 0xFE,
    0xFE, 0xCD, 0x01, 0xFE, 0xFE, 0xCD, 0x01, 0xFE, 0xFE, 0xCD, 0x01, 0xFE, 0xFE, 0xCD, 0x01, 0xFE,
    0xFE, 0xCD, 0x01, 0xFE, 0xFE, 0xCD, 0x01, 0xFE, 0xFE, 0xCD, 0x01, 0xFE, 0xFE, 0xCD, 0x01, 0xFE,
    0xFE, 0xCD, 0x01, 0xFE, 0xFE, 0xCD, 0x01, 0xFE, 0xFE, 0xCD, 0x01, 0xFE, 0xFE, 0xCD, 0x01, 0xFE,
    0xFE, 0xCD, 0x01, 0xFE, 0xFE, 0xCD, 0x01, 0xFE, 0xFE, 0xCD, 0x01, 0xFE, 0xFE, 0xCD, 0x01, 0xFE,
    0xFE, 0xCD, 0x01, 0xFE, 0xFE, 0xCD, 0x01, 0xFE, 0xFE, 0xCD, 0x01, 0xFE, 0xFE, 0xCD, 0x01, 0xFE,
    0xFE, 0xCD, 0x01, 0xFE, 0xFE, 0xCD, 0x01, 0xFE, 0xFE, 0xCD, 0x01, 0xFE, 0xFE, 0xCD, 0x01, 0xFF,
    0xFE, 0xCD, 0x01, 0xFF, 0xFE, 0xCD, 0x01, 0xFF, 0xFE, 0xCD, 0x01, 0xFF, 0xFE, 0xCD, 0x01, 0xFF,
    0xFE, 0xCD, 0x01, 0xFF, 0xFE, 0xCD, 0x01, 0xFF, 0xFE, 0xCD, 0x01, 0xFF, 0xFE, 0xCD, 0x01, 0xFF,
    0xFE, 0xCD, 0x01, 0xFF, 0xFE, 0xCD, 0x01, 0xFF, 0xFE, 0xCD, 0x01, 0xFF, 0xFE, 0xCD, 0x01, 0xFF,
    0xFE, 0xCD, 0x01, 0xFF, 0xFE, 0xCD, 0x01, 0xFF, 0xFE, 0xCD, 0x01, 0xFF, 0xFE, 0xCD, 0x01, 0xFF,
    0xFE, 0xCD, 0x01, 0xFF, 0xFE, 0xCD, 0x01, 0xFF, 0xFE, 0xCD, 0x01, 0xFF, 0xFE, 0xCD, 0x01, 0xFF,
    0xFE, 0xCD, 0x01, 0xFF, 0xFE, 0xCD, 0x01, 0xFF, 0xFE, 0xCD, 0x01, 0xFF, 0xFE, 0xCD, 0x01, 0xFF,
    0xFE, 0xCD, 0x01, 0xFF, 0xFE, 0xCD, 0x01, 0xFF, 0xFE, 0xCD, 0x01, 0xFF, 0xFE, 0xCD, 0x01, 0xFF,
    0xFE, 0xCD, 0x01, 0xFF, 0xFE, 0xCD, 0x01, 0xFF, 0xFE, 0xCD, 0x01, 0xFF, 0xFE, 0xCD, 0x01, 0xFF,
    0xFE, 0xCD, 0x01, 0xFF, 0xFE, 0xCD, 0x01, 0xFF, 0xFE, 0xCD, 0x01, 0xFF, 0xFE, 0xCD, 0x01, 0xFF,
    0xFE, 0xCD, 0x01, 0xFF, 0xFE, 0xCD, 0x01, 0xFF, 0xFE, 0xCD, 0x01, 0xFF, 0xFE, 0xCD, 0x01, 0xFF,
    0xFE, 0xCD, 0x01, 0xFF, 0xFE, 0xCD, 0x01, 0xFF, 0xFE, 0xCD, 0x01, 0xFF, 0xFE, 0xCD, 0x01, 0xFF,
    0xFE, 0xCD, 0x01, 0xFF, 0xFE, 0xCD, 0x01, 0xFF, 0xFE, 0xCD, 0x01, 0xFF, 0xFE, 0xCD, 0x01, 0xFF,
    0x3C, 0x30, 0x00, 0xFF, 0x00, 0x00, 0x00, 0xFF, 0x00, 0x00, 0x00, 0xFF, 0x00, 0x00, 0x00, 0xFF,
    0x00, 0x00, 0x00, 0xF0, 0x00, 0x00, 0x00, 0x10, 0x00, 0x00, 0x00, 0x00, 0x00, 0x00, 0x00, 0x00,
    0x00, 0x00, 0x00, 0x00, 0x00, 0x00, 0x00, 0x00, 0x00, 0x00, 0x00, 0x00, 0x00, 0x00, 0x00, 0x00,
    0x00, 0x00, 0x00, 0x00, 0x00, 0x00, 0x00, 0x00, 0x00, 0x00, 0x00, 0x00, 0x00, 0x00, 0x00, 0x00,
    0x00, 0x00, 0x00, 0x20, 0x00, 0x00, 0x00, 0xF1, 0x00, 0x00, 0x00, 0xFF, 0x00, 0x00, 0x00, 0xFF,
    0x10, 0x04, 0x00, 0xFF, 0x10, 0x04, 0x00, 0xFF, 0xAF, 0x32, 0x1B, 0xFF, 0xFF, 0x49, 0x29, 0xFF,
    0xF9, 0x47, 0x28, 0xFF, 0xF9, 0x47, 0x28, 0xFF, 0xF9, 0x47, 0x28, 0xFF, 0xF9, 0x47, 0x28, 0xFF,
    0xF9, 0x47, 0x28, 0xFF, 0xF9, 0x47, 0x28, 0xFF, 0xF9, 0x47, 0x28, 0xFF, 0xF9, 0x47, 0x28, 0xFF,
    0xF9, 0x47, 0x28, 0xFF, 0xF9, 0x47, 0x28, 0xFF, 0xF9, 0x47, 0x28, 0xFF, 0xF9, 0x47, 0x28, 0xFF,
    0xF9, 0x47, 0x28, 0xFF, 0xF9, 0x47, 0x28, 0xFF, 0xF9, 0x47, 0x28, 0xFF, 0xF9, 0x47, 0x28, 0xFF,
    0xF9, 0x47, 0x28, 0xFF, 0xF9, 0x47, 0x28, 0xFF, 0xF9, 0x47, 0x28, 0xFF, 0xF9, 0x47, 0x28, 0xFF,
    0xF9, 0x47, 0x28, 0xFF, 0xF9, 0x47, 0x28, 0xFF, 0xF9, 0x47, 0x28, 0xFF, 0xF9, 0x47, 0x28, 0xFF,
    0xF9, 0x47, 0x28, 0xFF, 0xF9, 0x47, 0x28, 0xFF, 0xF9, 0x47, 0x28, 0xFF, 0xF9, 0x47, 0x28, 0xFF,
    0xF9, 0x47, 0x28, 0xFF, 0xF9, 0x47, 0x28, 0xFF, 0xF9, 0x47, 0x28, 0xFF, 0xF9, 0x47, 0x28, 0xFF,
    0xF9, 0x48, 0x29, 0xFF, 0xF8, 0x4C, 0x2C, 0xFF, 0xF7, 0x4F, 0x2F, 0xFF, 0xF7, 0x51, 0x31, 0xFF,
    0xF9, 0x47, 0x28, 0xFF, 0xF9, 0x47, 0x28, 0xFF, 0xF9, 0x47, 0x28, 0xFF, 0xF9, 0x47, 0x28, 0xFF,
    0xF7, 0x45, 0x29, 0xFF, 0xF7, 0x45, 0x29, 0xFF, 0xAC, 0x30, 0x1B, 0xFF, 0x18, 0x08, 0x00, 0xFF,
    0x00, 0x00, 0x00, 0xFF, 0x00, 0x00, 0x00, 0xFF, 0x0F, 0x0F, 0x0F, 0xFF, 0xFE, 0xCD, 0x01, 0xFF,
    0xFE, 0xCD, 0x01, 0xFF, 0xFE, 0xCD, 0x01, 0xFF, 0xFE, 0xCD, 0x01, 0xFF, 0xFE, 0xCD, 0x01, 0xFF,
    0xFE, 0xCD, 0x01, 0xFE, 0xFE, 0xCD, 0x01, 0xFE, 0xFE, 0xCD, 0x01, 0xFE, 0xFE, 0xCD, 0x01, 0xFE,
    0xFE, 0xCD, 0x01, 0xFE, 0xFE, 0xCD, 0x01, 0xFE, 0xFE, 0xCD, 0x01, 0xFE, 0xFE, 0xCD, 0x01, 0xFE,
    0xFE, 0xCD, 0x01, 0xFE, 0xFE, 0xCD, 0x01, 0xFE, 0xFE, 0xCD, 0x01, 0xFE, 0xFE, 0xCD, 0x01, 0xFE,
    0xFE, 0xCD, 0x01, 0xFE, 0xFE, 0xCD, 0x01, 0xFE, 0xFE, 0xCD, 0x01, 0xFE, 0xFE, 0xCD, 0x01, 0xFE,
    0xFE, 0xCD, 0x01, 0xFE, 0xFE, 0xCD, 0x01, 0xFE, 0xFE, 0xCD, 0x01, 0xFE, 0xFE, 0xCD, 0x01, 0xFE,
    0xFE, 0xCD, 0x01, 0xFE, 0xFE, 0xCD, 0x01, 0xFE, 0xFE, 0xCD, 0x01, 0xFE, 0xFE, 0xCD, 0x01, 0xFE,
    0xFE, 0xCD, 0x01, 0xFE, 0xFE, 0xCD, 0x01, 0xFE, 0xFE, 0xCD, 0x01, 0xFE, 0xFE, 0xCD, 0x01, 0xFE,
    0xFE, 0xCD, 0x01, 0xFE, 0xFE, 0xCD, 0x01, 0xFE, 0xFE, 0xCD, 0x01, 0xFE, 0xFE, 0xCD, 0x01, 0xFE,
    0xFE, 0xCD, 0x01, 0xFE, 0xFE, 0xCD, 0x01, 0xFE, 0xFE, 0xCD, 0x01, 0xFE, 0xFE, 0xCD, 0x01, 0xFE,
    0xFE, 0xCD, 0x01, 0xFE, 0xFE, 0xCD, 0x01, 0xFE, 0xFE, 0xCD, 0x01, 0xFE, 0xFE, 0xCD, 0x01, 0xFE,
    0xFE, 0xCD, 0x01, 0xFE, 0xFE, 0xCD, 0x01, 0xFE, 0xFE, 0xCD, 0x01, 0xFE, 0xFE, 0xCD, 0x01, 0xFE,
    0xFE, 0xCD, 0x01, 0xFE, 0xFE, 0xCD, 0x01, 0xFE, 0xFE, 0xCD, 0x01, 0xFE, 0xFE, 0xCD, 0x01, 0xFE,
    0xFE, 0xCD, 0x01, 0xFE, 0xFE, 0xCD, 0x01, 0xFE, 0xFE, 0xCD, 0x01, 0xFE, 0xFE, 0xCD, 0x01, 0xFE,
    0xFE, 0xCD, 0x01, 0xFE, 0xFE, 0xCD, 0x01, 0xFE, 0xFE, 0xCD, 0x01, 0xFE, 0xFE, 0xCD, 0x01, 0xFE,
    0xFE, 0xCD, 0x01, 0xFE, 0xFE, 0xCD, 0x01, 0xFE, 0xFE, 0xCD, 0x01, 0xFE, 0xFE, 0xCD, 0x01, 0xFE,
    0xFE, 0xCD, 0x01, 0xFE, 0xFE, 0xCD, 0x01, 0xFE, 0xFE, 0xCD, 0x01, 0xFE, 0xFE, 0xCD, 0x01, 0xFE,
    0xFE, 0xCD, 0x01, 0xFE, 0xFE, 0xCD, 0x01, 0xFE, 0xFE, 0xCD, 0x01, 0xFE, 0xFE, 0xCD, 0x01, 0xFE,
    0xFE, 0xCD, 0x01, 0xFE, 0xFE, 0xCD, 0x01, 0xFE, 0xFE, 0xCD, 0x01, 0xFE, 0xFE, 0xCD, 0x01, 0xFE,
    0xFE, 0xCD, 0x01, 0xFE, 0xFE, 0xCD, 0x01, 0xFE, 0xFE, 0xCD, 0x01, 0xFE, 0xFE, 0xCD, 0x01, 0xFE,
    0xFE, 0xCD, 0x01, 0xFE, 0xFE, 0xCD, 0x01, 0xFE, 0xFE, 0xCD, 0x01, 0xFE, 0xFE, 0xCD, 0x01, 0xFE,
    0xFE, 0xCD, 0x01, 0xFE, 0xFE, 0xCD, 0x01, 0xFE, 0xFE, 0xCD, 0x01, 0xFE, 0xFE, 0xCD, 0x01, 0xFE,
    0xFE, 0xCD, 0x01, 0xFE, 0xFE, 0xCD, 0x01, 0xFE, 0xFE, 0xCD, 0x01, 0xFE, 0xFE, 0xCD, 0x01, 0xFE,
    0xFE, 0xCD, 0x01, 0xFE, 0xFE, 0xCD, 0x01, 0xFE, 0xFE, 0xCD, 0x01, 0xFE, 0xFE, 0xCD, 0x01, 0xFE,
    0xFE, 0xCD, 0x01, 0xFE, 0xFE, 0xCD, 0x01, 0xFE, 0xFE, 0xCD, 0x01, 0xFE, 0xFE, 0xCD, 0x01, 0xFE,
    0xFE, 0xCD, 0x01, 0xFE, 0xFE, 0xCD, 0x01, 0xFE, 0xFE, 0xCD, 0x01, 0xFE, 0xFE, 0xCD, 0x01, 0xFE,
    0xFE, 0xCD, 0x01, 0xFE, 0xFE, 0xCD, 0x01, 0xFE, 0xFE, 0xCD, 0x01, 0xFE, 0xFE, 0xCD, 0x01, 0xFE,
    0xFE, 0xCD, 0x01, 0xFE, 0xFE, 0xCD, 0x01, 0xFE, 0xFE, 0xCD, 0x01, 0xFE, 0xFE, 0xCD, 0x01, 0xFE,
    0xFE, 0xCD, 0x01, 0xFE, 0xFE, 0xCD, 0x01, 0xFE, 0xFE, 0xCD, 0x01, 0xFE, 0xFE, 0xCD, 0x01, 0xFE,
    0xFE, 0xCD, 0x01, 0xFE, 0xFE, 0xCD, 0x01, 0xFE, 0xFE, 0xCD, 0x01, 0xFE, 0xFE, 0xCD, 0x01, 0xFE,
    0xFE, 0xCD, 0x01, 0xFE, 0xFE, 0xCD, 0x01, 0xFE, 0xFE, 0xCD, 0x01, 0xFE, 0xFE, 0xCD, 0x01, 0xFE,
    0xFE, 0xCD, 0x01, 0xFE, 0xFE, 0xCD, 0x01, 0xFE, 0xFE, 0xCD, 0x01, 0xFE, 0xFE, 0xCD, 0x01, 0xFE,
    0xFE, 0xCD, 0x01, 0xFE, 0xFE, 0xCD, 0x01, 0xFE, 0xFE, 0xCD, 0x01, 0xFE, 0xFE, 0xCD, 0x01, 0xFE,
    0xFE, 0xCD, 0x01, 0xFE, 0xFE, 0xCD, 0x01, 0xFE, 0xFE, 0xCD, 0x01, 0xFE, 0xFE, 0xCD, 0x01, 0xFE,
    0xFE, 0xCD, 0x01, 0xFE, 0xFE, 0xCD, 0x01, 0xFE, 0xFE, 0xCD, 0x01, 0xFE, 0xFE, 0xCD, 0x01, 0xFE,
    0xFE, 0xCD, 0x01, 0xFE, 0xFE, 0xCD, 0x01, 0xFE, 0xFE, 0xCD, 0x01, 0xFE, 0xFE, 0xCD, 0x01, 0xFE,
    0xFE, 0xCD, 0x01, 0xFE, 0xFE, 0xCD, 0x01, 0xFE, 0xFE, 0xCD, 0x01, 0xFE, 0xFE, 0xCD, 0x01, 0xFE,
    0xFE, 0xCD, 0x01, 0xFE, 0xFE, 0xCD, 0x01, 0xFE, 0xFE, 0xCD, 0x01, 0xFE, 0xFE, 0xCD, 0x01, 0xFF,
    0xFE, 0xCD, 0x01, 0xFF, 0xFE, 0xCD, 0x01, 0xFF, 0xFE, 0xCD, 0x01, 0xFF, 0xFE, 0xCD, 0x01, 0xFF,
    0xFE, 0xCD, 0x01, 0xFF, 0xFE, 0xCD, 0x01, 0xFF, 0xFE, 0xCD, 0x01, 0xFF, 0xFE, 0xCD, 0x01, 0xFF,
    0xFE, 0xCD, 0x01, 0xFF, 0xFE, 0xCD, 0x01, 0xFF, 0xFE, 0xCD, 0x01, 0xFF, 0xFE, 0xCD, 0x01, 0xFF,
    0xFE, 0xCD, 0x01, 0xFF, 0xFE, 0xCD, 0x01, 0xFF, 0xFE, 0xCD, 0x01, 0xFF, 0xFE, 0xCD, 0x01, 0xFF,
    0xFE, 0xCD, 0x01, 0xFF, 0xFE, 0xCD, 0x01, 0xFF, 0xFE, 0xCD, 0x01, 0xFF, 0xFE, 0xCD, 0x01, 0xFF,
    0xFE, 0xCD, 0x01, 0xFF, 0xFE, 0xCD, 0x01, 0xFF, 0xFE, 0xCD, 0x01, 0xFF, 0xFE, 0xCD, 0x01, 0xFF,
    0xFE, 0xCD, 0x01, 0xFF, 0xFE, 0xCD, 0x01, 0xFF, 0xFE, 0xCD, 0x01, 0xFF, 0xFE, 0xCD, 0x01, 0xFF,
    0xFE, 0xCD, 0x01, 0xFF, 0xFE, 0xCD, 0x01, 0xFF, 0xFE, 0xCD, 0x01, 0xFF, 0xFE, 0xCD, 0x01, 0xFF,
    0xFE, 0xCD, 0x01, 0xFF, 0xFE, 0xCD, 0x01, 0xFF, 0xFE, 0xCD, 0x01, 0xFF, 0xFE, 0xCD, 0x01, 0xFF,
    0xFE, 0xCD, 0x01, 0xFF, 0xFE, 0xCD, 0x01, 0xFF, 0xFE, 0xCD, 0x01, 0xFF, 0xFE, 0xCD, 0x01, 0xFF,
    0xFE, 0xCD, 0x01, 0xFF, 0xFE, 0xCD, 0x01, 0xFF, 0xFE, 0xCD, 0x01, 0xFF, 0xFE, 0xCD, 0x01, 0xFF,
    0xFE, 0xCD, 0x01, 0xFF, 0xFE, 0xCD, 0x01, 0xFF, 0xFE, 0xCD, 0x01, 0xFF, 0xFE, 0xCD, 0x01, 0xFF,
    0xFE, 0xCD, 0x01, 0xFF, 0x00, 0x00, 0x00, 0xFF, 0x00, 0x00, 0x00, 0xFF, 0x00, 0x00, 0x00, 0xFF,
    0x00, 0x00, 0x00, 0xFF, 0x00, 0x00, 0x00, 0x96, 0x00, 0x00, 0x00, 0x00, 0x00, 0x00, 0x00, 0x00,
    0x00, 0x00, 0x00, 0x00, 0x00, 0x00, 0x00, 0x00, 0x00, 0x00, 0x00, 0x00, 0x00, 0x00, 0x00, 0x00,
    0x00, 0x00, 0x00, 0x00, 0x00, 0x00, 0x00, 0x00, 0x00, 0x00, 0x00, 0x00, 0x00, 0x00, 0x00, 0x00,
    0x00, 0x00, 0x00, 0x9C, 0x00, 0x00, 0x00, 0xFF, 0x00, 0x00, 0x00, 0xFF, 0x00, 0x00, 0x00, 0xFF,
    0x10, 0x04, 0x00, 0xFF, 0x5F, 0x1B, 0x0D, 0xFF, 0xFF, 0x49, 0x29, 0xFF, 0xFF, 0x49, 0x29, 0xFF,
    0xF9, 0x47, 0x28, 0xFF, 0xF9, 0x47, 0x28, 0xFF, 0xF9, 0x47, 0x28, 0xFF, 0xF9, 0x47, 0x28, 0xFF,
    0xF9, 0x47, 0x28, 0xFF, 0xF9, 0x47, 0x28, 0xFF, 0xF9, 0x47, 0x28, 0xFF, 0xF9, 0x47, 0x28, 0xFF,
    0xF9, 0x47, 0x28, 0xFF, 0xF9, 0x47, 0x28, 0xFF, 0xF9, 0x47, 0x28, 0xFF, 0xF9, 0x47, 0x28, 0xFF,
    0xF9, 0x47, 0x28, 0xFF, 0xF9, 0x47, 0x28, 0xFF, 0xF9, 0x47, 0x28, 0xFF, 0xF9, 0x47, 0x28, 0xFF,
    0xF9, 0x47, 0x28, 0xFF, 0xF9, 0x47, 0x28, 0xFF, 0xF9, 0x47, 0x28, 0xFF, 0xF9, 0x47, 0x28, 0xFF,
    0xF9, 0x47, 0x28, 0xFF, 0xF9, 0x47, 0x28, 0xFF, 0xF9, 0x47, 0x28, 0xFF, 0xF9, 0x47, 0x28, 0xFF,
    0xF9, 0x47, 0x28, 0xFF, 0xF9, 0x47, 0x28, 0xFF, 0xF9, 0x47, 0x28, 0xFF, 0xF9, 0x47, 0x28, 0xFF,
    0xF9, 0x47, 0x28, 0xFF, 0xF9, 0x47, 0x28, 0xFF, 0xF9, 0x47, 0x28, 0xFF, 0xF9, 0x47, 0x28, 0xFF,
    0xF9, 0x47, 0x28, 0xFF, 0xF9, 0x47, 0x28, 0xFF, 0xF9, 0x49, 0x2A, 0xFF, 0xF8, 0x4E, 0x2E, 0xFF,
    0xF9, 0x47, 0x28, 0xFF, 0xF9, 0x47, 0x28, 0xFF, 0xF9, 0x47, 0x28, 0xFF, 0xF9, 0x47, 0x28, 0xFF,
    0xF7, 0x45, 0x29, 0xFF, 0xF7, 0x45, 0x29, 0xFF, 0xF7, 0x45, 0x29, 0xFF, 0x62, 0x1C, 0x0D, 0xFF,
    0x00, 0x00, 0x00, 0xFF, 0x00, 0x00, 0x00, 0xFF, 0x00, 0x00, 0x00, 0xFF, 0xBC, 0xA1, 0x2D, 0xFF,
    0xFE, 0xCD, 0x01, 0xFF, 0xFE, 0xCD, 0x01, 0xFF, 0xFE, 0xCD, 0x01, 0xFF, 0xFE, 0xCD, 0x01, 0xFF,
    0xFE, 0xCD, 0x01, 0xFE, 0xFE, 0xCD, 0x01, 0xFE, 0xFE, 0xCD, 0x01, 0xFE, 0xFE, 0xCD, 0x01, 0xFE,
    0xFE, 0xCD, 0x01, 0xFE, 0xFE, 0xCD, 0x01, 0xFE, 0xFE, 0xCD, 0x01, 0xFE, 0xFE, 0xCD, 0x01, 0xFE,
    0xFE, 0xCD, 0x01, 0xFE, 0xFE, 0xCD, 0x01, 0xFE, 0xFE, 0xCD, 0x01, 0xFE, 0xFE, 0xCD, 0x01, 0xFE,
    0xFE, 0xCD, 0x01, 0xFE, 0xFE, 0xCD, 0x01, 0xFE, 0xFE, 0xCD, 0x01, 0xFE, 0xFE, 0xCD, 0x01, 0xFE,
    0xFE, 0xCD, 0x01, 0xFE, 0xFE, 0xCD, 0x01, 0xFE, 0xFE, 0xCD, 0x01, 0xFE, 0xFE, 0xCD, 0x01, 0xFE,
    0xFE, 0xCD, 0x01, 0xFE, 0xFE, 0xCD, 0x01, 0xFE, 0xFE, 0xCD, 0x01, 0xFE, 0xFE, 0xCD, 0x01, 0xFE,
    0xFE, 0xCD, 0x01, 0xFE, 0xFE, 0xCD, 0x01, 0xFE, 0xFE, 0xCD, 0x01, 0xFE, 0xFE, 0xCD, 0x01, 0xFE,
    0xFE, 0xCD, 0x01, 0xFE, 0xFE, 0xCD, 0x01, 0xFE, 0xFE, 0xCD, 0x01, 0xFE, 0xFE, 0xCD, 0x01, 0xFE,
    0xFE, 0xCD, 0x01, 0xFE, 0xFE, 0xCD, 0x01, 0xFE, 0xFE, 0xCD, 0x01, 0xFE, 0xFE, 0xCD, 0x01, 0xFE,
    0xFE, 0xCD, 0x01, 0xFE, 0xFE, 0xCD, 0x01, 0xFE, 0xFE, 0xCD, 0x01, 0xFE, 0xFE, 0xCD, 0x01, 0xFE,
    0xFE, 0xCD, 0x01, 0xFE, 0xFE, 0xCD, 0x01, 0xFE, 0xFE, 0xCD, 0x01, 0xFE, 0xFE, 0xCD, 0x01, 0xFE,
    0xFE, 0xCD, 0x01, 0xFE, 0xFE, 0xCD, 0x01, 0xFE, 0xFE, 0xCD, 0x01, 0xFE, 0xFE, 0xCD, 0x01, 0xFE,
    0xFE, 0xCD, 0x01, 0xFE, 0xFE, 0xCD, 0x01, 0xFE, 0xFE, 0xCD, 0x01, 0xFE, 0xFE, 0xCD, 0x01, 0xFE,
    0xFE, 0xCD, 0x01, 0xFE, 0xFE, 0xCD, 0x01, 0xFE, 0xFE, 0xCD, 0x01, 0xFE, 0xFE, 0xCD, 0x01, 0xFE,
    0xFE, 0xCD, 0x01, 0xFE, 0xFE, 0xCD, 0x01, 0xFE, 0xFE, 0xCD, 0x01, 0xFE, 0xFE, 0xCD, 0x01, 0xFE,
    0xFE, 0xCD, 0x01, 0xFE, 0xFE, 0xCD, 0x01, 0xFE, 0xFE, 0xCD, 0x01, 0xFE, 0xFE, 0xCD, 0x01, 0xFE,
    0xFE, 0xCD, 0x01, 0xFE, 0xFE, 0xCD, 0x01, 0xFE, 0xFE, 0xCD, 0x01, 0xFE, 0xFE, 0xCD, 0x01, 0xFE,
    0xFE, 0xCD, 0x01, 0xFE, 0xFE, 0xCD, 0x01, 0xFE, 0xFE, 0xCD, 0x01, 0xFE, 0xFE, 0xCD, 0x01, 0xFE,
    0xFE, 0xCD, 0x01, 0xFE, 0xFE, 0xCD, 0x01, 0xFE, 0xFE, 0xCD, 0x01, 0xFE, 0xFE, 0xCD, 0x01, 0xFE,
    0xFE, 0xCD, 0x01, 0xFE, 0xFE, 0xCD, 0x01, 0xFE, 0xFE, 0xCD, 0x01, 0xFE, 0xFE, 0xCD, 0x01, 0xFE,
    0xFE, 0xCD, 0x01, 0xFE, 0xFE, 0xCD, 0x01, 0xFE, 0xFE, 0xCD, 0x01, 0xFE, 0xFE, 0xCD, 0x01, 0xFE,
    0xFE, 0xCD, 0x01, 0xFE, 0xFE, 0xCD, 0x01, 0xFE, 0xFE, 0xCD, 0x01, 0xFE, 0xFE, 0xCD, 0x01, 0xFE,
    0xFE, 0xCD, 0x01, 0xFE, 0xFE, 0xCD, 0x01, 0xFE, 0xFE, 0xCD, 0x01, 0xFE, 0xFE, 0xCD, 0x01, 0xFE,
    0xFE, 0xCD, 0x01, 0xFE, 0xFE, 0xCD, 0x01, 0xFE, 0xFE, 0xCD, 0x01, 0xFE, 0xFE, 0xCD, 0x01, 0xFE,
    0xFE, 0xCD, 0x01, 0xFE, 0xFE, 0xCD, 0x01, 0xFE, 0xFE, 0xCD, 0x01, 0xFE, 0xFE, 0xCD, 0x01, 0xFE,
    0xFE, 0xCD, 0x01, 0xFE, 0xFE, 0xCD, 0x01, 0xFE, 0xFE, 0xCD, 0x01, 0xFE, 0xFE, 0xCD, 0x01, 0xFE,
    0xFE, 0xCD, 0x01, 0xFE, 0xFE, 0xCD, 0x01, 0xFE, 0xFE, 0xCD, 0x01, 0xFE, 0xFE, 0xCD, 0x01, 0xFE,
    0xFE, 0xCD, 0x01, 0xFE, 0xFE, 0xCD, 0x01, 0xFE, 0xFE, 0xCD, 0x01, 0xFE, 0xFE, 0xCD, 0x01, 0xFE,
    0xFE, 0xCD, 0x01, 0xFE, 0xFE, 0xCD, 0x01, 0xFE, 0xFE, 0xCD, 0x01, 0xFE, 0xFE, 0xCD, 0x01, 0xFE,
    0xFE, 0xCD, 0x01, 0xFE, 0xFE, 0xCD, 0x01, 0xFE, 0xFE, 0xCD, 0x01, 0xFE, 0xFE, 0xCD, 0x01, 0xFE,
    0xFE, 0xCD, 0x01, 0xFE, 0xFE, 0xCD, 0x01, 0xFE, 0xFE, 0xCD, 0x01, 0xFE, 0xFE, 0xCD, 0x01, 0xFE,
    0xFE, 0xCD, 0x01, 0xFE, 0xFE, 0xCD, 0x01, 0xFE, 0xFE, 0xCD, 0x01, 0xFE, 0xFE, 0xCD, 0x01, 0xFE,
    0xFE, 0xCD, 0x01, 0xFE, 0xFE, 0xCD, 0x01, 0xFE, 0xFE, 0xCD, 0x01, 0xFE, 0xFE, 0xCD, 0x01, 0xFE,
    0xFE, 0xCD, 0x01, 0xFE, 0xFE, 0xCD, 0x01, 0xFE, 0xFE, 0xCD, 0x01, 0xFE, 0xFE, 0xCD, 0x01, 0xFE,
    0xFE, 0xCD, 0x01, 0xFE, 0xFE, 0xCD, 0x01, 0xFE, 0xFE, 0xCD, 0x01, 0xFE, 0xFE, 0xCD, 0x01, 0xFE,
    0xFE, 0xCD, 0x01, 0xFE, 0xFE, 0xCD, 0x01, 0xFE, 0xFE, 0xCD, 0x01, 0xFE, 0xFE, 0xCD, 0x01, 0xFE,
    0xFE, 0xCD, 0x01, 0xFE, 0xFE, 0xCD, 0x01, 0xFE, 0xFE, 0xCD, 0x01, 0xFE, 0xFE, 0xCD, 0x01, 0xFF,
    0xFE, 0xCD, 0x01, 0xFF, 0xFE, 0xCD, 0x01, 0xFF, 0xFE, 0xCD, 0x01, 0xFF, 0xFE, 0xCD, 0x01, 0xFF,
    0xFE, 0xCD, 0x01, 0xFF, 0xFE, 0xCD, 0x01, 0xFF, 0xFE, 0xCD, 0x01, 0xFF, 0xFE, 0xCD, 0x01, 0xFF,
    0xFE, 0xCD, 0x01, 0xFF, 0xFE, 0xCD, 0x01, 0xFF, 0xFE, 0xCD, 0x01, 0xFF, 0xFE, 0xCD, 0x01, 0xFF,
    0xFE, 0xCD, 0x01, 0xFF, 0xFE, 0xCD, 0x01, 0xFF, 0xFE, 0xCD, 0x01, 0xFF, 0xFE, 0xCD, 0x01, 0xFF,
    0xFE, 0xCD, 0x01, 0xFF, 0xFE, 0xCD, 0x01, 0xFF, 0xFE, 0xCD, 0x01, 0xFF, 0xFE, 0xCD, 0x01, 0xFF,
    0xFE, 0xCD, 0x01, 0xFF, 0xFE, 0xCD, 0x01, 0xFF, 0xFE, 0xCD, 0x01, 0xFF, 0xFE, 0xCD, 0x01, 0xFF,
    0xFE, 0xCD, 0x01, 0xFF, 0xFE, 0xCD, 0x01, 0xFF, 0xFE, 0xCD, 0x01, 0xFF, 0xFE, 0xCD, 0x01, 0xFF,
    0xFE, 0xCD, 0x01, 0xFF, 0xFE, 0xCD, 0x01, 0xFF, 0xFE, 0xCD, 0x01, 0xFF, 0xFE, 0xCD, 0x01, 0xFF,
    0xFE, 0xCD, 0x01, 0xFF, 0xFE, 0xCD, 0x01, 0xFF, 0xFE, 0xCD, 0x01, 0xFF, 0xFE, 0xCD, 0x01, 0xFF,
    0xFE, 0xCD, 0x01, 0xFF, 0xFE, 0xCD, 0x01, 0xFF, 0xFE, 0xCD, 0x01, 0xFF, 0xFE, 0xCD, 0x01, 0xFF,
    0xFE, 0xCD, 0x01, 0xFF, 0xFE, 0xCD, 0x01, 0xFF, 0xFE, 0xCD, 0x01, 0xFF, 0xFE, 0xCD, 0x01, 0xFF,
    0xFE, 0xCD, 0x01, 0xFF, 0xFE, 0xCD, 0x01, 0xFF, 0xFE, 0xCD, 0x01, 0xFF, 0xFE, 0xCD, 0x01, 0xFF,
    0xFE, 0xCD, 0x01, 0xFF, 0x69, 0x54, 0x00, 0xFF, 0x00, 0x00, 0x00, 0xFF, 0x00, 0x00, 0x00, 0xFF,
    0x00, 0x00, 0x00, 0xFF, 0x00, 0x00, 0x00, 0xFF, 0x00, 0x00, 0x00, 0x10, 0x00, 0x00, 0x00, 0x00,
    0x00, 0x00, 0x00, 0x00, 0x00, 0x00, 0x00, 0x00, 0x00, 0x00, 0x00, 0x00, 0x00, 0x00, 0x00, 0x00,
    0x00, 0x00, 0x00, 0x00, 0x00, 0x00, 0x00, 0x00, 0x00, 0x00, 0x00, 0x00, 0x00, 0x00, 0x00, 0x10,
    0x00, 0x00, 0x00, 0xF1, 0x00, 0x00, 0x00, 0xFF, 0x00, 0x00, 0x00, 0xFF, 0x00, 0x00, 0x00, 0xFF,
    0x10, 0x04, 0x00, 0xFF, 0xFF, 0x49, 0x29, 0xFF, 0xFF, 0x49, 0x29, 0xFF, 0xFF, 0x49, 0x29, 0xFF,
    0xF9, 0x47, 0x28, 0xFF, 0xF9, 0x47, 0x28, 0xFF, 0xF9, 0x47, 0x28, 0xFF, 0xF9, 0x47, 0x28, 0xFF,
    0xF9, 0x47, 0x28, 0xFF, 0xF9, 0x47, 0x28, 0xFF, 0xF9, 0x47, 0x28, 0xFF, 0xF9, 0x47, 0x28, 0xFF,
    0xF9, 0x47, 0x28, 0xFF, 0xF9, 0x47, 0x28, 0xFF, 0xF9, 0x47, 0x28, 0xFF, 0xF9, 0x47, 0x28, 0xFF,
    0xF9, 0x47, 0x28, 0xFF, 0xF9, 0x47, 0x28, 0xFF, 0xF9, 0x47, 0x28, 0xFF, 0xF9, 0x47, 0x28, 0xFF,
    0xF9, 0x47, 0x28, 0xFF, 0xF9, 0x47, 0x28, 0xFF, 0xF9, 0x47, 0x28, 0xFF, 0xF9, 0x47, 0x28, 0xFF,
    0xF9, 0x47, 0x28, 0xFF, 0xF9, 0x47, 0x28, 0xFF, 0xF9, 0x47, 0x28, 0xFF, 0xF9, 0x47, 0x28, 0xFF,
    0xF9, 0x47, 0x28, 0xFF, 0xF9, 0x47, 0x28, 0xFF, 0xF9, 0x47, 0x28, 0xFF, 0xF9, 0x47, 0x28, 0xFF,
    0xF9, 0x47, 0x28, 0xFF, 0xF9, 0x47, 0x28, 0xFF, 0xF9, 0x47, 0x28, 0xFF, 0xF9, 0x47, 0x28, 0xFF,
    0xF9, 0x47, 0x28, 0xFF, 0xF9, 0x47, 0x28, 0xFF, 0xF9, 0x47, 0x28, 0xFF, 0xF9, 0x48, 0x29, 0xFF,
    0xF9, 0x47, 0x28, 0xFF, 0xF9, 0x47, 0x28, 0xFF, 0xF9, 0x47, 0x28, 0xFF, 0xF9, 0x47, 0x28, 0xFF,
    0xF7, 0x45, 0x29, 0xFF, 0xF7, 0x45, 0x29, 0xFF, 0xF7, 0x45, 0x29, 0xFF, 0xF7, 0x45, 0x29, 0xFF,
    0x0D, 0x04, 0x02, 0xFF, 0x00, 0x00, 0x00, 0xFF, 0x00, 0x00, 0x00, 0xFF, 0x0F, 0x0F, 0x0F, 0xFF,
    0xFE, 0xCD, 0x01, 0xFF, 0xFE, 0xCD, 0x01, 0xFF, 0xFE, 0xCD, 0x01, 0xFF, 0xFE, 0xCD, 0x01, 0xFF,
    0xFE, 0xCD, 0x01, 0xFE, 0xFE, 0xCD, 0x01, 0xFE, 0xFE, 0xCD, 0x01, 0xFE, 0xFE, 0xCD, 0x01, 0xFE,
    0xFE, 0xCD, 0x01, 0xFE, 0xFE, 0xCD, 0x01, 0xFE, 0xFE, 0xCD, 0x01, 0xFE, 0xFE, 0xCD, 0x01, 0xFE,
    0xFE, 0xCD, 0x01, 0xFE, 0xFE, 0xCD, 0x01, 0xFE, 0xFE, 0xCD, 0x01, 0xFE, 0xFE, 0xCD, 0x01, 0xFE,
    0xFE, 0xCD, 0x01, 0xFE, 0xFE, 0xCD, 0x01, 0xFE, 0xFE, 0xCD, 0x01, 0xFE, 0xFE, 0xCD, 0x01, 0xFE,
    0xFE, 0xCD, 0x01, 0xFE, 0xFE, 0xCD, 0x01, 0xFE, 0xFE, 0xCD, 0x01, 0xFE, 0xFE, 0xCD, 0x01, 0xFE,
    0xFE, 0xCD, 0x01, 0xFE, 0xFE, 0xCD, 0x01, 0xFE, 0xFE, 0xCD, 0x01, 0xFE, 0xFE, 0xCD, 0x01, 0xFE,
    0xFE, 0xCD, 0x01, 0xFE, 0xFE, 0xCD, 0x01, 0xFE, 0xFE, 0xCD, 0x01, 0xFE, 0xFE, 0xCD, 0x01, 0xFE,
    0xFE, 0xCD, 0x01, 0xFE, 0xFE, 0xCD, 0x01, 0xFE, 0xFE, 0xCD, 0x01, 0xFE, 0xFE, 0xCD, 0x01, 0xFE,
    0xFE, 0xCD, 0x01, 0xFE, 0xFE, 0xCD, 0x01, 0xFE, 0xFE, 0xCD, 0x01, 0xFE, 0xFE, 0xCD, 0x01, 0xFE,
    0xFE, 0xCD, 0x01, 0xFE, 0xFE, 0xCD, 0x01, 0xFE, 0xFE, 0xCD, 0x01, 0xFE, 0xFE, 0xCD, 0x01, 0xFE,
    0xFE, 0xCD, 0x01, 0xFE, 0xFE, 0xCD, 0x01, 0xFE, 0xFE, 0xCD, 0x01, 0xFE, 0xFE, 0xCD, 0x01, 0xFE,
    0xFE, 0xCD, 0x01, 0xFE, 0xFE, 0xCD, 0x01, 0xFE, 0xFE, 0xCD, 0x01, 0xFE, 0xFE, 0xCD, 0x01, 0xFE,
    0xFE, 0xCD, 0x01, 0xFE, 0xFE, 0xCD, 0x01, 0xFE, 0xFE, 0xCD, 0x01, 0xFE, 0xFE, 0xCD, 0x01, 0xFE,
    0xFE, 0xCD, 0x01, 0xFE, 0xFE, 0xCD, 0x01, 0xFE, 0xFE, 0xCD, 0x01, 0xFE, 0xFE, 0xCD, 0x01, 0xFE,
    0xFE, 0xCD, 0x01, 0xFE, 0xFE, 0xCD, 0x01, 0xFE, 0xFE, 0xCD, 0x01, 0xFE, 0xFE, 0xCD, 0x01, 0xFE,
    0xFE, 0xCD, 0x01, 0xFE, 0xFE, 0xCD, 0x01, 0xFE, 0xFE, 0xCD, 0x01, 0xFE, 0xFE, 0xCD, 0x01, 0xFE,
    0xFE, 0xCD, 0x01, 0xFE, 0xFE, 0xCD, 0x01, 0xFE, 0xFE, 0xCD, 0x01, 0xFE, 0xFE, 0xCD, 0x01, 0xFE,
    0xFE, 0xCD, 0x01, 0xFE, 0xFE, 0xCD, 0x01, 0xFE, 0xFE, 0xCD, 0x01, 0xFE, 0xFE, 0xCD, 0x01, 0xFE,
    0xFE, 0xCD, 0x01, 0xFE, 0xFE, 0xCD, 0x01, 0xFE, 0xFE, 0xCD, 0x01, 0xFE, 0xFE, 0xCD, 0x01, 0xFE,
    0xFE, 0xCD, 0x01, 0xFE, 0xFE, 0xCD, 0x01, 0xFE, 0xFE, 0xCD, 0x01, 0xFE, 0xFE, 0xCD, 0x01, 0xFE,
    0xFE, 0xCD, 0x01, 0xFE, 0xFE, 0xCD, 0x01, 0xFE, 0xFE, 0xCD, 0x01, 0xFE, 0xFE, 0xCD, 0x01, 0xFE,
    0xFE, 0xCD, 0x01, 0xFE, 0xFE, 0xCD, 0x01, 0xFE, 0xFE, 0xCD, 0x01, 0xFE, 0xFE, 0xCD, 0x01, 0xFE,
    0xFE, 0xCD, 0x01, 0xFE, 0xFE, 0xCD, 0x01, 0xFE, 0xFE, 0xCD, 0x01, 0xFE, 0xFE, 0xCD, 0x01, 0xFE,
    0xFE, 0xCD, 0x01, 0xFE, 0xFE, 0xCD, 0x01, 0xFE, 0xFE, 0xCD, 0x01, 0xFE, 0xFE, 0xCD, 0x01, 0xFE,
    0xFE, 0xCD, 0x01, 0xFE, 0xFE, 0xCD, 0x01, 0xFE, 0xFE, 0xCD, 0x01, 0xFE, 0xFE, 0xCD, 0x01, 0xFE,
    0xFE, 0xCD, 0x01, 0xFE, 0xFE, 0xCD, 0x01, 0xFE, 0xFE, 0xCD, 0x01, 0xFE, 0xFE, 0xCD, 0x01, 0xFE,
    0xFE, 0xCD, 0x01, 0xFE, 0xFE, 0xCD, 0x01, 0xFE, 0xFE, 0xCD, 0x01, 0xFE, 0xFE, 0xCD, 0x01, 0xFE,
    0xFE, 0xCD, 0x01, 0xFE, 0xFE, 0xCD, 0x01, 0xFE, 0xFE, 0xCD, 0x01, 0xFE, 0xFE, 0xCD, 0x01, 0xFE,
    0xFE, 0xCD, 0x01, 0xFE, 0xFE, 0xCD, 0x01, 0xFE, 0xFE, 0xCD, 0x01, 0xFE, 0xFE, 0xCD, 0x01, 0xFE,
    0xFE, 0xCD, 0x01, 0xFE, 0xFE, 0xCD, 0x01, 0xFE, 0xFE, 0xCD, 0x01, 0xFE, 0xFE, 0xCD, 0x01, 0xFE,
    0xFE, 0xCD, 0x01, 0xFE, 0xFE, 0xCD, 0x01, 0xFE, 0xFE, 0xCD, 0x01, 0xFE, 0xFE, 0xCD, 0x01, 0xFE,
    0xFE, 0xCD, 0x01, 0xFE, 0xFE, 0xCD, 0x01, 0xFE, 0xFE, 0xCD, 0x01, 0xFE, 0xFE, 0xCD, 0x01, 0xFE,
    0xFE, 0xCD, 0x01, 0xFE, 0xFE, 0xCD, 0x01, 0xFE, 0xFE, 0xCD, 0x01, 0xFE, 0xFE, 0xCD, 0x01, 0xFE,
    0xFE, 0xCD, 0x01, 0xFE, 0xFE, 0xCD, 0x01, 0xFE, 0xFE, 0xCD, 0x01, 0xFE, 0xFE, 0xCD, 0x01, 0xFE,
    0xFE, 0xCD, 0x01, 0xFE, 0xFE, 0xCD, 0x01, 0xFE, 0xFE, 0xCD, 0x01, 0xFE, 0xFE, 0xCD, 0x01, 0xFE,
    0xFE, 0xCD, 0x01, 0xFE, 0xFE, 0xCD, 0x01, 0xFE, 0xFE, 0xCD, 0x01, 0xFE, 0xFE, 0xCD, 0x01, 0xFE,
    0xFE, 0xCD, 0x01, 0xFE, 0xFE, 0xCD, 0x01, 0xFE, 0xFE, 0xCD, 0x01, 0xFE, 0xFE, 0xCD, 0x01, 0xFF,
    0xFE, 0xCD, 0x01, 0xFF, 0xFE, 0xCD, 0x01, 0xFF, 0xFE, 0xCD, 0x01, 0xFF, 0xFE, 0xCD, 0x01, 0xFF,
    0xFE, 0xCD, 0x01, 0xFF, 0xFE, 0xCD, 0x01, 0xFF, 0xFE, 0xCD, 0x01, 0xFF, 0xFE, 0xCD, 0x01, 0xFF,
    0xFE, 0xCD, 0x01, 0xFF, 0xFE, 0xCD, 0x01, 0xFF, 0xFE, 0xCD, 0x01, 0xFF, 0xFE, 0xCD, 0x01, 0xFF,
    0xFE, 0xCD, 0x01, 0xFF, 0xFE, 0xCD, 0x01, 0xFF, 0xFE, 0xCD, 0x01, 0xFF, 0xFE, 0xCD, 0x01, 0xFF,
    0xFE, 0xCD, 0x01, 0xFF, 0xFE, 0xCD, 0x01, 0xFF, 0xFE, 0xCD, 0x01, 0xFF, 0xFE, 0xCD, 0x01, 0xFF,
    0xFE, 0xCD, 0x01, 0xFF, 0xFE, 0xCD, 0x01, 0xFF, 0xFE, 0xCD, 0x01, 0xFF, 0xFE, 0xCD, 0x01, 0xFF,
    0xFE, 0xCD, 0x01, 0xFF, 0xFE, 0xCD, 0x01, 0xFF, 0xFE, 0xCD, 0x01, 0xFF, 0xFE, 0xCD, 0x01, 0xFF,
    0xFE, 0xCD, 0x01, 0xFF, 0xFE, 0xCD, 0x01, 0xFF, 0xFE, 0xCD, 0x01, 0xFF, 0xFE, 0xCD, 0x01, 0xFF,
    0xFE, 0xCD, 0x01, 0xFF, 0xFE, 0xCD, 0x01, 0xFF, 0xFE, 0xCD, 0x01, 0xFF, 0xFE, 0xCD, 0x01, 0xFF,
    0xFE, 0xCD, 0x01, 0xFF, 0xFE, 0xCD, 0x01, 0xFF, 0xFE, 0xCD, 0x01, 0xFF, 0xFE, 0xCD, 0x01, 0xFF,
    0xFE, 0xCD, 0x01, 0xFF, 0xFE, 0xCD, 0x01, 0xFF, 0xFE, 0xCD, 0x01, 0xFF, 0xFE, 0xCD, 0x01, 0xFF,
    0xFE, 0xCD, 0x01, 0xFF, 0xFE, 0xCD, 0x01, 0xFF, 0xFE, 0xCD, 0x01, 0xFF, 0xFE, 0xCD, 0x01, 0xFF,
    0xFE, 0xCD, 0x01, 0xFF, 0xFE, 0xCD, 0x01, 0xFF, 0x0F, 0x0C, 0x00, 0xFF, 0x00, 0x00, 0x00, 0xFF,
    0x00, 0x00, 0x00, 0xFF, 0x00, 0x00, 0x00, 0xFF, 0x00, 0x00, 0x00, 0x96, 0x00, 0x00, 0x00, 0x00,
    0x00, 0x00, 0x00, 0x00, 0x00, 0x00, 0x00, 0x00, 0x00, 0x00, 0x00, 0x00, 0x00, 0x00, 0x00, 0x00,
    0x00, 0x00, 0x00, 0x00, 0x00, 0x00, 0x00, 0x00, 0x00, 0x00, 0x00, 0x00, 0x00, 0x00, 0x00, 0x6D,
    0x04, 0x00, 0x00, 0xFF, 0x08, 0x00, 0x00, 0xFF, 0x08, 0x00, 0x00, 0xFF, 0x08, 0x00, 0x00, 0xFF,
    0x7B, 0x24, 0x10, 0xFF, 0xF7, 0x45, 0x29, 0xFF, 0xF7, 0x45, 0x29, 0xFF, 0xF7, 0x45, 0x29, 0xFF,
    0xF7, 0x45, 0x22, 0xFF, 0xF9, 0x47, 0x26, 0xFF, 0xF9, 0x47, 0x28, 0xFF, 0xF9, 0x47, 0x28, 0xFF,
    0xF9, 0x47, 0x28, 0xFF, 0xF9, 0x47, 0x28, 0xFF, 0xF9, 0x47, 0x28, 0xFF, 0xF9, 0x47, 0x28, 0xFF,
    0xF9, 0x47, 0x28, 0xFF, 0xF9, 0x47, 0x28, 0xFF, 0xF9, 0x47, 0x28, 0xFF, 0xF9, 0x47, 0x28, 0xFF,
    0xF9, 0x47, 0x28, 0xFF, 0xF9, 0x47, 0x28, 0xFF, 0xF9, 0x47, 0x28, 0xFF, 0xF9, 0x47, 0x28, 0xFF,
    0xF9, 0x47, 0x28, 0xFF, 0xF9, 0x47, 0x28, 0xFF, 0xF9, 0x47, 0x28, 0xFF, 0xF9, 0x47, 0x28, 0xFF,
    0xF9, 0x47, 0x28, 0xFF, 0xF9, 0x47, 0x28, 0xFF, 0xF9, 0x47, 0x28, 0xFF, 0xF9, 0x47, 0x28, 0xFF,
    0xF9, 0x47, 0x28, 0xFF, 0xF9, 0x47, 0x28, 0xFF, 0xF9, 0x47, 0x28, 0xFF, 0xF9, 0x47, 0x28, 0xFF,
    0xF9, 0x47, 0x28, 0xFF, 0xF9, 0x47, 0x28, 0xFF, 0xF9, 0x47, 0x28, 0xFF, 0xF9, 0x47, 0x28, 0xFF,
    0xF9, 0x47, 0x28, 0xFF, 0xF9, 0x47, 0x28, 0xFF, 0xF9, 0x47, 0x28, 0xFF, 0xF9, 0x47, 0x28, 0xFF,
    0xF9, 0x4C, 0x2E, 0xFF, 0xF8, 0x48, 0x29, 0xFF, 0xF7, 0x49, 0x29, 0xFF, 0xF7, 0x49, 0x29, 0xFF,
    0xF9, 0x47, 0x28, 0xFF, 0xF9, 0x47, 0x28, 0xFF, 0xF9, 0x47, 0x28, 0xFF, 0xF9, 0x47, 0x28, 0xFF,
    0x57, 0x19, 0x0D, 0xFF, 0x08, 0x04, 0x00, 0xFF, 0x08, 0x04, 0x00, 0xFF, 0x08, 0x04, 0x00, 0xFF,
    0xCE, 0xB3, 0x3F, 0xFF, 0xFE, 0xCD, 0x01, 0xFF, 0xFE, 0xCD, 0x01, 0xFF, 0xFE, 0xCD, 0x01, 0xFF,
    0xFE, 0xCD, 0x01, 0xFF, 0xFE, 0xCD, 0x01, 0xFE, 0xFE, 0xCD, 0x01, 0xFE, 0xFE, 0xCD, 0x01, 0xFE,
    0xFE, 0xCD, 0x01, 0xFE, 0xFE, 0xCD, 0x01, 0xFE, 0xFE, 0xCD, 0x01, 0xFE, 0xFE, 0xCD, 0x01, 0xFE,
    0xFE, 0xCD, 0x01, 0xFE, 0xFE, 0xCD, 0x01, 0xFE, 0xFE, 0xCD, 0x01, 0xFE, 0xFE, 0xCD, 0x01, 0xFE,
    0xFE, 0xCD, 0x01, 0xFE, 0xFE, 0xCD, 0x01, 0xFE, 0xFE, 0xCD, 0x01, 0xFE, 0xFE, 0xCD, 0x01, 0xFE,
    0xFE, 0xCD, 0x01, 0xFE, 0xFE, 0xCD, 0x01, 0xFE, 0xFE, 0xCD, 0x01, 0xFE, 0xFE, 0xCD, 0x01, 0xFE,
    0xFE, 0xCD, 0x01, 0xFE, 0xFE, 0xCD, 0x01, 0xFE, 0xFE, 0xCD, 0x01, 0xFE, 0xFE, 0xCD, 0x01, 0xFE,
    0xFE, 0xCD, 0x01, 0xFE, 0xFE, 0xCD, 0x01, 0xFE, 0xFE, 0xCD, 0x01, 0xFE, 0xFE, 0xCD, 0x01, 0xFE,
    0xFE, 0xCD, 0x01, 0xFE, 0xFE, 0xCD, 0x01, 0xFE, 0xFE, 0xCD, 0x01, 0xFE, 0xFE, 0xCD, 0x01, 0xFE,
    0xFE, 0xCD, 0x01, 0xFE, 0xFE, 0xCD, 0x01, 0xFE, 0xFE, 0xCD, 0x01, 0xFE, 0xFE, 0xCD, 0x01, 0xFE,
    0xFE, 0xCD, 0x01, 0xFE, 0xFE, 0xCD, 0x01, 0xFE, 0xFE, 0xCD, 0x01, 0xFE, 0xFE, 0xCD, 0x01, 0xFE,
    0xFE, 0xCD, 0x01, 0xFE, 0xFE, 0xCD, 0x01, 0xFE, 0xFE, 0xCD, 0x01, 0xFE, 0xFE, 0xCD, 0x01, 0xFE,
    0xFE, 0xCD, 0x01, 0xFE, 0xFE, 0xCD, 0x01, 0xFE, 0xFE, 0xCD, 0x01, 0xFE, 0xFE, 0xCD, 0x01, 0xFE,
    0xFE, 0xCD, 0x01, 0xFE, 0xFE, 0xCD, 0x01, 0xFE, 0xFE, 0xCD, 0x01, 0xFE, 0xFE, 0xCD, 0x01, 0xFE,
    0xFE, 0xCD, 0x01, 0xFE, 0xFE, 0xCD, 0x01, 0xFE, 0xFE, 0xCD, 0x01, 0xFE, 0xFE, 0xCD, 0x01, 0xFE,
    0xFE, 0xCD, 0x01, 0xFE, 0xFE, 0xCD, 0x01, 0xFE, 0xFE, 0xCD, 0x01, 0xFE, 0xFE, 0xCD, 0x01, 0xFE,
    0xFE, 0xCD, 0x01, 0xFE, 0xFE, 0xCD, 0x01, 0xFE, 0xFE, 0xCD, 0x01, 0xFE, 0xFE, 0xCD, 0x01, 0xFE,
    0xFE, 0xCD, 0x01, 0xFE, 0xFE, 0xCD, 0x01, 0xFE, 0xFE, 0xCD, 0x01, 0xFE, 0xFE, 0xCD, 0x01, 0xFE,
    0xFE, 0xCD, 0x01, 0xFE, 0xFE, 0xCD, 0x01, 0xFE, 0xFE, 0xCD, 0x01, 0xFE, 0xFE, 0xCD, 0x01, 0xFE,
    0xFE, 0xCD, 0x01, 0xFE, 0xFE, 0xCD, 0x01, 0xFE, 0xFE, 0xCD, 0x01, 0xFE, 0xFE, 0xCD, 0x01, 0xFE,
    0xFE, 0xCD, 0x01, 0xFE, 0xFE, 0xCD, 0x01, 0xFE, 0xFE, 0xCD, 0x01, 0xFE, 0xFE, 0xCD, 0x01, 0xFE,
    0xFE, 0xCD, 0x01, 0xFE, 0xFE, 0xCD, 0x01, 0xFE, 0xFE, 0xCD, 0x01, 0xFE, 0xFE, 0xCD, 0x01, 0xFE,
    0xFE, 0xCD, 0x01, 0xFE, 0xFE, 0xCD, 0x01, 0xFE, 0xFE, 0xCD, 0x01, 0xFE, 0xFE, 0xCD, 0x01, 0xFE,
    0xFE, 0xCD, 0x01, 0xFE, 0xFE, 0xCD, 0x01, 0xFE, 0xFE, 0xCD, 0x01, 0xFE, 0xFE, 0xCD, 0x01, 0xFE,
    0xFE, 0xCD, 0x01, 0xFE, 0xFE, 0xCD, 0x01, 0xFE, 0xFE, 0xCD, 0x01, 0xFE, 0xFE, 0xCD, 0x01, 0xFE,
    0xFE, 0xCD, 0x01, 0xFE, 0xFE, 0xCD, 0x01, 0xFE, 0xFE, 0xCD, 0x01, 0xFE, 0xFE, 0xCD, 0x01, 0xFE,
    0xFE, 0xCD, 0x01, 0xFE, 0xFE, 0xCD, 0x01, 0xFE, 0xFE, 0xCD, 0x01, 0xFE, 0xFE, 0xCD, 0x01, 0xFE,
    0xFE, 0xCD, 0x01, 0xFE, 0xFE, 0xCD, 0x01, 0xFE, 0xFE, 0xCD, 0x01, 0xFE, 0xFE, 0xCD, 0x01, 0xFE,
    0xFE, 0xCD, 0x01, 0xFE, 0xFE, 0xCD, 0x01, 0xFE, 0xFE, 0xCD, 0x01, 0xFE, 0xFE, 0xCD, 0x01, 0xFE,
    0xFE, 0xCD, 0x01, 0xFE, 0xFE, 0xCD, 0x01, 0xFE, 0xFE, 0xCD, 0x01, 0xFE, 0xFE, 0xCD, 0x01, 0xFE,
    0xFE, 0xCD, 0x01, 0xFE, 0xFE, 0xCD, 0x01, 0xFE, 0xFE, 0xCD, 0x01, 0xFE, 0xFE, 0xCD, 0x01, 0xFE,
    0xFE, 0xCD, 0x01, 0xFE, 0xFE, 0xCD, 0x01, 0xFE, 0xFE, 0xCD, 0x01, 0xFE, 0xFE, 0xCD, 0x01, 0xFE,
    0xFE, 0xCD, 0x01, 0xFE, 0xFE, 0xCD, 0x01, 0xFE, 0xFE, 0xCD, 0x01, 0xFE, 0xFE, 0xCD, 0x01, 0xFE,
    0xFE, 0xCD, 0x01, 0xFE, 0xFE, 0xCD, 0x01, 0xFE, 0xFE, 0xCD, 0x01, 0xFE, 0xFE, 0xCD, 0x01, 0xFE,
    0xFE, 0xCD, 0x01, 0xFE, 0xFE, 0xCD, 0x01, 0xFE, 0xFE, 0xCD, 0x01, 0xFE, 0xFE, 0xCD, 0x01, 0xFE,
    0xFE, 0xCD, 0x01, 0xFE, 0xFE, 0xCD, 0x01, 0xFE, 0xFE, 0xCD, 0x01, 0xFE, 0xFE, 0xCD, 0x01, 0xFE,
    0xFE, 0xCD, 0x01, 0xFE, 0xFE, 0xCD, 0x01, 0xFE, 0xFE, 0xCD, 0x01, 0xFE, 0xFE, 0xCD, 0x01, 0xFE,
    0xFE, 0xCD, 0x01, 0xFE, 0xFE, 0xCD, 0x01, 0xFE, 0xFE, 0xCD, 0x01, 0xFE, 0xFE, 0xCD, 0x01, 0xFF,
    0xFE, 0xCD, 0x01, 0xFF, 0xFE, 0xCD, 0x01, 0xFF, 0xFE, 0xCD, 0x01, 0xFF, 0xFE, 0xCD, 0x01, 0xFF,
    0xFE, 0xCD, 0x01, 0xFF, 0xFE, 0xCD, 0x01, 0xFF, 0xFE, 0xCD, 0x01, 0xFF, 0xFE, 0xCD, 0x01, 0xFF,
    0xFE, 0xCD, 0x01, 0xFF, 0xFE, 0xCD, 0x01, 0xFF, 0xFE, 0xCD, 0x01, 0xFF, 0xFE, 0xCD, 0x01, 0xFF,
    0xFE, 0xCD, 0x01, 0xFF, 0xFE, 0xCD, 0x01, 0xFF, 0xFE, 0xCD, 0x01, 0xFF, 0xFE, 0xCD, 0x01, 0xFF,
    0xFE, 0xCD, 0x01, 0xFF, 0xFE, 0xCD, 0x01, 0xFF, 0xFE, 0xCD, 0x01, 0xFF, 0xFE, 0xCD, 0x01, 0xFF,
    0xFE, 0xCD, 0x01, 0xFF, 0xFE, 0xCD, 0x01, 0xFF, 0xFE, 0xCD, 0x01, 0xFF, 0xFE, 0xCD, 0x01, 0xFF,
    0xFE, 0xCD, 0x01, 0xFF, 0xFE, 0xCD, 0x01, 0xFF, 0xFE, 0xCD, 0x01, 0xFF, 0xFE, 0xCD, 0x01, 0xFF,
    0xFE, 0xCD, 0x01, 0xFF, 0xFE, 0xCD, 0x01, 0xFF, 0xFE, 0xCD, 0x01, 0xFF, 0xFE, 0xCD, 0x01, 0xFF,
    0xFE, 0xCD, 0x01, 0xFF, 0xFE, 0xCD, 0x01, 0xFF, 0xFE, 0xCD, 0x01, 0xFF, 0xFE, 0xCD, 0x01, 0xFF,
    0xFE, 0xCD, 0x01, 0xFF, 0xFE, 0xCD, 0x01, 0xFF, 0xFE, 0xCD, 0x01, 0xFF, 0xFE, 0xCD, 0x01, 0xFF,
    0xFE, 0xCD, 0x01, 0xFF, 0xFE, 0xCD, 0x01, 0xFF, 0xFE, 0xCD, 0x01, 0xFF, 0xFE, 0xCD, 0x01, 0xFF,
    0xFE, 0xCD, 0x01, 0xFF, 0xFE, 0xCD, 0x01, 0xFF, 0xFE, 0xCD, 0x01, 0xFF, 0xFE, 0xCD, 0x01, 0xFF,
    0xFE, 0xCD, 0x01, 0xFF, 0xFE, 0xCD, 0x01, 0xFF, 0x7C, 0x63, 0x00, 0xFF, 0x00, 0x00, 0x00, 0xFF,
    0x00, 0x00, 0x00, 0xFF, 0x00, 0x00, 0x00, 0xFF, 0x00, 0x00, 0x00, 0xF0, 0x00, 0x00, 0x00, 0x00,
    0x00, 0x00, 0x00, 0x00, 0x00, 0x00, 0x00, 0x00, 0x00, 0x00, 0x00, 0x00, 0x00, 0x00, 0x00, 0x00,
    0x00, 0x00, 0x00, 0x00, 0x00, 0x00, 0x00, 0x00, 0x00, 0x00, 0x00, 0x00, 0x00, 0x00, 0x00, 0xDA,
    0x07, 0x00, 0x00, 0xFF, 0x08, 0x00, 0x00, 0xFF, 0x08, 0x00, 0x00, 0xFF, 0x08, 0x00, 0x00, 0xFF,
    0xF7, 0x45, 0x29, 0xFF, 0xF7, 0x45, 0x29, 0xFF, 0xF7, 0x45, 0x29, 0xFF, 0xF7, 0x45, 0x29, 0xFF,
    0xF8, 0x46, 0x25, 0xFF, 0xF9, 0x47, 0x28, 0xFF, 0xF9, 0x47, 0x28, 0xFF, 0xF9, 0x47, 0x28, 0xFF,
    0xF9, 0x47, 0x28, 0xFF, 0xF9, 0x47, 0x28, 0xFF, 0xF9, 0x47, 0x28, 0xFF, 0xF9, 0x47, 0x28, 0xFF,
    0xF9, 0x47, 0x28, 0xFF, 0xF9, 0x47, 0x28, 0xFF, 0xF9, 0x47, 0x28, 0xFF, 0xF9, 0x47, 0x28, 0xFF,
    0xF9, 0x47, 0x28, 0xFF, 0xF9, 0x47, 0x28, 0xFF, 0xF9, 0x47, 0x28, 0xFF, 0xF9, 0x47, 0x28, 0xFF,
    0xF9, 0x47, 0x28, 0xFF, 0xF9, 0x47, 0x28, 0xFF, 0xF9, 0x47, 0x28, 0xFF, 0xF9, 0x47, 0x28, 0xFF,
    0xF9, 0x47, 0x28, 0xFF, 0xF9, 0x47, 0x28, 0xFF, 0xF9, 0x47, 0x28, 0xFF, 0xF9, 0x47, 0x28, 0xFF,
    0xF9, 0x47, 0x28, 0xFF, 0xF9, 0x47, 0x28, 0xFF, 0xF9, 0x47, 0x28, 0xFF, 0xF9, 0x47, 0x28, 0xFF,
    0xF9, 0x47, 0x28, 0xFF, 0xF9, 0x47, 0x28, 0xFF, 0xF9, 0x47, 0x28, 0xFF, 0xF9, 0x47, 0x28, 0xFF,
    0xF9, 0x47, 0x28, 0xFF, 0xF9, 0x47, 0x28, 0xFF, 0xF9, 0x47, 0x28, 0xFF, 0xF9, 0x47, 0x28, 0xFF,
    0xF9, 0x47, 0x28, 0xFF, 0xF9, 0x4D, 0x2F, 0xFF, 0xF8, 0x48, 0x29, 0xFF, 0xF7, 0x49, 0x29, 0xFF,
    0xF9, 0x47, 0x28, 0xFF, 0xF9, 0x47, 0x28, 0xFF, 0xF9, 0x47, 0x28, 0xFF, 0xF9, 0x47, 0x28, 0xFF,
    0xF7, 0x45, 0x29, 0xFF, 0x08, 0x04, 0x00, 0xFF, 0x08, 0x04, 0x00, 0xFF, 0x08, 0x04, 0x00, 0xFF,
    0x24, 0x24, 0x24, 0xFF, 0xFE, 0xCD, 0x01, 0xFF, 0xFE, 0xCD, 0x01, 0xFF, 0xFE, 0xCD, 0x01, 0xFF,
    0xFE, 0xCD, 0x01, 0xFF, 0xFE, 0xCD, 0x01, 0xFE, 0xFE, 0xCD, 0x01, 0xFE, 0xFE, 0xCD, 0x01, 0xFE,
    0xFE, 0xCD, 0x01, 0xFE, 0xFE, 0xCD, 0x01, 0xFE, 0xFE, 0xCD, 0x01, 0xFE, 0xFE, 0xCD, 0x01, 0xFE,
    0xFE, 0xCD, 0x01, 0xFE, 0xFE, 0xCD, 0x01, 0xFE, 0xFE, 0xCD, 0x01, 0xFE, 0xFE, 0xCD, 0x01, 0xFE,
    0xFE, 0xCD, 0x01, 0xFE, 0xFE, 0xCD, 0x01, 0xFE, 0xFE, 0xCD, 0x01, 0xFE, 0xFE, 0xCD, 0x01, 0xFE,
    0xFE, 0xCD, 0x01, 0xFE, 0xFE, 0xCD, 0x01, 0xFE, 0xFE, 0xCD, 0x01, 0xFE, 0xFE, 0xCD, 0x01, 0xFE,
    0xFE, 0xCD, 0x01, 0xFE, 0xFE, 0xCD, 0x01, 0xFE, 0xFE, 0xCD, 0x01, 0xFE, 0xFE, 0xCD, 0x01, 0xFE,
    0xFE, 0xCD, 0x01, 0xFE, 0xFE, 0xCD, 0x01, 0xFE, 0xFE, 0xCD, 0x01, 0xFE, 0xFE, 0xCD, 0x01, 0xFE,
    0xFE, 0xCD, 0x01, 0xFE, 0xFE, 0xCD, 0x01, 0xFE, 0xFE, 0xCD, 0x01, 0xFE, 0xFE, 0xCD, 0x01, 0xFE,
    0xFE, 0xCD, 0x01, 0xFE, 0xFE, 0xCD, 0x01, 0xFE, 0xFE, 0xCD, 0x01, 0xFE, 0xFE, 0xCD, 0x01, 0xFE,
    0xFE, 0xCD, 0x01, 0xFE, 0xFE, 0xCD, 0x01, 0xFE, 0xFE, 0xCD, 0x01, 0xFE, 0xFE, 0xCD, 0x01, 0xFE,
    0xFE, 0xCD, 0x01, 0xFE, 0xFE, 0xCD, 0x01, 0xFE, 0xFE, 0xCD, 0x01, 0xFE, 0xFE, 0xCD, 0x01, 0xFE,
    0xFE, 0xCD, 0x01, 0xFE, 0xFE, 0xCD, 0x01, 0xFE, 0xFE, 0xCD, 0x01, 0xFE, 0xFE, 0xCD, 0x01, 0xFE,
    0xFE, 0xCD, 0x01, 0xFE, 0xFE, 0xCD, 0x01, 0xFE, 0xFE, 0xCD, 0x01, 0xFE, 0xFE, 0xCD, 0x01, 0xFE,
    0xFE, 0xCD, 0x01, 0xFE, 0xFE, 0xCD, 0x01, 0xFE, 0xFE, 0xCD, 0x01, 0xFE, 0xFE, 0xCD, 0x01, 0xFE,
    0xFE, 0xCD, 0x01, 0xFE, 0xFE, 0xCD, 0x01, 0xFE, 0xFE, 0xCD, 0x01, 0xFE, 0xFE, 0xCD, 0x01, 0xFE,
    0xFE, 0xCD, 0x01, 0xFE, 0xFE, 0xCD, 0x01, 0xFE, 0xFE, 0xCD, 0x01, 0xFE, 0xFE, 0xCD, 0x01, 0xFE,
    0xFE, 0xCD, 0x01, 0xFE, 0xFE, 0xCD, 0x01, 0xFE, 0xFE, 0xCD, 0x01, 0xFE, 0xFE, 0xCD, 0x01, 0xFE,
    0xFE, 0xCD, 0x01, 0xFE, 0xFE, 0xCD, 0x01, 0xFE, 0xFE, 0xCD, 0x01, 0xFE, 0xFE, 0xCD, 0x01, 0xFE,
    0xFE, 0xCD, 0x01, 0xFE, 0xFE, 0xCD, 0x01, 0xFE, 0xFE, 0xCD, 0x01, 0xFE, 0xFE, 0xCD, 0x01, 0xFE,
    0xFE, 0xCD, 0x01, 0xFE, 0xFE, 0xCD, 0x01, 0xFE, 0xFE, 0xCD, 0x01, 0xFE, 0xFE, 0xCD, 0x01, 0xFE,
    0xFE, 0xCD, 0x01, 0xFE, 0xFE, 0xCD, 0x01, 0xFE, 0xFE, 0xCD, 0x01, 0xFE, 0xFE, 0xCD, 0x01, 0xFE,
    0xFE, 0xCD, 0x01, 0xFE, 0xFE, 0xCD, 0x01, 0xFE, 0xFE, 0xCD, 0x01, 0xFE, 0xFE, 0xCD, 0x01, 0xFE,
    0xFE, 0xCD, 0x01, 0xFE, 0xFE, 0xCD, 0x01, 0xFE, 0xFE, 0xCD, 0x01, 0xFE, 0xFE, 0xCD, 0x01, 0xFE,
    0xFE, 0xCD, 0x01, 0xFE, 0xFE, 0xCD, 0x01, 0xFE, 0xFE, 0xCD, 0x01, 0xFE, 0xFE, 0xCD, 0x01, 0xFE,
    0xFE, 0xCD, 0x01, 0xFE, 0xFE, 0xCD, 0x01, 0xFE, 0xFE, 0xCD, 0x01, 0xFE, 0xFE, 0xCD, 0x01, 0xFE,
    0xFE, 0xCD, 0x01, 0xFE, 0xFE, 0xCD, 0x01, 0xFE, 0xFE, 0xCD, 0x01, 0xFE, 0xFE, 0xCD, 0x01, 0xFE,
    0xFE, 0xCD, 0x01, 0xFE, 0xFE, 0xCD, 0x01, 0xFE, 0xFE, 0xCD, 0x01, 0xFE, 0xFE, 0xCD, 0x01, 0xFE,
    0xFE, 0xCD, 0x01, 0xFE, 0xFE, 0xCD, 0x01, 0xFE, 0xFE, 0xCD, 0x01, 0xFE, 0xFE, 0xCD, 0x01, 0xFE,
    0xFE, 0xCD, 0x01, 0xFE, 0xFE, 0xCD, 0x01, 0xFE, 0xFE, 0xCD, 0x01, 0xFE, 0xFE, 0xCD, 0x01, 0xFE,
    0xFE, 0xCD, 0x01, 0xFE, 0xFE, 0xCD, 0x01, 0xFE, 0xFE, 0xCD, 0x01, 0xFE, 0xFE, 0xCD, 0x01, 0xFE,
    0xFE, 0xCD, 0x01, 0xFE, 0xFE, 0xCD, 0x01, 0xFE, 0xFE, 0xCD, 0x01, 0xFE, 0xFE, 0xCD, 0x01, 0xFE,
    0xFE, 0xCD, 0x01, 0xFE, 0xFE, 0xCD, 0x01, 0xFE, 0xFE, 0xCD, 0x01, 0xFE, 0xFE, 0xCD, 0x01, 0xFE,
    0xFE, 0xCD, 0x01, 0xFE, 0xFE, 0xCD, 0x01, 0xFE, 0xFE, 0xCD, 0x01, 0xFE, 0xFE, 0xCD, 0x01, 0xFE,
    0xFE, 0xCD, 0x01, 0xFE, 0xFE, 0xCD, 0x01, 0xFE, 0xFE, 0xCD, 0x01, 0xFE, 0xFE, 0xCD, 0x01, 0xFE,
    0xFE, 0xCD, 0x01, 0xFE, 0xFE, 0xCD, 0x01, 0xFE, 0xFE, 0xCD, 0x01, 0xFE, 0xFE, 0xCD, 0x01, 0xFE,
    0xFE, 0xCD, 0x01, 0xFE, 0xFE, 0xCD, 0x01, 0xFE, 0xFE, 0xCD, 0x01, 0xFE, 0xFE, 0xCD, 0x01, 0xFE,
    0xFE, 0xCD, 0x01, 0xFE, 0xFE, 0xCD, 0x01, 0xFE, 0xFE, 0xCD, 0x01, 0xFE, 0xFE, 0xCD, 0x01, 0xFF,
    0xFE, 0xCD, 0x01, 0xFF, 0xFE, 0xCD, 0x01, 0xFF, 0xFE, 0xCD, 0x01, 0xFF, 0xFE, 0xCD, 0x01, 0xFF,
    0xFE, 0xCD, 0x01, 0xFF, 0xFE, 0xCD, 0x01, 0xFF, 0xFE, 0xCD, 0x01, 0xFF, 0xFE, 0xCD, 0x01, 0xFF,
    0xFE, 0xCD, 0x01, 0xFF, 0xFE, 0xCD, 0x01, 0xFF, 0xFE, 0xCD, 0x01, 0xFF, 0xFE, 0xCD, 0x01, 0xFF,
    0xFE, 0xCD, 0x01, 0xFF, 0xFE, 0xCD, 0x01, 0xFF, 0xFE, 0xCD, 0x01, 0xFF, 0xFE, 0xCD, 0x01, 0xFF,
    0xFE, 0xCD, 0x01, 0xFF, 0xFE, 0xCD, 0x01, 0xFF, 0xFE, 0xCD, 0x01, 0xFF, 0xFE, 0xCD, 0x01, 0xFF,
    0xFE, 0xCD, 0x01, 0xFF, 0xFE, 0xCD, 0x01, 0xFF, 0xFE, 0xCD, 0x01, 0xFF, 0xFE, 0xCD, 0x01, 0xFF,
    0xFE, 0xCD, 0x01, 0xFF, 0xFE, 0xCD, 0x01, 0xFF, 0xFE, 0xCD, 0x01, 0xFF, 0xFE, 0xCD, 0x01, 0xFF,
    0xFE, 0xCD, 0x01, 0xFF, 0xFE, 0xCD, 0x01, 0xFF, 0xFE, 0xCD, 0x01, 0xFF, 0xFE, 0xCD, 0x01, 0xFF,
    0xFE, 0xCD, 0x01, 0xFF, 0xFE, 0xCD, 0x01, 0xFF, 0xFE, 0xCD, 0x01, 0xFF, 0xFE, 0xCD, 0x01, 0xFF,
    0xFE, 0xCD, 0x01, 0xFF, 0xFE, 0xCD, 0x01, 0xFF, 0xFE, 0xCD, 0x01, 0xFF, 0xFE, 0xCD, 0x01, 0xFF,
    0xFE, 0xCD, 0x01, 0xFF, 0xFE, 0xCD, 0x01, 0xFF, 0xFE, 0xCD, 0x01, 0xFF, 0xFE, 0xCD, 0x01, 0xFF,
    0xFE, 0xCD, 0x01, 0xFF, 0xFE, 0xCD, 0x01, 0xFF, 0xFE, 0xCD, 0x01, 0xFF, 0xFE, 0xCD, 0x01, 0xFF,
    0xFE, 0xCD, 0x01, 0xFF, 0xFE, 0xCD, 0x01, 0xFF, 0xFE, 0xCD, 0x01, 0xFF, 0x00, 0x00, 0x00, 0xFF,
    0x00, 0x00, 0x00, 0xFF, 0x00, 0x00, 0x00, 0xFF, 0x00, 0x00, 0x00, 0xFF, 0x00, 0x00, 0x00, 0x60,
    0x00, 0x00, 0x00, 0x00, 0x00, 0x00, 0x00, 0x00, 0x00, 0x00, 0x00, 0x00, 0x00, 0x00, 0x00, 0x00,
    0x00, 0x00, 0x00, 0x00, 0x00, 0x00, 0x00, 0x00, 0x00, 0x00, 0x00, 0x24, 0x00, 0x00, 0x00, 0xFF,
    0x08, 0x00, 0x00, 0xFF, 0x08, 0x00, 0x00, 0xFF, 0x08, 0x00, 0x00, 0xFF, 0x4A, 0x14, 0x0B, 0xFF,
    0xF7, 0x45, 0x29, 0xFF, 0xF7, 0x45, 0x29, 0xFF, 0xF7, 0x45, 0x29, 0xFF, 0xF8, 0x46, 0x29, 0xFF,
    0xF9, 0x47, 0x28, 0xFF, 0xF9, 0x47, 0x28, 0xFF, 0xF9, 0x47, 0x28, 0xFF, 0xF9, 0x47, 0x28, 0xFF,
    0xF9, 0x47, 0x28, 0xFF, 0xF9, 0x47, 0x28, 0xFF, 0xF9, 0x47, 0x28, 0xFF, 0xF9, 0x47, 0x28, 0xFF,
    0xF9, 0x47, 0x28, 0xFF, 0xF9, 0x47, 0x28, 0xFF, 0xF9, 0x47, 0x28, 0xFF, 0xF9, 0x47, 0x28, 0xFF,
    0xF9, 0x47, 0x28, 0xFF, 0xF9, 0x47, 0x28, 0xFF, 0xF9, 0x47, 0x28, 0xFF, 0xF9, 0x47, 0x28, 0xFF,
    0xF9, 0x47, 0x28, 0xFF, 0xF9, 0x47, 0x28, 0xFF, 0xF9, 0x47, 0x28, 0xFF, 0xF9, 0x47, 0x28, 0xFF,
    0xF9, 0x47, 0x28, 0xFF, 0xF9, 0x47, 0x28, 0xFF, 0xF9, 0x47, 0x28, 0xFF, 0xF9, 0x47, 0x28, 0xFF,
    0xF9, 0x47, 0x28, 0xFF, 0xF9, 0x47, 0x28, 0xFF, 0xF9, 0x47, 0x28, 0xFF, 0xF9, 0x47, 0x28, 0xFF,
    0xF9, 0x47, 0x28, 0xFF, 0xF9, 0x47, 0x28, 0xFF, 0xF9, 0x47, 0x28, 0xFF, 0xF9, 0x47, 0x28, 0xFF,
    0xF9, 0x47, 0x28, 0xFF, 0xF9, 0x47, 0x28, 0xFF, 0xF9, 0x47, 0x28, 0xFF, 0xF9, 0x47, 0x28, 0xFF,
    0xF9, 0x47, 0x28, 0xFF, 0xF9, 0x48, 0x29, 0xFF, 0xF9, 0x53, 0x36, 0xFF, 0xF8, 0x48, 0x29, 0xFF,
    0xF9, 0x47, 0x28, 0xFF, 0xF9, 0x47, 0x28, 0xFF, 0xF9, 0x47, 0x28, 0xFF, 0xF9, 0x47, 0x28, 0xFF,
    0xF7, 0x45, 0x29, 0xFF, 0x57, 0x19, 0x0D, 0xFF, 0x08, 0x04, 0x00, 0xFF, 0x08, 0x04, 0x00, 0xFF,
    0x00, 0x00, 0x00, 0xFF, 0xFE, 0xCD, 0x01, 0xFF, 0xFE, 0xCD, 0x01, 0xFF, 0xFE, 0xCD, 0x01, 0xFF,
    0xFE, 0xCD, 0x01, 0xFF, 0xFE, 0xCD, 0x01, 0xFE, 0xFE, 0xCD, 0x01, 0xFE, 0xFE, 0xCD, 0x01, 0xFE,
    0xFE, 0xCD, 0x01, 0xFE, 0xFE, 0xCD, 0x01, 0xFE, 0xFE, 0xCD, 0x01, 0xFE, 0xFE, 0xCD, 0x01, 0xFE,
    0xFE, 0xCD, 0x01, 0xFE, 0xFE, 0xCD, 0x01, 0xFE, 0xFE, 0xCD, 0x01, 0xFE, 0xFE, 0xCD, 0x01, 0xFE,
    0xFE, 0xCD, 0x01, 0xFE, 0xFE, 0xCD, 0x01, 0xFE, 0xFE, 0xCD, 0x01, 0xFE, 0xFE, 0xCD, 0x01, 0xFE,
    0xFE, 0xCD, 0x01, 0xFE, 0xFE, 0xCD, 0x01, 0xFE, 0xFE, 0xCD, 0x01, 0xFE, 0xFE, 0xCD, 0x01, 0xFE,
    0xFE, 0xCD, 0x01, 0xFE, 0xFE, 0xCD, 0x01, 0xFE, 0xFE, 0xCD, 0x01, 0xFE, 0xFE, 0xCD, 0x01, 0xFE,
    0xFE, 0xCD, 0x01, 0xFE, 0xFE, 0xCD, 0x01, 0xFE, 0xFE, 0xCD, 0x01, 0xFE, 0xFE, 0xCD, 0x01, 0xFE,
    0xFE, 0xCD, 0x01, 0xFE, 0xFE, 0xCD, 0x01, 0xFE, 0xFE, 0xCD, 0x01, 0xFE, 0xFE, 0xCD, 0x01, 0xFE,
    0xFE, 0xCD, 0x01, 0xFE, 0xFE, 0xCD, 0x01, 0xFE, 0xFE, 0xCD, 0x01, 0xFE, 0xFE, 0xCD, 0x01, 0xFE,
    0xFE, 0xCD, 0x01, 0xFE, 0xFE, 0xCD, 0x01, 0xFE, 0xFE, 0xCD, 0x01, 0xFE, 0xFE, 0xCD, 0x01, 0xFE,
    0xFE, 0xCD, 0x01, 0xFE, 0xFE, 0xCD, 0x01, 0xFE, 0xFE, 0xCD, 0x01, 0xFE, 0xFE, 0xCD, 0x01, 0xFE,
    0xFE, 0xCD, 0x01, 0xFE, 0xFE, 0xCD, 0x01, 0xFE, 0xFE, 0xCD, 0x01, 0xFE, 0xFE, 0xCD, 0x01, 0xFE,
    0xFE, 0xCD, 0x01, 0xFE, 0xFE, 0xCD, 0x01, 0xFE, 0xFE, 0xCD, 0x01, 0xFE, 0xFE, 0xCD, 0x01, 0xFE,
    0xFE, 0xCD, 0x01, 0xFE, 0xFE, 0xCD, 0x01, 0xFE, 0xFE, 0xCD, 0x01, 0xFE, 0xFE, 0xCD, 0x01, 0xFE,
    0xFE, 0xCD, 0x01, 0xFE, 0xFE, 0xCD, 0x01, 0xFE, 0xFE, 0xCD, 0x01, 0xFE, 0xFE, 0xCD, 0x01, 0xFE,
    0xFE, 0xCD, 0x01, 0xFE, 0xFE, 0xCD, 0x01, 0xFE, 0xFE, 0xCD, 0x01, 0xFE, 0xFE, 0xCD, 0x01, 0xFE,
    0xFE, 0xCD, 0x01, 0xFE, 0xFE, 0xCD, 0x01, 0xFE, 0xFE, 0xCD, 0x01, 0xFE, 0xFE, 0xCD, 0x01, 0xFE,
    0xFE, 0xCD, 0x01, 0xFE, 0xFE, 0xCD, 0x01, 0xFE, 0xFE, 0xCD, 0x01, 0xFE, 0xFE, 0xCD, 0x01, 0xFE,
    0xFE, 0xCD, 0x01, 0xFE, 0xFE, 0xCD, 0x01, 0xFE, 0xFE, 0xCD, 0x01, 0xFE, 0xFE, 0xCD, 0x01, 0xFE,
    0xFE, 0xCD, 0x01, 0xFE, 0xFE, 0xCD, 0x01, 0xFE, 0xFE, 0xCD, 0x01, 0xFE, 0xFE, 0xCD, 0x01, 0xFE,
    0xFE, 0xCD, 0x01, 0xFE, 0xFE, 0xCD, 0x01, 0xFE, 0xFE, 0xCD, 0x01, 0xFE, 0xFE, 0xCD, 0x01, 0xFE,
    0xFE, 0xCD, 0x01, 0xFE, 0xFE, 0xCD, 0x01, 0xFE, 0xFE, 0xCD, 0x01, 0xFE, 0xFE, 0xCD, 0x01, 0xFE,
    0xFE, 0xCD, 0x01, 0xFE, 0xFE, 0xCD, 0x01, 0xFE, 0xFE, 0xCD, 0x01, 0xFE, 0xFE, 0xCD, 0x01, 0xFE,
    0xFE, 0xCD, 0x01, 0xFE, 0xFE, 0xCD, 0x01, 0xFE, 0xFE, 0xCD, 0x01, 0xFE, 0xFE, 0xCD, 0x01, 0xFE,
    0xFE, 0xCD, 0x01, 0xFE, 0xFE, 0xCD, 0x01, 0xFE, 0xFE, 0xCD, 0x01, 0xFE, 0xFE, 0xCD, 0x01, 0xFE,
    0xFE, 0xCD, 0x01, 0xFE, 0xFE, 0xCD, 0x01, 0xFE, 0xFE, 0xCD, 0x01, 0xFE, 0xFE, 0xCD, 0x01, 0xFE,
    0xFE, 0xCD, 0x01, 0xFE, 0xFE, 0xCD, 0x01, 0xFE, 0xFE, 0xCD, 0x01, 0xFE, 0xFE, 0xCD, 0x01, 0xFE,
    0xFE, 0xCD, 0x01, 0xFE, 0xFE, 0xCD, 0x01, 0xFE, 0xFE, 0xCD, 0x01, 0xFE, 0xFE, 0xCD, 0x01, 0xFE,
    0xFE, 0xCD, 0x01, 0xFE, 0xFE, 0xCD, 0x01, 0xFE, 0xFE, 0xCD, 0x01, 0xFE, 0xFE, 0xCD, 0x01, 0xFE,
    0xFE, 0xCD, 0x01, 0xFE, 0xFE, 0xCD, 0x01, 0xFE, 0xFE, 0xCD, 0x01, 0xFE, 0xFE, 0xCD, 0x01, 0xFE,
    0xFE, 0xCD, 0x01, 0xFE, 0xFE, 0xCD, 0x01, 0xFE, 0xFE, 0xCD, 0x01, 0xFE, 0xFE, 0xCD, 0x01, 0xFE,
    0xFE, 0xCD, 0x01, 0xFE, 0xFE, 0xCD, 0x01, 0xFE, 0xFE, 0xCD, 0x01, 0xFE, 0xFE, 0xCD, 0x01, 0xFE,
    0xFE, 0xCD, 0x01, 0xFE, 0xFE, 0xCD, 0x01, 0xFE, 0xFE, 0xCD, 0x01, 0xFE, 0xFE, 0xCD, 0x01, 0xFE,
    0xFE, 0xCD, 0x01, 0xFE, 0xFE, 0xCD, 0x01, 0xFE, 0xFE, 0xCD, 0x01, 0xFE, 0xFE, 0xCD, 0x01, 0xFE,
    0xFE, 0xCD, 0x01, 0xFE, 0xFE, 0xCD, 0x01, 0xFE, 0xFE, 0xCD, 0x01, 0xFE, 0xFE, 0xCD, 0x01, 0xFE,
    0xFE, 0xCD, 0x01, 0xFE, 0xFE, 0xCD, 0x01, 0xFE, 0xFE, 0xCD, 0x01, 0xFE, 0xFE, 0xCD, 0x01, 0xFE,
    0xFE, 0xCD, 0x01, 0xFE, 0xFE, 0xCD, 0x01, 0xFE, 0xFE, 0xCD, 0x01, 0xFE, 0xFE, 0xCD, 0x01, 0xFF,
    0xFE, 0xCD, 0x01, 0xFF, 0xFE, 0xCD, 0x01, 0xFF, 0xFE, 0xCD, 0x01, 0xFF, 0xFE, 0xCD, 0x01, 0xFF,
    0xFE, 0xCD, 0x01, 0xFF, 0xFE, 0xCD, 0x01, 0xFF, 0xFE, 0xCD, 0x01, 0xFF, 0xFE, 0xCD, 0x01, 0xFF,
    0xFE, 0xCD, 0x01, 0xFF, 0xFE, 0xCD, 0x01, 0xFF, 0xFE, 0xCD, 0x01, 0xFF, 0xFE, 0xCD, 0x01, 0xFF,
    0xFE, 0xCD, 0x01, 0xFF, 0xFE, 0xCD, 0x01, 0xFF, 0xFE, 0xCD, 0x01, 0xFF, 0xFE, 0xCD, 0x01, 0xFF,
    0xFE, 0xCD, 0x01, 0xFF, 0xFE, 0xCD, 0x01, 0xFF, 0xFE, 0xCD, 0x01, 0xFF, 0xFE, 0xCD, 0x01, 0xFF,
    0xFE, 0xCD, 0x01, 0xFF, 0xFE, 0xCD, 0x01, 0xFF, 0xFE, 0xCD, 0x01, 0xFF, 0xFE, 0xCD, 0x01, 0xFF,
    0xFE, 0xCD, 0x01, 0xFF, 0xFE, 0xCD, 0x01, 0xFF, 0xFE, 0xCD, 0x01, 0xFF, 0xFE, 0xCD, 0x01, 0xFF,
    0xFE, 0xCD, 0x01, 0xFF, 0xFE, 0xCD, 0x01, 0xFF, 0xFE, 0xCD, 0x01, 0xFF, 0xFE, 0xCD, 0x01, 0xFF,
    0xFE, 0xCD, 0x01, 0xFF, 0xFE, 0xCD, 0x01, 0xFF, 0xFE, 0xCD, 0x01, 0xFF, 0xFE, 0xCD, 0x01, 0xFF,
    0xFE, 0xCD, 0x01, 0xFF, 0xFE, 0xCD, 0x01, 0xFF, 0xFE, 0xCD, 0x01, 0xFF, 0xFE, 0xCD, 0x01, 0xFF,
    0xFE, 0xCD, 0x01, 0xFF, 0xFE, 0xCD, 0x01, 0xFF, 0xFE, 0xCD, 0x01, 0xFF, 0xFE, 0xCD, 0x01, 0xFF,
    0xFE, 0xCD, 0x01, 0xFF, 0xFE, 0xCD, 0x01, 0xFF, 0xFE, 0xCD, 0x01, 0xFF, 0xFE, 0xCD, 0x01, 0xFF,
    0xFE, 0xCD, 0x01, 0xFF, 0xFE, 0xCD, 0x01, 0xFF, 0xFE, 0xCD, 0x01, 0xFF, 0x5D, 0x4B, 0x00, 0xFC,
    0x00, 0x00, 0x00, 0xFF, 0x00, 0x00, 0x00, 0xFF, 0x00, 0x00, 0x00, 0xFF, 0x00, 0x00, 0x00, 0xB6,
    0x00, 0x00, 0x00, 0x00, 0x00, 0x00, 0x00, 0x00, 0x00, 0x00, 0x00, 0x00, 0x00, 0x00, 0x00, 0x00,
    0x00, 0x00, 0x00, 0x00, 0x00, 0x00, 0x00, 0x00, 0x00, 0x00, 0x00, 0x6D, 0x00, 0x00, 0x00, 0xFF,
    0x08, 0x00, 0x00, 0xFF, 0x08, 0x00, 0x00, 0xFF, 0x08, 0x00, 0x00, 0xFF, 0xCE, 0x3C, 0x21, 0xFF,
    0xF7, 0x45, 0x29, 0xFF, 0xF7, 0x45, 0x29, 0xFF, 0xF7, 0x45, 0x29, 0xFF, 0xF8, 0x46, 0x28, 0xFF,
    0xF9, 0x47, 0x28, 0xFF, 0xF9, 0x47, 0x28, 0xFF, 0xF9, 0x47, 0x28, 0xFF, 0xF9, 0x47, 0x28, 0xFF,
    0xF9, 0x47, 0x28, 0xFF, 0xF9, 0x47, 0x28, 0xFF, 0xF9, 0x47, 0x28, 0xFF, 0xF9, 0x47, 0x28, 0xFF,
    0xF9, 0x47, 0x28, 0xFF, 0xF9, 0x47, 0x28, 0xFF, 0xF9, 0x47, 0x28, 0xFF, 0xF9, 0x47, 0x28, 0xFF,
    0xF9, 0x47, 0x28, 0xFF, 0xF9, 0x47, 0x28, 0xFF, 0xF9, 0x47, 0x28, 0xFF, 0xF9, 0x47, 0x28, 0xFF,
    0xF9, 0x47, 0x28, 0xFF, 0xF9, 0x47, 0x28, 0xFF, 0xF9, 0x47, 0x28, 0xFF, 0xF9, 0x47, 0x28, 0xFF,
    0xF9, 0x47, 0x28, 0xFF, 0xF9, 0x47, 0x28, 0xFF, 0xF9, 0x47, 0x28, 0xFF, 0xF9, 0x47, 0x28, 0xFF,
    0xF9, 0x47, 0x28, 0xFF, 0xF9, 0x47, 0x28, 0xFF, 0xF9, 0x47, 0x28, 0xFF, 0xF9, 0x47, 0x28, 0xFF,
    0xF9, 0x47, 0x28, 0xFF, 0xF9, 0x47, 0x28, 0xFF, 0xF9, 0x47, 0x28, 0xFF, 0xF9, 0x47, 0x28, 0xFF,
    0xF9, 0x47, 0x28, 0xFF, 0xF9, 0x47, 0x28, 0xFF, 0xF9, 0x47, 0x28, 0xFF, 0xF9, 0x47, 0x28, 0xFF,
    0xF9, 0x47, 0x28, 0xFF, 0xF9, 0x47, 0x28, 0xFF, 0xF9, 0x47, 0x28, 0xFF, 0xF8, 0x48, 0x28, 0xFF,
    0xF9, 0x47, 0x28, 0xFF, 0xF9, 0x47, 0x28, 0xFF, 0xF9, 0x47, 0x28, 0xFF, 0xF9, 0x47, 0x28, 0xFF,
    0xF7, 0x45, 0x29, 0xFF, 0xA7, 0x2F, 0x1B, 0xFF, 0x08, 0x04, 0x00, 0xFF, 0x08, 0x04, 0x00, 0xFF,
    0x00, 0x00, 0x00, 0xFF, 0xCE, 0xB3, 0x3F, 0xFF, 0xFE, 0xCD, 0x01, 0xFF, 0xFE, 0xCD, 0x01, 0xFF,
    0xFE, 0xCD, 0x01, 0xFF, 0xFE, 0xCD, 0x01, 0xFE, 0xFE, 0xCD, 0x01, 0xFE, 0xFE, 0xCD, 0x01, 0xFE,
    0xFE, 0xCD, 0x01, 0xFE, 0xFE, 0xCD, 0x01, 0xFE, 0xFE, 0xCD, 0x01, 0xFE, 0xFE, 0xCD, 0x01, 0xFE,
    0xFE, 0xCD, 0x01, 0xFE, 0xFE, 0xCD, 0x01, 0xFE, 0xFE, 0xCD, 0x01, 0xFE, 0xFE, 0xCD, 0x01, 0xFE,
    0xFE, 0xCD, 0x01, 0xFE, 0xFE, 0xCD, 0x01, 0xFE, 0xFE, 0xCD, 0x01, 0xFE, 0xFE, 0xCD, 0x01, 0xFE,
    0xFE, 0xCD, 0x01, 0xFE, 0xFE, 0xCD, 0x01, 0xFE, 0xFE, 0xCD, 0x01, 0xFE, 0xFE, 0xCD, 0x01, 0xFE,
    0xFE, 0xCD, 0x01, 0xFE, 0xFE, 0xCD, 0x01, 0xFE, 0xFE, 0xCD, 0x01, 0xFE, 0xFE, 0xCD, 0x01, 0xFE,
    0xFE, 0xCD, 0x01, 0xFE, 0xFE, 0xCD, 0x01, 0xFE, 0xFE, 0xCD, 0x01, 0xFE, 0xFE, 0xCD, 0x01, 0xFE,
    0xFE, 0xCD, 0x01, 0xFE, 0xFE, 0xCD, 0x01, 0xFE, 0xFE, 0xCD, 0x01, 0xFE, 0xFE, 0xCD, 0x01, 0xFE,
    0xFE, 0xCD, 0x01, 0xFE, 0xFE, 0xCD, 0x01, 0xFE, 0xFE, 0xCD, 0x01, 0xFE, 0xFE, 0xCD, 0x01, 0xFE,
    0xFE, 0xCD, 0x01, 0xFE, 0xFE, 0xCD, 0x01, 0xFE, 0xFE, 0xCD, 0x01, 0xFE, 0xFE, 0xCD, 0x01, 0xFE,
    0xFE, 0xCD, 0x01, 0xFE, 0xFE, 0xCD, 0x01, 0xFE, 0xFE, 0xCD, 0x01, 0xFE, 0xFE, 0xCD, 0x01, 0xFE,
    0xFE, 0xCD, 0x01, 0xFE, 0xFE, 0xCD, 0x01, 0xFE, 0xFE, 0xCD, 0x01, 0xFE, 0xFE, 0xCD, 0x01, 0xFE,
    0xFE, 0xCD, 0x01, 0xFE, 0xFE, 0xCD, 0x01, 0xFE, 0xFE, 0xCD, 0x01, 0xFE, 0xFE, 0xCD, 0x01, 0xFE,
    0xFE, 0xCD, 0x01, 0xFE, 0xFE, 0xCD, 0x01, 0xFE, 0xFE, 0xCD, 0x01, 0xFE, 0xFE, 0xCD, 0x01, 0xFE,
    0xFE, 0xCD, 0x01, 0xFE, 0xFE, 0xCD, 0x01, 0xFE, 0xFE, 0xCD, 0x01, 0xFE, 0xFE, 0xCD, 0x01, 0xFE,
    0xFE, 0xCD, 0x01, 0xFE, 0xFE, 0xCD, 0x01, 0xFE, 0xFE, 0xCD, 0x01, 0xFE, 0xFE, 0xCD, 0x01, 0xFE,
    0xFE, 0xCD, 0x01, 0xFE, 0xFE, 0xCD, 0x01, 0xFE, 0xFE, 0xCD, 0x01, 0xFE, 0xFE, 0xCD, 0x01, 0xFE,
    0xFE, 0xCD, 0x01, 0xFE, 0xFE, 0xCD, 0x01, 0xFE, 0xFE, 0xCD, 0x01, 0xFE, 0xFE, 0xCD, 0x01, 0xFE,
    0xFE, 0xCD, 0x01, 0xFE, 0xFE, 0xCD, 0x01, 0xFE, 0xFE, 0xCD, 0x01, 0xFE, 0xFE, 0xCD, 0x01, 0xFE,
    0xFE, 0xCD, 0x01, 0xFE, 0xFE, 0xCD, 0x01, 0xFE, 0xFE, 0xCD, 0x01, 0xFE, 0xFE, 0xCD, 0x01, 0xFE,
    0xFE, 0xCD, 0x01, 0xFE, 0xFE, 0xCD, 0x01, 0xFE, 0xFE, 0xCD, 0x01, 0xFE, 0xFE, 0xCD, 0x01, 0xFE,
    0xFE, 0xCD, 0x01, 0xFE, 0xFE, 0xCD, 0x01, 0xFE, 0xFE, 0xCD, 0x01, 0xFE, 0xFE, 0xCD, 0x01, 0xFE,
    0xFE, 0xCD, 0x01, 0xFE, 0xFE, 0xCD, 0x01, 0xFE, 0xFE, 0xCD, 0x01, 0xFE, 0xFE, 0xCD, 0x01, 0xFE,
    0xFE, 0xCD, 0x01, 0xFE, 0xFE, 0xCD, 0x01, 0xFE, 0xFE, 0xCD, 0x01, 0xFE, 0xFE, 0xCD, 0x01, 0xFE,
    0xFE, 0xCD, 0x01, 0xFE, 0xFE, 0xCD, 0x01, 0xFE, 0xFE, 0xCD, 0x01, 0xFE, 0xFE, 0xCD, 0x01, 0xFE,
    0xFE, 0xCD, 0x01, 0xFE, 0xFE, 0xCD, 0x01, 0xFE, 0xFE, 0xCD, 0x01, 0xFE, 0xFE, 0xCD, 0x01, 0xFE,
    0xFE, 0xCD, 0x01, 0xFE, 0xFE, 0xCD, 0x01, 0xFE, 0xFE, 0xCD, 0x01, 0xFE, 0xFE, 0xCD, 0x01, 0xFE,
    0xFE, 0xCD, 0x01, 0xFE, 0xFE, 0xCD, 0x01, 0xFE, 0xFE, 0xCD, 0x01, 0xFE, 0xFE, 0xCD, 0x01, 0xFE,
    0xFE, 0xCD, 0x01, 0xFE, 0xFE, 0xCD, 0x01, 0xFE, 0xFE, 0xCD, 0x01, 0xFE, 0xFE, 0xCD, 0x01, 0xFE,
    0xFE, 0xCD, 0x01, 0xFE, 0xFE, 0xCD, 0x01, 0xFE, 0xFE, 0xCD, 0x01, 0xFE, 0xFE, 0xCD, 0x01, 0xFE,
    0xFE, 0xCD, 0x01, 0xFE, 0xFE, 0xCD, 0x01, 0xFE, 0xFE, 0xCD, 0x01, 0xFE, 0xFE, 0xCD, 0x01, 0xFE,
    0xFE, 0xCD, 0x01, 0xFE, 0xFE, 0xCD, 0x01, 0xFE, 0xFE, 0xCD, 0x01, 0xFE, 0xFE, 0xCD, 0x01, 0xFE,
    0xFE, 0xCD, 0x01, 0xFE, 0xFE, 0xCD, 0x01, 0xFE, 0xFE, 0xCD, 0x01, 0xFE, 0xFE, 0xCD, 0x01, 0xFE,
    0xFE, 0xCD, 0x01, 0xFE, 0xFE, 0xCD, 0x01, 0xFE, 0xFE, 0xCD, 0x01, 0xFE, 0xFE, 0xCD, 0x01, 0xFE,
    0xFE, 0xCD, 0x01, 0xFE, 0xFE, 0xCD, 0x01, 0xFE, 0xFE, 0xCD, 0x01, 0xFE, 0xFE, 0xCD, 0x01, 0xFE,
    0xFE, 0xCD, 0x01, 0xFE, 0xFE, 0xCD, 0x01, 0xFE, 0xFE, 0xCD, 0x01, 0xFE, 0xFE, 0xCD, 0x01, 0xFE,
    0xFE, 0xCD, 0x01, 0xFE, 0xFE, 0xCD, 0x01, 0xFE, 0xFE, 0xCD, 0x01, 0xFE, 0xFE, 0xCD, 0x01, 0xFF,
    0xFE, 0xCD, 0x01, 0xFF, 0xFE, 0xCD, 0x01, 0xFF, 0xFE, 0xCD, 0x01, 0xFF, 0xFE, 0xCD, 0x01, 0xFF,
    0xFE, 0xCD, 0x01, 0xFF, 0xFE, 0xCD, 0x01, 0xFF, 0xFE, 0xCD, 0x01, 0xFF, 0xFE, 0xCD, 0x01, 0xFF,
    0xFE, 0xCD, 0x01, 0xFF, 0xFE, 0xCD, 0x01, 0xFF, 0xFE, 0xCD, 0x01, 0xFF, 0xFE, 0xCD, 0x01, 0xFF,
    0xFE, 0xCD, 0x01, 0xFF, 0xFE, 0xCD, 0x01, 0xFF, 0xFE, 0xCD, 0x01, 0xFF, 0xFE, 0xCD, 0x01, 0xFF,
    0xFE, 0xCD, 0x01, 0xFF, 0xFE, 0xCD, 0x01, 0xFF, 0xFE, 0xCD, 0x01, 0xFF, 0xFE, 0xCD, 0x01, 0xFF,
    0xFE, 0xCD, 0x01, 0xFF, 0xFE, 0xCD, 0x01, 0xFF, 0xFE, 0xCD, 0x01, 0xFF, 0xFE, 0xCD, 0x01, 0xFF,
    0xFE, 0xCD, 0x01, 0xFF, 0xFE, 0xCD, 0x01, 0xFF, 0xFE, 0xCD, 0x01, 0xFF, 0xFE, 0xCD, 0x01, 0xFF,
    0xFE, 0xCD, 0x01, 0xFF, 0xFE, 0xCD, 0x01, 0xFF, 0xFE, 0xCD, 0x01, 0xFF, 0xFE, 0xCD, 0x01, 0xFF,
    0xFE, 0xCD, 0x01, 0xFF, 0xFE, 0xCD, 0x01, 0xFF, 0xFE, 0xCD, 0x01, 0xFF, 0xFE, 0xCD, 0x01, 0xFF,
    0xFE, 0xCD, 0x01, 0xFF, 0xFE, 0xCD, 0x01, 0xFF, 0xFE, 0xCD, 0x01, 0xFF, 0xFE, 0xCD, 0x01, 0xFF,
    0xFE, 0xCD, 0x01, 0xFF, 0xFE, 0xCD, 0x01, 0xFF, 0xFE, 0xCD, 0x01, 0xFF, 0xFE, 0xCD, 0x01, 0xFF,
    0xFE, 0xCD, 0x01, 0xFF, 0xFE, 0xCD, 0x01, 0xFF, 0xFE, 0xCD, 0x01, 0xFF, 0xFE, 0xCD, 0x01, 0xFF,
    0xFE, 0xCD, 0x01, 0xFF, 0xFE, 0xCD, 0x01, 0xFF, 0xFE, 0xCD, 0x01, 0xFF, 0xFE, 0xCD, 0x01, 0xFF,
    0x00, 0x00, 0x00, 0xFF, 0x00, 0x00, 0x00, 0xFF, 0x00, 0x00, 0x00, 0xFF, 0x00, 0x00, 0x00, 0xFF,
    0x00, 0x00, 0x00, 0x00, 0x00, 0x00, 0x00, 0x00, 0x00, 0x00, 0x00, 0x00, 0x00, 0x00, 0x00, 0x00,
    0x00, 0x00, 0x00, 0x00, 0x00, 0x00, 0x00, 0x00, 0x00, 0x00, 0x00, 0xC6, 0x00, 0x00, 0x00, 0xFF,
    0x08, 0x04, 0x00, 0xFF, 0x08, 0x04, 0x00, 0xFF, 0x08, 0x04, 0x00, 0xFF, 0xF7, 0x49, 0x29, 0xFF,
    0xF9, 0x47, 0x28, 0xFF, 0xF9, 0x47, 0x28, 0xFF, 0xF9, 0x47, 0x28, 0xFF, 0xF9, 0x47, 0x28, 0xFF,
    0xF9, 0x47, 0x28, 0xFF, 0xF9, 0x47, 0x28, 0xFF, 0xF9, 0x47, 0x28, 0xFF, 0xF9, 0x47, 0x28, 0xFF,
    0xF9, 0x47, 0x28, 0xFF, 0xF9, 0x47, 0x28, 0xFF, 0xF9, 0x47, 0x28, 0xFF, 0xF9, 0x47, 0x28, 0xFF,
    0xF9, 0x47, 0x28, 0xFF, 0xF9, 0x47, 0x28, 0xFF, 0xF9, 0x47, 0x28, 0xFF, 0xF9, 0x47, 0x28, 0xFF,
    0xF9, 0x47, 0x28, 0xFF, 0xF9, 0x47, 0x28, 0xFF, 0xF9, 0x47, 0x28, 0xFF, 0xF9, 0x47, 0x28, 0xFF,
    0xF9, 0x47, 0x28, 0xFF, 0xF9, 0x47, 0x28, 0xFF, 0xF9, 0x47, 0x28, 0xFF, 0xF9, 0x47, 0x28, 0xFF,
    0xF9, 0x47, 0x28, 0xFF, 0xF9, 0x47, 0x28, 0xFF, 0xF9, 0x47, 0x28, 0xFF, 0xF9, 0x47, 0x28, 0xFF,
    0xF9, 0x47, 0x28, 0xFF, 0xF9, 0x47, 0x28, 0xFF, 0xF9, 0x47, 0x28, 0xFF, 0xF9, 0x47, 0x28, 0xFF,
    0xF9, 0x47, 0x28, 0xFF, 0xF9, 0x47, 0x28, 0xFF, 0xF9, 0x47, 0x28, 0xFF, 0xF9, 0x47, 0x28, 0xFF,
    0xF9, 0x47, 0x28, 0xFF, 0xF9, 0x47, 0x28, 0xFF, 0xF9, 0x47, 0x28, 0xFF, 0xF9, 0x47, 0x28, 0xFF,
    0xF9, 0x47, 0x28, 0xFF, 0xF9, 0x47, 0x28, 0xFF, 0xF9, 0x47, 0x28, 0xFF, 0xF3, 0x50, 0x34, 0xFF,
    0xF9, 0x47, 0x28, 0xFF, 0xF9, 0x47, 0x28, 0xFF, 0xF9, 0x47, 0x28, 0xFF, 0xF9, 0x47, 0x28, 0xFF,
    0xF7, 0x45, 0x29, 0xFF, 0xF7, 0x45, 0x29, 0xFF, 0x00, 0x00, 0x00, 0xFF, 0x00, 0x00, 0x00, 0xFF,
    0x27, 0x1F, 0x00, 0xFF, 0x7F, 0x6F, 0x29, 0xFF, 0xFE, 0xCD, 0x01, 0xFF, 0xFE, 0xCD, 0x01, 0xFF,
    0xFE, 0xCD, 0x01, 0xFF, 0xFE, 0xCD, 0x01, 0xFF, 0xFE, 0xCD, 0x01, 0xFE, 0xFE, 0xCD, 0x01, 0xFE,
    0xFE, 0xCD, 0x01, 0xFE, 0xFE, 0xCD, 0x01, 0xFE, 0xFE, 0xCD, 0x01, 0xFE, 0xFE, 0xCD, 0x01, 0xFE,
    0xFE, 0xCD, 0x01, 0xFE, 0xFE, 0xCD, 0x01, 0xFE, 0xFE, 0xCD, 0x01, 0xFE, 0xFE, 0xCD, 0x01, 0xFE,
    0xFE, 0xCD, 0x01, 0xFE, 0xFE, 0xCD, 0x01, 0xFE, 0xFE, 0xCD, 0x01, 0xFE, 0xFE, 0xCD, 0x01, 0xFE,
    0xFE, 0xCD, 0x01, 0xFE, 0xFE, 0xCD, 0x01, 0xFE, 0xFE, 0xCD, 0x01, 0xFE, 0xFE, 0xCD, 0x01, 0xFE,
    0xFE, 0xCD, 0x01, 0xFE, 0xFE, 0xCD, 0x01, 0xFE, 0xFE, 0xCD, 0x01, 0xFE, 0xFE, 0xCD, 0x01, 0xFE,
    0xFE, 0xCD, 0x01, 0xFE, 0xFE, 0xCD, 0x01, 0xFE, 0xFE, 0xCD, 0x01, 0xFE, 0xFE, 0xCD, 0x01, 0xFE,
    0xFE, 0xCD, 0x01, 0xFE, 0xFE, 0xCD, 0x01, 0xFE, 0xFE, 0xCD, 0x01, 0xFE, 0xFE, 0xCD, 0x01, 0xFE,
    0xFE, 0xCD, 0x01, 0xFE, 0xFE, 0xCD, 0x01, 0xFE, 0xFE, 0xCD, 0x01, 0xFE, 0xFE, 0xCD, 0x01, 0xFE,
    0xFE, 0xCD, 0x01, 0xFE, 0xFE, 0xCD, 0x01, 0xFE, 0xFE, 0xCD, 0x01, 0xFE, 0xFE, 0xCD, 0x01, 0xFE,
    0xFE, 0xCD, 0x01, 0xFE, 0xFE, 0xCD, 0x01, 0xFE, 0xFE, 0xCD, 0x01, 0xFE, 0xFE, 0xCD, 0x01, 0xFE,
    0xFE, 0xCD, 0x01, 0xFE, 0xFE, 0xCD, 0x01, 0xFE, 0xFE, 0xCD, 0x01, 0xFE, 0xFE, 0xCD, 0x01, 0xFE,
    0xFE, 0xCD, 0x01, 0xFE, 0xFE, 0xCD, 0x01, 0xFE, 0xFE, 0xCD, 0x01, 0xFE, 0xFE, 0xCD, 0x01, 0xFE,
    0xFE, 0xCD, 0x01, 0xFE, 0xFE, 0xCD, 0x01, 0xFE, 0xFE, 0xCD, 0x01, 0xFE, 0xFE, 0xCD, 0x01, 0xFE,
    0xFE, 0xCD, 0x01, 0xFE, 0xFE, 0xCD, 0x01, 0xFE, 0xFE, 0xCD, 0x01, 0xFE, 0xFE, 0xCD, 0x01, 0xFE,
    0xFE, 0xCD, 0x01, 0xFE, 0xFE, 0xCD, 0x01, 0xFE, 0xFE, 0xCD, 0x01, 0xFE, 0xFE, 0xCD, 0x01, 0xFE,
    0xFE, 0xCD, 0x01, 0xFE, 0xFE, 0xCD, 0x01, 0xFE, 0xFE, 0xCD, 0x01, 0xFE, 0xFE, 0xCD, 0x01, 0xFE,
    0xFE, 0xCD, 0x01, 0xFE, 0xFE, 0xCD, 0x01, 0xFE, 0xFE, 0xCD, 0x01, 0xFE, 0xFE, 0xCD, 0x01, 0xFE,
    0xFE, 0xCD, 0x01, 0xFE, 0xFE, 0xCD, 0x01, 0xFE, 0xFE, 0xCD, 0x01, 0xFE, 0xFE, 0xCD, 0x01, 0xFE,
    0xFE, 0xCD, 0x01, 0xFE, 0xFE, 0xCD, 0x01, 0xFE, 0xFE, 0xCD, 0x01, 0xFE, 0xFE, 0xCD, 0x01, 0xFE,
    0xFE, 0xCD, 0x01, 0xFE, 0xFE, 0xCD, 0x01, 0xFE, 0xFE, 0xCD, 0x01, 0xFE, 0xFE, 0xCD, 0x01, 0xFE,
    0xFE, 0xCD, 0x01, 0xFE, 0xFE, 0xCD, 0x01, 0xFE, 0xFE, 0xCD, 0x01, 0xFE, 0xFE, 0xCD, 0x01, 0xFE,
    0xFE, 0xCD, 0x01, 0xFE, 0xFE, 0xCD, 0x01, 0xFE, 0xFE, 0xCD, 0x01, 0xFE, 0xFE, 0xCD, 0x01, 0xFE,
    0xFE, 0xCD, 0x01, 0xFE, 0xFE, 0xCD, 0x01, 0xFE, 0xFE, 0xCD, 0x01, 0xFE, 0xFE, 0xCD, 0x01, 0xFE,
    0xFE, 0xCD, 0x01, 0xFE, 0xFE, 0xCD, 0x01, 0xFE, 0xFE, 0xCD, 0x01, 0xFE, 0xFE, 0xCD, 0x01, 0xFE,
    0xFE, 0xCD, 0x01, 0xFE, 0xFE, 0xCD, 0x01, 0xFE, 0xFE, 0xCD, 0x01, 0xFE, 0xFE, 0xCD, 0x01, 0xFE,
    0xFE, 0xCD, 0x01, 0xFE, 0xFE, 0xCD, 0x01, 0xFE, 0xFE, 0xCD, 0x01, 0xFE, 0xFE, 0xCD, 0x01, 0xFE,
    0xFE, 0xCD, 0x01, 0xFE, 0xFE, 0xCD, 0x01, 0xFE, 0xFE, 0xCD, 0x01, 0xFE, 0xFE, 0xCD, 0x01, 0xFE,
    0xFE, 0xCD, 0x01, 0xFE, 0xFE, 0xCD, 0x01, 0xFE, 0xFE, 0xCD, 0x01, 0xFE, 0xFE, 0xCD, 0x01, 0xFE,
    0xFE, 0xCD, 0x01, 0xFE, 0xFE, 0xCD, 0x01, 0xFE, 0xFE, 0xCD, 0x01, 0xFE, 0xFE, 0xCD, 0x01, 0xFE,
    0xFE, 0xCD, 0x01, 0xFE, 0xFE, 0xCD, 0x01, 0xFE, 0xFE, 0xCD, 0x01, 0xFE, 0xFE, 0xCD, 0x01, 0xFE,
    0xFE, 0xCD, 0x01, 0xFE, 0xFE, 0xCD, 0x01, 0xFE, 0xFE, 0xCD, 0x01, 0xFE, 0xFE, 0xCD, 0x01, 0xFE,
    0xFE, 0xCD, 0x01, 0xFE, 0xFE, 0xCD, 0x01, 0xFE, 0xFE, 0xCD, 0x01, 0xFE, 0xFE, 0xCD, 0x01, 0xFE,
    0xFE, 0xCD, 0x01, 0xFE, 0xFE, 0xCD, 0x01, 0xFE, 0xFE, 0xCD, 0x01, 0xFE, 0xFE, 0xCD, 0x01, 0xFE,
    0xFE, 0xCD, 0x01, 0xFE, 0xFE, 0xCD, 0x01, 0xFE, 0xFE, 0xCD, 0x01, 0xFE, 0xFE, 0xCD, 0x01, 0xFE,
    0xFE, 0xCD, 0x01, 0xFE, 0xFE, 0xCD, 0x01, 0xFE, 0xFE, 0xCD, 0x01, 0xFE, 0xFE, 0xCD, 0x01, 0xFE,
    0xFE, 0xCD, 0x01, 0xFE, 0xFE, 0xCD, 0x01, 0xFE, 0xFE, 0xCD, 0x01, 0xFE, 0xFE, 0xCD, 0x01, 0xFE,
    0xFE, 0xCD, 0x01, 0xFF, 0xFE, 0xCD, 0x01, 0xFF, 0xFE, 0xCD, 0x01, 0xFF, 0xFE, 0xCD, 0x01, 0xFF,
    0xFE, 0xCD, 0x01, 0xFF, 0xFE, 0xCD, 0x01, 0xFF, 0xFE, 0xCD, 0x01, 0xFF, 0xFE, 0xCD, 0x01, 0xFF,
    0xFE, 0xCD, 0x01, 0xFF, 0xFE, 0xCD, 0x01, 0xFF, 0xFE, 0xCD, 0x01, 0xFF, 0xFE, 0xCD, 0x01, 0xFF,
    0xFE, 0xCD, 0x01, 0xFF, 0xFE, 0xCD, 0x01, 0xFF, 0xFE, 0xCD, 0x01, 0xFF, 0xFE, 0xCD, 0x01, 0xFF,
    0xFE, 0xCD, 0x01, 0xFF, 0xFE, 0xCD, 0x01, 0xFF, 0xFE, 0xCD, 0x01, 0xFF, 0xFE, 0xCD, 0x01, 0xFF,
    0xFE, 0xCD, 0x01, 0xFF, 0xFE, 0xCD, 0x01, 0xFF, 0xFE, 0xCD, 0x01, 0xFF, 0xFE, 0xCD, 0x01, 0xFF,
    0xFE, 0xCD, 0x01, 0xFF, 0xFE, 0xCD, 0x01, 0xFF, 0xFE, 0xCD, 0x01, 0xFF, 0xFE, 0xCD, 0x01, 0xFF,
    0xFE, 0xCD, 0x01, 0xFF, 0xFE, 0xCD, 0x01, 0xFF, 0xFE, 0xCD, 0x01, 0xFF, 0xFE, 0xCD, 0x01, 0xFF,
    0xFE, 0xCD, 0x01, 0xFF, 0xFE, 0xCD, 0x01, 0xFF, 0xFE, 0xCD, 0x01, 0xFF, 0xFE, 0xCD, 0x01, 0xFF,
    0xFE, 0xCD, 0x01, 0xFF, 0xFE, 0xCD, 0x01, 0xFF, 0xFE, 0xCD, 0x01, 0xFF, 0xFE, 0xCD, 0x01, 0xFF,
    0xFE, 0xCD, 0x01, 0xFF, 0xFE, 0xCD, 0x01, 0xFF, 0xFE, 0xCD, 0x01, 0xFF, 0xFE, 0xCD, 0x01, 0xFF,
    0xFE, 0xCD, 0x01, 0xFF, 0xFE, 0xCD, 0x01, 0xFF, 0xFE, 0xCD, 0x01, 0xFF, 0xFE, 0xCD, 0x01, 0xFF,
    0xFE, 0xCD, 0x01, 0xFF, 0xFE, 0xCD, 0x01, 0xFF, 0xFE, 0xCD, 0x01, 0xFF, 0xFE, 0xCD, 0x01, 0xFF,
    0x00, 0x00, 0x00, 0xF0, 0x00, 0x00, 0x00, 0xFF, 0x00, 0x00, 0x00, 0xFF, 0x00, 0x00, 0x00, 0xFF,
    0x00, 0x00, 0x00, 0x40, 0x00, 0x00, 0x00, 0x00, 0x00, 0x00, 0x00, 0x00, 0x00, 0x00, 0x00, 0x00,
    0x00, 0x00, 0x00, 0x00, 0x00, 0x00, 0x00, 0x00, 0x00, 0x00, 0x00, 0xF0, 0x00, 0x00, 0x00, 0xFF,
    0x08, 0x04, 0x00, 0xFF, 0x08, 0x04, 0x00, 0xFF, 0x57, 0x1B, 0x0D, 0xFF, 0xF7, 0x49, 0x29, 0xFF,
    0xF9, 0x47, 0x28, 0xFF, 0xF9, 0x47, 0x28, 0xFF, 0xF9, 0x47, 0x28, 0xFF, 0xF9, 0x47, 0x28, 0xFF,
    0xF9, 0x47, 0x28, 0xFF, 0xF9, 0x47, 0x28, 0xFF, 0xF9, 0x47, 0x28, 0xFF, 0xF9, 0x47, 0x28, 0xFF,
    0xF9, 0x47, 0x28, 0xFF, 0xF9, 0x47, 0x28, 0xFF, 0xF9, 0x47, 0x28, 0xFF, 0xF9, 0x47, 0x28, 0xFF,
    0xF9, 0x47, 0x28, 0xFF, 0xF9, 0x47, 0x28, 0xFF, 0xF9, 0x47, 0x28, 0xFF, 0xF9, 0x47, 0x28, 0xFF,
    0xF9, 0x47, 0x28, 0xFF, 0xF9, 0x47, 0x28, 0xFF, 0xF9, 0x47, 0x28, 0xFF, 0xF9, 0x47, 0x28, 0xFF,
    0xF9, 0x47, 0x28, 0xFF, 0xF9, 0x47, 0x28, 0xFF, 0xF9, 0x47, 0x28, 0xFF, 0xF9, 0x47, 0x28, 0xFF,
    0xF9, 0x47, 0x28, 0xFF, 0xF9, 0x47, 0x28, 0xFF, 0xF9, 0x47, 0x28, 0xFF, 0xF9, 0x47, 0x28, 0xFF,
    0xF9, 0x47, 0x28, 0xFF, 0xF9, 0x47, 0x28, 0xFF, 0xF9, 0x47, 0x28, 0xFF, 0xF9, 0x47, 0x28, 0xFF,
    0xF9, 0x47, 0x28, 0xFF, 0xF9, 0x47, 0x28, 0xFF, 0xF9, 0x47, 0x28, 0xFF, 0xF9, 0x47, 0x28, 0xFF,
    0xF9, 0x47, 0x28, 0xFF, 0xF9, 0x47, 0x28, 0xFF, 0xF9, 0x47, 0x28, 0xFF, 0xF9, 0x47, 0x28, 0xFF,
    0xF9, 0x47, 0x28, 0xFF, 0xF9, 0x47, 0x28, 0xFF, 0xF9, 0x47, 0x28, 0xFF, 0xF8, 0x48, 0x29, 0xFF,
    0xF9, 0x47, 0x28, 0xFF, 0xF9, 0x47, 0x28, 0xFF, 0xF9, 0x47, 0x28, 0xFF, 0xF9, 0x47, 0x28, 0xFF,
    0xF7, 0x45, 0x29, 0xFF, 0xF7, 0x45, 0x29, 0xFF, 0x52, 0x17, 0x0D, 0xFF, 0x00, 0x00, 0x00, 0xFF,
    0x00, 0x00, 0x00, 0xFF, 0x27, 0x1F, 0x00, 0xFF, 0xFE, 0xCD, 0x01, 0xFF, 0xFE, 0xCD, 0x01, 0xFF,
    0xFE, 0xCD, 0x01, 0xFF, 0xFE, 0xCD, 0x01, 0xFF, 0xFE, 0xCD, 0x01, 0xFE, 0xFE, 0xCD, 0x01, 0xFE,
    0xFE, 0xCD, 0x01, 0xFE, 0xFE, 0xCD, 0x01, 0xFE, 0xFE, 0xCD, 0x01, 0xFE, 0xFE, 0xCD, 0x01, 0xFE,
    0xFE, 0xCD, 0x01, 0xFE, 0xFE, 0xCD, 0x01, 0xFE, 0xFE, 0xCD, 0x01, 0xFE, 0xFE, 0xCD, 0x01, 0xFE,
    0xFE, 0xCD, 0x01, 0xFE, 0xFE, 0xCD, 0x01, 0xFE, 0xFE, 0xCD, 0x01, 0xFE, 0xFE, 0xCD, 0x01, 0xFE,
    0xFE, 0xCD, 0x01, 0xFE, 0xFE, 0xCD, 0x01, 0xFE, 0xFE, 0xCD, 0x01, 0xFE, 0xFE, 0xCD, 0x01, 0xFE,
    0xFE, 0xCD, 0x01, 0xFE, 0xFE, 0xCD, 0x01, 0xFE, 0xFE, 0xCD, 0x01, 0xFE, 0xFE, 0xCD, 0x01, 0xFE,
    0xFE, 0xCD, 0x01, 0xFE, 0xFE, 0xCD, 0x01, 0xFE, 0xFE, 0xCD, 0x01, 0xFE, 0xFE, 0xCD, 0x01, 0xFE,
    0xFE, 0xCD, 0x01, 0xFE, 0xFE, 0xCD, 0x01, 0xFE, 0xFE, 0xCD, 0x01, 0xFE, 0xFE, 0xCD, 0x01, 0xFE,
    0xFE, 0xCD, 0x01, 0xFE, 0xFE, 0xCD, 0x01, 0xFE, 0xFE, 0xCD, 0x01, 0xFE, 0xFE, 0xCD, 0x01, 0xFE,
    0xFE, 0xCD, 0x01, 0xFE, 0xFE, 0xCD, 0x01, 0xFE, 0xFE, 0xCD, 0x01, 0xFE, 0xFE, 0xCD, 0x01, 0xFE,
    0xFE, 0xCD, 0x01, 0xFE, 0xFE, 0xCD, 0x01, 0xFE, 0xFE, 0xCD, 0x01, 0xFE, 0xFE, 0xCD, 0x01, 0xFE,
    0xFE, 0xCD, 0x01, 0xFE, 0xFE, 0xCD, 0x01, 0xFE, 0xFE, 0xCD, 0x01, 0xFE, 0xFE, 0xCD, 0x01, 0xFE,
    0xFE, 0xCD, 0x01, 0xFE, 0xFE, 0xCD, 0x01, 0xFE, 0xFE, 0xCD, 0x01, 0xFE, 0xFE, 0xCD, 0x01, 0xFE,
    0xFE, 0xCD, 0x01, 0xFE, 0xFE, 0xCD, 0x01, 0xFE, 0xFE, 0xCD, 0x01, 0xFE, 0xFE, 0xCD, 0x01, 0xFE,
    0xFE, 0xCD, 0x01, 0xFE, 0xFE, 0xCD, 0x01, 0xFE, 0xFE, 0xCD, 0x01, 0xFE, 0xFE, 0xCD, 0x01, 0xFE,
    0xFE, 0xCD, 0x01, 0xFE, 0xFE, 0xCD, 0x01, 0xFE, 0xFE, 0xCD, 0x01, 0xFE, 0xFE, 0xCD, 0x01, 0xFE,
    0xFE, 0xCD, 0x01, 0xFE, 0xFE, 0xCD, 0x01, 0xFE, 0xFE, 0xCD, 0x01, 0xFE, 0xFE, 0xCD, 0x01, 0xFE,
    0xFE, 0xCD, 0x01, 0xFE, 0xFE, 0xCD, 0x01, 0xFE, 0xFE, 0xCD, 0x01, 0xFE, 0xFE, 0xCD, 0x01, 0xFE,
    0xFE, 0xCD, 0x01, 0xFE, 0xFE, 0xCD, 0x01, 0xFE, 0xFE, 0xCD, 0x01, 0xFE, 0xFE, 0xCD, 0x01, 0xFE,
    0xFE, 0xCD, 0x01, 0xFE, 0xFE, 0xCD, 0x01, 0xFE, 0xFE, 0xCD, 0x01, 0xFE, 0xFE, 0xCD, 0x01, 0xFE,
    0xFE, 0xCD, 0x01, 0xFE, 0xFE, 0xCD, 0x01, 0xFE, 0xFE, 0xCD, 0x01, 0xFE, 0xFE, 0xCD, 0x01, 0xFE,
    0xFE, 0xCD, 0x01, 0xFE, 0xFE, 0xCD, 0x01, 0xFE, 0xFE, 0xCD, 0x01, 0xFE, 0xFE, 0xCD, 0x01, 0xFE,
    0xFE, 0xCD, 0x01, 0xFE, 0xFE, 0xCD, 0x01, 0xFE, 0xFE, 0xCD, 0x01, 0xFE, 0xFE, 0xCD, 0x01, 0xFE,
    0xFE, 0xCD, 0x01, 0xFE, 0xFE, 0xCD, 0x01, 0xFE, 0xFE, 0xCD, 0x01, 0xFE, 0xFE, 0xCD, 0x01, 0xFE,
    0xFE, 0xCD, 0x01, 0xFE, 0xFE, 0xCD, 0x01, 0xFE, 0xFE, 0xCD, 0x01, 0xFE, 0xFE, 0xCD, 0x01, 0xFE,
    0xFE, 0xCD, 0x01, 0xFE, 0xFE, 0xCD, 0x01, 0xFE, 0xFE, 0xCD, 0x01, 0xFE, 0xFE, 0xCD, 0x01, 0xFE,
    0xFE, 0xCD, 0x01, 0xFE, 0xFE, 0xCD, 0x01, 0xFE, 0xFE, 0xCD, 0x01, 0xFE, 0xFE, 0xCD, 0x01, 0xFE,
    0xFE, 0xCD, 0x01, 0xFE, 0xFE, 0xCD, 0x01, 0xFE, 0xFE, 0xCD, 0x01, 0xFE, 0xFE, 0xCD, 0x01, 0xFE,
    0xFE, 0xCD, 0x01, 0xFE, 0xFE, 0xCD, 0x01, 0xFE, 0xFE, 0xCD, 0x01, 0xFE, 0xFE, 0xCD, 0x01, 0xFE,
    0xFE, 0xCD, 0x01, 0xFE, 0xFE, 0xCD, 0x01, 0xFE, 0xFE, 0xCD, 0x01, 0xFE, 0xFE, 0xCD, 0x01, 0xFE,
    0xFE, 0xCD, 0x01, 0xFE, 0xFE, 0xCD, 0x01, 0xFE, 0xFE, 0xCD, 0x01, 0xFE, 0xFE, 0xCD, 0x01, 0xFE,
    0xFE, 0xCD, 0x01, 0xFE, 0xFE, 0xCD, 0x01, 0xFE, 0xFE, 0xCD, 0x01, 0xFE, 0xFE, 0xCD, 0x01, 0xFE,
    0xFE, 0xCD, 0x01, 0xFE, 0xFE, 0xCD, 0x01, 0xFE, 0xFE, 0xCD, 0x01, 0xFE, 0xFE, 0xCD, 0x01, 0xFE,
    0xFE, 0xCD, 0x01, 0xFE, 0xFE, 0xCD, 0x01, 0xFE, 0xFE, 0xCD, 0x01, 0xFE, 0xFE, 0xCD, 0x01, 0xFE,
    0xFE, 0xCD, 0x01, 0xFE, 0xFE, 0xCD, 0x01, 0xFE, 0xFE, 0xCD, 0x01, 0xFE, 0xFE, 0xCD, 0x01, 0xFE,
    0xFE, 0xCD, 0x01, 0xFE, 0xFE, 0xCD, 0x01, 0xFE, 0xFE, 0xCD, 0x01, 0xFE, 0xFE, 0xCD, 0x01, 0xFE,
    0xFE, 0xCD, 0x01, 0xFE, 0xFE, 0xCD, 0x01, 0xFE, 0xFE, 0xCD, 0x01, 0xFE, 0xFE, 0xCD, 0x01, 0xFE,
    0xFE, 0xCD, 0x01, 0xFF, 0xFE, 0xCD, 0x01, 0xFF, 0xFE, 0xCD, 0x01, 0xFF, 0xFE, 0xCD, 0x01, 0xFF,
    0xFE, 0xCD, 0x01, 0xFF, 0xFE, 0xCD, 0x01, 0xFF, 0xFE, 0xCD, 0x01, 0xFF, 0xFE, 0xCD, 0x01, 0xFF,
    0xFE, 0xCD, 0x01, 0xFF, 0xFE, 0xCD, 0x01, 0xFF, 0xFE, 0xCD, 0x01, 0xFF, 0xFE, 0xCD, 0x01, 0xFF,
    0xFE, 0xCD, 0x01, 0xFF, 0xFE, 0xCD, 0x01, 0xFF, 0xFE, 0xCD, 0x01, 0xFF, 0xFE, 0xCD, 0x01, 0xFF,
    0xFE, 0xCD, 0x01, 0xFF, 0xFE, 0xCD, 0x01, 0xFF, 0xFE, 0xCD, 0x01, 0xFF, 0xFE, 0xCD, 0x01, 0xFF,
    0xFE, 0xCD, 0x01, 0xFF, 0xFE, 0xCD, 0x01, 0xFF, 0xFE, 0xCD, 0x01, 0xFF, 0xFE, 0xCD, 0x01, 0xFF,
    0xFE, 0xCD, 0x01, 0xFF, 0xFE, 0xCD, 0x01, 0xFF, 0xFE, 0xCD, 0x01, 0xFF, 0xFE, 0xCD, 0x01, 0xFF,
    0xFE, 0xCD, 0x01, 0xFF, 0xFE, 0xCD, 0x01, 0xFF, 0xFE, 0xCD, 0x01, 0xFF, 0xFE, 0xCD, 0x01, 0xFF,
    0xFE, 0xCD, 0x01, 0xFF, 0xFE, 0xCD, 0x01, 0xFF, 0xFE, 0xCD, 0x01, 0xFF, 0xFE, 0xCD, 0x01, 0xFF,
    0xFE, 0xCD, 0x01, 0xFF, 0xFE, 0xCD, 0x01, 0xFF, 0xFE, 0xCD, 0x01, 0xFF, 0xFE, 0xCD, 0x01, 0xFF,
    0xFE, 0xCD, 0x01, 0xFF, 0xFE, 0xCD, 0x01, 0xFF, 0xFE, 0xCD, 0x01, 0xFF, 0xFE, 0xCD, 0x01, 0xFF,
    0xFE, 0xCD, 0x01, 0xFF, 0xFE, 0xCD, 0x01, 0xFF, 0xFE, 0xCD, 0x01, 0xFF, 0xFE, 0xCD, 0x01, 0xFF,
    0xFE, 0xCD, 0x01, 0xFF, 0xFE, 0xCD, 0x01, 0xFF, 0xFE, 0xCD, 0x01, 0xFF, 0xFE, 0xCD, 0x01, 0xFF,
    0x00, 0x00, 0x00, 0xA9, 0x00, 0x00, 0x00, 0xFF, 0x00, 0x00, 0x00, 0xFF, 0x00, 0x00, 0x00, 0xFF,
    0x00, 0x00, 0x00, 0x8C, 0x00, 0x00, 0x00, 0x00, 0x00, 0x00, 0x00, 0x00, 0x00, 0x00, 0x00, 0x00,
    0x00, 0x00, 0x00, 0x00, 0x00, 0x00, 0x00, 0x20, 0x00, 0x00, 0x00, 0xFF, 0x00, 0x00, 0x00, 0xFF,
    0x08, 0x04, 0x00, 0xFF, 0x08, 0x04, 0x00, 0xFF, 0xA7, 0x32, 0x1B, 0xFF, 0xF7, 0x49, 0x29, 0xFF,
    0xF9, 0x47, 0x28, 0xFF, 0xF9, 0x47, 0x28, 0xFF, 0xF9, 0x47, 0x28, 0xFF, 0xF9, 0x47, 0x28, 0xFF,
    0xF9, 0x47, 0x28, 0xFF, 0xF9, 0x47, 0x28, 0xFF, 0xF9, 0x47, 0x28, 0xFF, 0xF9, 0x47, 0x28, 0xFF,
    0xF9, 0x47, 0x28, 0xFF, 0xF9, 0x47, 0x28, 0xFF, 0xF9, 0x47, 0x28, 0xFF, 0xF9, 0x47, 0x28, 0xFF,
    0xF9, 0x47, 0x28, 0xFF, 0xF9, 0x47, 0x28, 0xFF, 0xF9, 0x47, 0x28, 0xFF, 0xF9, 0x47, 0x28, 0xFF,
    0xF9, 0x47, 0x28, 0xFF, 0xF9, 0x47, 0x28, 0xFF, 0xF9, 0x47, 0x28, 0xFF, 0xF9, 0x47, 0x28, 0xFF,
    0xF9, 0x47, 0x28, 0xFF, 0xF9, 0x47, 0x28, 0xFF, 0xF9, 0x47, 0x28, 0xFF, 0xF9, 0x47, 0x28, 0xFF,
    0xF9, 0x47, 0x28, 0xFF, 0xF9, 0x47, 0x28, 0xFF, 0xF9, 0x47, 0x28, 0xFF, 0xF9, 0x47, 0x28, 0xFF,
    0xF9, 0x47, 0x28, 0xFF, 0xF9, 0x47, 0x28, 0xFF, 0xF9, 0x47, 0x28, 0xFF, 0xF9, 0x47, 0x28, 0xFF,
    0xF9, 0x47, 0x28, 0xFF, 0xF9, 0x47, 0x28, 0xFF, 0xF9, 0x47, 0x28, 0xFF, 0xF9, 0x47, 0x28, 0xFF,
    0xF9, 0x47, 0x28, 0xFF, 0xF9, 0x47, 0x28, 0xFF, 0xF9, 0x47, 0x28, 0xFF, 0xF9, 0x47, 0x28, 0xFF,
    0xF9, 0x47, 0x28, 0xFF, 0xF9, 0x47, 0x28, 0xFF, 0xF9, 0x47, 0x28, 0xFF, 0xF9, 0x47, 0x28, 0xFF,
    0xF9, 0x47, 0x28, 0xFF, 0xF9, 0x47, 0x28, 0xFF, 0xF9, 0x47, 0x28, 0xFF, 0xF9, 0x47, 0x28, 0xFF,
    0xF7, 0x45, 0x29, 0xFF, 0xF7, 0x45, 0x29, 0xFF, 0xA4, 0x2E, 0x1B, 0xFF, 0x00, 0x00, 0x00, 0xFF,
    0x00, 0x00, 0x00, 0xFF, 0x00, 0x00, 0x00, 0xFF, 0xFE, 0xCC, 0x01, 0xFF, 0xFE, 0xCD, 0x01, 0xFF,
    0xFE, 0xCD, 0x01, 0xFF, 0xFE, 0xCD, 0x01, 0xFF, 0xFE, 0xCD, 0x01, 0xFE, 0xFE, 0xCD, 0x01, 0xFE,
    0xFE, 0xCD, 0x01, 0xFE, 0xFE, 0xCD, 0x01, 0xFE, 0xFE, 0xCD, 0x01, 0xFE, 0xFE, 0xCD, 0x01, 0xFE,
    0xFE, 0xCD, 0x01, 0xFE, 0xFE, 0xCD, 0x01, 0xFE, 0xFE, 0xCD, 0x01, 0xFE, 0xFE, 0xCD, 0x01, 0xFE,
    0xFE, 0xCD, 0x01, 0xFE, 0xFE, 0xCD, 0x01, 0xFE, 0xFE, 0xCD, 0x01, 0xFE, 0xFE, 0xCD, 0x01, 0xFE,
    0xFE, 0xCD, 0x01, 0xFE, 0xFE, 0xCD, 0x01, 0xFE, 0xFE, 0xCD, 0x01, 0xFE, 0xFE, 0xCD, 0x01, 0xFE,
    0xFE, 0xCD, 0x01, 0xFE, 0xFE, 0xCD, 0x01, 0xFE, 0xFE, 0xCD, 0x01, 0xFE, 0xFE, 0xCD, 0x01, 0xFE,
    0xFE, 0xCD, 0x01, 0xFE, 0xFE, 0xCD, 0x01, 0xFE, 0xFE, 0xCD, 0x01, 0xFE, 0xFE, 0xCD, 0x01, 0xFE,
    0xFE, 0xCD, 0x01, 0xFE, 0xFE, 0xCD, 0x01, 0xFE, 0xFE, 0xCD, 0x01, 0xFE, 0xFE, 0xCD, 0x01, 0xFE,
    0xFE, 0xCD, 0x01, 0xFE, 0xFE, 0xCD, 0x01, 0xFE, 0xFE, 0xCD, 0x01, 0xFE, 0xFE, 0xCD, 0x01, 0xFE,
    0xFE, 0xCD, 0x01, 0xFE, 0xFE, 0xCD, 0x01, 0xFE, 0xFE, 0xCD, 0x01, 0xFE, 0xFE, 0xCD, 0x01, 0xFE,
    0xFE, 0xCD, 0x01, 0xFE, 0xFE, 0xCD, 0x01, 0xFE, 0xFE, 0xCD, 0x01, 0xFE, 0xFE, 0xCD, 0x01, 0xFE,
    0xFE, 0xCD, 0x01, 0xFE, 0xFE, 0xCD, 0x01, 0xFE, 0xFE, 0xCD, 0x01, 0xFE, 0xFE, 0xCD, 0x01, 0xFE,
    0xFE, 0xCD, 0x01, 0xFE, 0xFE, 0xCD, 0x01, 0xFE, 0xFE, 0xCD, 0x01, 0xFE, 0xFE, 0xCD, 0x01, 0xFE,
    0xFE, 0xCD, 0x01, 0xFE, 0xFE, 0xCD, 0x01, 0xFE, 0xFE, 0xCD, 0x01, 0xFE, 0xFE, 0xCD, 0x01, 0xFE,
    0xFE, 0xCD, 0x01, 0xFE, 0xFE, 0xCD, 0x01, 0xFE, 0xFE, 0xCD, 0x01, 0xFE, 0xFE, 0xCD, 0x01, 0xFE,
    0xFE, 0xCD, 0x01, 0xFE, 0xFE, 0xCD, 0x01, 0xFE, 0xFE, 0xCD, 0x01, 0xFE, 0xFE, 0xCD, 0x01, 0xFE,
    0xFE, 0xCD, 0x01, 0xFE, 0xFE, 0xCD, 0x01, 0xFE, 0xFE, 0xCD, 0x01, 0xFE, 0xFE, 0xCD, 0x01, 0xFE,
    0xFE, 0xCD, 0x01, 0xFE, 0xFE, 0xCD, 0x01, 0xFE, 0xFE, 0xCD, 0x01, 0xFE, 0xFE, 0xCD, 0x01, 0xFE,
    0xFE, 0xCD, 0x01, 0xFE, 0xFE, 0xCD, 0x01, 0xFE, 0xFE, 0xCD, 0x01, 0xFE, 0xFE, 0xCD, 0x01, 0xFE,
    0xFE, 0xCD, 0x01, 0xFE, 0xFE, 0xCD, 0x01, 0xFE, 0xFE, 0xCD, 0x01, 0xFE, 0xFE, 0xCD, 0x01, 0xFE,
    0xFE, 0xCD, 0x01, 0xFE, 0xFE, 0xCD, 0x01, 0xFE, 0xFE, 0xCD, 0x01, 0xFE, 0xFE, 0xCD, 0x01, 0xFE,
    0xFE, 0xCD, 0x01, 0xFE, 0xFE, 0xCD, 0x01, 0xFE, 0xFE, 0xCD, 0x01, 0xFE, 0xFE, 0xCD, 0x01, 0xFE,
    0xFE, 0xCD, 0x01, 0xFE, 0xFE, 0xCD, 0x01, 0xFE, 0xFE, 0xCD, 0x01, 0xFE, 0xFE, 0xCD, 0x01, 0xFE,
    0xFE, 0xCD, 0x01, 0xFE, 0xFE, 0xCD, 0x01, 0xFE, 0xFE, 0xCD, 0x01, 0xFE, 0xFE, 0xCD, 0x01, 0xFE,
    0xFE, 0xCD, 0x01, 0xFE, 0xFE, 0xCD, 0x01, 0xFE, 0xFE, 0xCD, 0x01, 0xFE, 0xFE, 0xCD, 0x01, 0xFE,
    0xFE, 0xCD, 0x01, 0xFE, 0xFE, 0xCD, 0x01, 0xFE, 0xFE, 0xCD, 0x01, 0xFE, 0xFE, 0xCD, 0x01, 0xFE,
    0xFE, 0xCD, 0x01, 0xFE, 0xFE, 0xCD, 0x01, 0xFE, 0xFE, 0xCD, 0x01, 0xFE, 0xFE, 0xCD, 0x01, 0xFE,
    0xFE, 0xCD, 0x01, 0xFE, 0xFE, 0xCD, 0x01, 0xFE, 0xFE, 0xCD, 0x01, 0xFE, 0xFE, 0xCD, 0x01, 0xFE,
    0xFE, 0xCD, 0x01, 0xFE, 0xFE, 0xCD, 0x01, 0xFE, 0xFE, 0xCD, 0x01, 0xFE, 0xFE, 0xCD, 0x01, 0xFE,
    0xFE, 0xCD, 0x01, 0xFE, 0xFE, 0xCD, 0x01, 0xFE, 0xFE, 0xCD, 0x01, 0xFE, 0xFE, 0xCD, 0x01, 0xFE,
    0xFE, 0xCD, 0x01, 0xFE, 0xFE, 0xCD, 0x01, 0xFE, 0xFE, 0xCD, 0x01, 0xFE, 0xFE, 0xCD, 0x01, 0xFE,
    0xFE, 0xCD, 0x01, 0xFE, 0xFE, 0xCD, 0x01, 0xFE, 0xFE, 0xCD, 0x01, 0xFE, 0xFE, 0xCD, 0x01, 0xFE,
    0xFE, 0xCD, 0x01, 0xFE, 0xFE, 0xCD, 0x01, 0xFE, 0xFE, 0xCD, 0x01, 0xFE, 0xFE, 0xCD, 0x01, 0xFE,
    0xFE, 0xCD, 0x01, 0xFE, 0xFE, 0xCD, 0x01, 0xFE, 0xFE, 0xCD, 0x01, 0xFE, 0xFE, 0xCD, 0x01, 0xFE,
    0xFE, 0xCD, 0x01, 0xFE, 0xFE, 0xCD, 0x01, 0xFE, 0xFE, 0xCD, 0x01, 0xFE, 0xFE, 0xCD, 0x01, 0xFE,
    0xFE, 0xCD, 0x01, 0xFE, 0xFE, 0xCD, 0x01, 0xFE, 0xFE, 0xCD, 0x01, 0xFE, 0xFE, 0xCD, 0x01, 0xFE,
    0xFE, 0xCD, 0x01, 0xFE, 0xFE, 0xCD, 0x01, 0xFE, 0xFE, 0xCD, 0x01, 0xFE, 0xFE, 0xCD, 0x01, 0xFE,
    0xFE, 0xCD, 0x01, 0xFF, 0xFE, 0xCD, 0x01, 0xFF, 0xFE, 0xCD, 0x01, 0xFF, 0xFE, 0xCD, 0x01, 0xFF,
    0xFE, 0xCD, 0x01, 0xFF, 0xFE, 0xCD, 0x01, 0xFF, 0xFE, 0xCD, 0x01, 0xFF, 0xFE, 0xCD, 0x01, 0xFF,
    0xFE, 0xCD, 0x01, 0xFF, 0xFE, 0xCD, 0x01, 0xFF, 0xFE, 0xCD, 0x01, 0xFF, 0xFE, 0xCD, 0x01, 0xFF,
    0xFE, 0xCD, 0x01, 0xFF, 0xFE, 0xCD, 0x01, 0xFF, 0xFE, 0xCD, 0x01, 0xFF, 0xFE, 0xCD, 0x01, 0xFF,
    0xFE, 0xCD, 0x01, 0xFF, 0xFE, 0xCD, 0x01, 0xFF, 0xFE, 0xCD, 0x01, 0xFF, 0xFE, 0xCD, 0x01, 0xFF,
    0xFE, 0xCD, 0x01, 0xFF, 0xFE, 0xCD, 0x01, 0xFF, 0xFE, 0xCD, 0x01, 0xFF, 0xFE, 0xCD, 0x01, 0xFF,
    0xFE, 0xCD, 0x01, 0xFF, 0xFE, 0xCD, 0x01, 0xFF, 0xFE, 0xCD, 0x01, 0xFF, 0xFE, 0xCD, 0x01, 0xFF,
    0xFE, 0xCD, 0x01, 0xFF, 0xFE, 0xCD, 0x01, 0xFF, 0xFE, 0xCD, 0x01, 0xFF, 0xFE, 0xCD, 0x01, 0xFF,
    0xFE, 0xCD, 0x01, 0xFF, 0xFE, 0xCD, 0x01, 0xFF, 0xFE, 0xCD, 0x01, 0xFF, 0xFE, 0xCD, 0x01, 0xFF,
    0xFE, 0xCD, 0x01, 0xFF, 0xFE, 0xCD, 0x01, 0xFF, 0xFE, 0xCD, 0x01, 0xFF, 0xFE, 0xCD, 0x01, 0xFF,
    0xFE, 0xCD, 0x01, 0xFF, 0xFE, 0xCD, 0x01, 0xFF, 0xFE, 0xCD, 0x01, 0xFF, 0xFE, 0xCD, 0x01, 0xFF,
    0xFE, 0xCD, 0x01, 0xFF, 0xFE, 0xCD, 0x01, 0xFF, 0xFE, 0xCD, 0x01, 0xFF, 0xFE, 0xCD, 0x01, 0xFF,
    0xFE, 0xCD, 0x01, 0xFF, 0xFE, 0xCD, 0x01, 0xFF, 0xFE, 0xCD, 0x01, 0xFF, 0xFE, 0xCD, 0x01, 0xFF,
    0x00, 0x00, 0x00, 0x86, 0x00, 0x00, 0x00, 0xFF, 0x00, 0x00, 0x00, 0xFF, 0x00, 0x00, 0x00, 0xFF,
    0x00, 0x00, 0x00, 0xA6, 0x00, 0x00, 0x00, 0x00, 0x00, 0x00, 0x00, 0x00, 0x00, 0x00, 0x00, 0x00,
    0x00, 0x00, 0x00, 0x00, 0x00, 0x00, 0x00, 0x49, 0x00, 0x00, 0x00, 0xFF, 0x00, 0x00, 0x00, 0xFF,
    0x08, 0x04, 0x00, 0xFF, 0x08, 0x04, 0x00, 0xFF, 0xA7, 0x32, 0x1B, 0xFF, 0xF7, 0x49, 0x29, 0xFF,
    0xF9, 0x47, 0x28, 0xFF, 0xF9, 0x47, 0x28, 0xFF, 0xF9, 0x47, 0x28, 0xFF, 0xF9, 0x47, 0x28, 0xFF,
    0xF9, 0x47, 0x28, 0xFF, 0xF9, 0x47, 0x28, 0xFF, 0xF9, 0x47, 0x28, 0xFF, 0xF9, 0x47, 0x28, 0xFF,
    0xF9, 0x47, 0x28, 0xFF, 0xF9, 0x47, 0x28, 0xFF, 0xF9, 0x47, 0x28, 0xFF, 0xF9, 0x47, 0x28, 0xFF,
    0xF9, 0x47, 0x28, 0xFF, 0xF9, 0x47, 0x28, 0xFF, 0xF9, 0x47, 0x28, 0xFF, 0xF9, 0x47, 0x28, 0xFF,
    0xF9, 0x47, 0x28, 0xFF, 0xF9, 0x47, 0x28, 0xFF, 0xF9, 0x47, 0x28, 0xFF, 0xF9, 0x47, 0x28, 0xFF,
    0xF9, 0x47, 0x28, 0xFF, 0xF9, 0x47, 0x28, 0xFF, 0xF9, 0x47, 0x28, 0xFF, 0xF9, 0x47, 0x28, 0xFF,
    0xF9, 0x47, 0x28, 0xFF, 0xF9, 0x47, 0x28, 0xFF, 0xF9, 0x47, 0x28, 0xFF, 0xF9, 0x47, 0x28, 0xFF,
    0xF9, 0x47, 0x28, 0xFF, 0xF9, 0x47, 0x28, 0xFF, 0xF9, 0x47, 0x28, 0xFF, 0xF9, 0x47, 0x28, 0xFF,
    0xF9, 0x47, 0x28, 0xFF, 0xF9, 0x47, 0x28, 0xFF, 0xF9, 0x47, 0x28, 0xFF, 0xF9, 0x47, 0x28, 0xFF,
    0xF9, 0x47, 0x28, 0xFF, 0xF9, 0x47, 0x28, 0xFF, 0xF9, 0x47, 0x28, 0xFF, 0xF9, 0x47, 0x28, 0xFF,
    0xF9, 0x47, 0x28, 0xFF, 0xF9, 0x47, 0x28, 0xFF, 0xF9, 0x47, 0x28, 0xFF, 0xF9, 0x47, 0x28, 0xFF,
    0xF9, 0x47, 0x28, 0xFF, 0xF9, 0x47, 0x28, 0xFF, 0xF9, 0x47, 0x28, 0xFF, 0xF9, 0x47, 0x28, 0xFF,
    0xF7, 0x45, 0x29, 0xFF, 0xF7, 0x45, 0x29, 0xFF, 0xA4, 0x2E, 0x1B, 0xFF, 0x00, 0x00, 0x00, 0xFF,
    0x00, 0x00, 0x00, 0xFF, 0x00, 0x00, 0x00, 0xFF, 0xD7, 0xBF, 0x5A, 0xFF, 0xFE, 0xCD, 0x01, 0xFF,
    0xFE, 0xCD, 0x01, 0xFF, 0xFE, 0xCD, 0x01, 0xFF, 0xFE, 0xCD, 0x01, 0xFE, 0xFE, 0xCD, 0x01, 0xFE,
    0xFE, 0xCD, 0x01, 0xFE, 0xFE, 0xCD, 0x01, 0xFE, 0xFE, 0xCD, 0x01, 0xFE, 0xFE, 0xCD, 0x01, 0xFE,
    0xFE, 0xCD, 0x01, 0xFE, 0xFE, 0xCD, 0x01, 0xFE, 0xFE, 0xCD, 0x01, 0xFE, 0xFE, 0xCD, 0x01, 0xFE,
    0xFE, 0xCD, 0x01, 0xFE, 0xFE, 0xCD, 0x01, 0xFE, 0xFE, 0xCD, 0x01, 0xFE, 0xFE, 0xCD, 0x01, 0xFE,
    0xFE, 0xCD, 0x01, 0xFE, 0xFE, 0xCD, 0x01, 0xFE, 0xFE, 0xCD, 0x01, 0xFE, 0xFE, 0xCD, 0x01, 0xFE,
    0xFE, 0xCD, 0x01, 0xFE, 0xFE, 0xCD, 0x01, 0xFE, 0xFE, 0xCD, 0x01, 0xFE, 0xFE, 0xCD, 0x01, 0xFE,
    0xFE, 0xCD, 0x01, 0xFE, 0xFE, 0xCD, 0x01, 0xFE, 0xFE, 0xCD, 0x01, 0xFE, 0xFE, 0xCD, 0x01, 0xFE,
    0xFE, 0xCD, 0x01, 0xFE, 0xFE, 0xCD, 0x01, 0xFE, 0xFE, 0xCD, 0x01, 0xFE, 0xFE, 0xCD, 0x01, 0xFE,
    0xFE, 0xCD, 0x01, 0xFE, 0xFE, 0xCD, 0x01, 0xFE, 0xFE, 0xCD, 0x01, 0xFE, 0xFE, 0xCD, 0x01, 0xFE,
    0xFE, 0xCD, 0x01, 0xFE, 0xFE, 0xCD, 0x01, 0xFE, 0xFE, 0xCD, 0x01, 0xFE, 0xFE, 0xCD, 0x01, 0xFE,
    0xFE, 0xCD, 0x01, 0xFE, 0xFE, 0xCD, 0x01, 0xFE, 0xFE, 0xCD, 0x01, 0xFE, 0xFE, 0xCD, 0x01, 0xFE,
    0xFE, 0xCD, 0x01, 0xFE, 0xFE, 0xCD, 0x01, 0xFE, 0xFE, 0xCD, 0x01, 0xFE, 0xFE, 0xCD, 0x01, 0xFE,
    0xFE, 0xCD, 0x01, 0xFE, 0xFE, 0xCD, 0x01, 0xFE, 0xFE, 0xCD, 0x01, 0xFE, 0xFE, 0xCD, 0x01, 0xFE,
    0xFE, 0xCD, 0x01, 0xFE, 0xFE, 0xCD, 0x01, 0xFE, 0xFE, 0xCD, 0x01, 0xFE, 0xFE, 0xCD, 0x01, 0xFE,
    0xFE, 0xCD, 0x01, 0xFE, 0xFE, 0xCD, 0x01, 0xFE, 0xFE, 0xCD, 0x01, 0xFE, 0xFE, 0xCD, 0x01, 0xFE,
    0xFE, 0xCD, 0x01, 0xFE, 0xFE, 0xCD, 0x01, 0xFE, 0xFE, 0xCD, 0x01, 0xFE, 0xFE, 0xCD, 0x01, 0xFE,
    0xFE, 0xCD, 0x01, 0xFE, 0xFE, 0xCD, 0x01, 0xFE, 0xFE, 0xCD, 0x01, 0xFE, 0xFE, 0xCD, 0x01, 0xFE,
    0xFE, 0xCD, 0x01, 0xFE, 0xFE, 0xCD, 0x01, 0xFE, 0xFE, 0xCD, 0x01, 0xFE, 0xFE, 0xCD, 0x01, 0xFE,
    0xFE, 0xCD, 0x01, 0xFE, 0xFE, 0xCD, 0x01, 0xFE, 0xFE, 0xCD, 0x01, 0xFE, 0xFE, 0xCD, 0x01, 0xFE,
    0xFE, 0xCD, 0x01, 0xFE, 0xFE, 0xCD, 0x01, 0xFE, 0xFE, 0xCD, 0x01, 0xFE, 0xFE, 0xCD, 0x01, 0xFE,
    0xFE, 0xCD, 0x01, 0xFE, 0xFE, 0xCD, 0x01, 0xFE, 0xFE, 0xCD, 0x01, 0xFE, 0xFE, 0xCD, 0x01, 0xFE,
    0xFE, 0xCD, 0x01, 0xFE, 0xFE, 0xCD, 0x01, 0xFE, 0xFE, 0xCD, 0x01, 0xFE, 0xFE, 0xCD, 0x01, 0xFE,
    0xFE, 0xCD, 0x01, 0xFE, 0xFE, 0xCD, 0x01, 0xFE, 0xFE, 0xCD, 0x01, 0xFE, 0xFE, 0xCD, 0x01, 0xFE,
    0xFE, 0xCD, 0x01, 0xFE, 0xFE, 0xCD, 0x01, 0xFE, 0xFE, 0xCD, 0x01, 0xFE, 0xFE, 0xCD, 0x01, 0xFE,
    0xFE, 0xCD, 0x01, 0xFE, 0xFE, 0xCD, 0x01, 0xFE, 0xFE, 0xCD, 0x01, 0xFE, 0xFE, 0xCD, 0x01, 0xFE,
    0xFE, 0xCD, 0x01, 0xFE, 0xFE, 0xCD, 0x01, 0xFE, 0xFE, 0xCD, 0x01, 0xFE, 0xFE, 0xCD, 0x01, 0xFE,
    0xFE, 0xCD, 0x01, 0xFE, 0xFE, 0xCD, 0x01, 0xFE, 0xFE, 0xCD, 0x01, 0xFE, 0xFE, 0xCD, 0x01, 0xFE,
    0xFE, 0xCD, 0x01, 0xFE, 0xFE, 0xCD, 0x01, 0xFE, 0xFE, 0xCD, 0x01, 0xFE, 0xFE, 0xCD, 0x01, 0xFE,
    0xFE, 0xCD, 0x01, 0xFE, 0xFE, 0xCD, 0x01, 0xFE, 0xFE, 0xCD, 0x01, 0xFE, 0xFE, 0xCD, 0x01, 0xFE,
    0xFE, 0xCD, 0x01, 0xFE, 0xFE, 0xCD, 0x01, 0xFE, 0xFE, 0xCD, 0x01, 0xFE, 0xFE, 0xCD, 0x01, 0xFE,
    0xFE, 0xCD, 0x01, 0xFE, 0xFE, 0xCD, 0x01, 0xFE, 0xFE, 0xCD, 0x01, 0xFE, 0xFE, 0xCD, 0x01, 0xFE,
    0xFE, 0xCD, 0x01, 0xFE, 0xFE, 0xCD, 0x01, 0xFE, 0xFE, 0xCD, 0x01, 0xFE, 0xFE, 0xCD, 0x01, 0xFE,
    0xFE, 0xCD, 0x01, 0xFE, 0xFE, 0xCD, 0x01, 0xFE, 0xFE, 0xCD, 0x01, 0xFE, 0xFE, 0xCD, 0x01, 0xFE,
    0xFE, 0xCD, 0x01, 0xFE, 0xFE, 0xCD, 0x01, 0xFE, 0xFE, 0xCD, 0x01, 0xFE, 0xFE, 0xCD, 0x01, 0xFE,
    0xFE, 0xCD, 0x01, 0xFE, 0xFE, 0xCD, 0x01, 0xFE, 0xFE, 0xCD, 0x01, 0xFE, 0xFE, 0xCD, 0x01, 0xFE,
    0xFE, 0xCD, 0x01, 0xFE, 0xFE, 0xCD, 0x01, 0xFE, 0xFE, 0xCD, 0x01, 0xFE, 0xFE, 0xCD, 0x01, 0xFE,
    0xFE, 0xCD, 0x01, 0xFE, 0xFE, 0xCD, 0x01, 0xFE, 0xFE, 0xCD, 0x01, 0xFE, 0xFE, 0xCD, 0x01, 0xFE,
    0xFE, 0xCD, 0x01, 0xFF, 0xFE, 0xCD, 0x01, 0xFF, 0xFE, 0xCD, 0x01, 0xFF, 0xFE, 0xCD, 0x01, 0xFF,
    0xFE, 0xCD, 0x01, 0xFF, 0xFE, 0xCD, 0x01, 0xFF, 0xFE, 0xCD, 0x01, 0xFF, 0xFE, 0xCD, 0x01, 0xFF,
    0xFE, 0xCD, 0x01, 0xFF, 0xFE, 0xCD, 0x01, 0xFF, 0xFE, 0xCD, 0x01, 0xFF, 0xFE, 0xCD, 0x01, 0xFF,
    0xFE, 0xCD, 0x01, 0xFF, 0xFE, 0xCD, 0x01, 0xFF, 0xFE, 0xCD, 0x01, 0xFF, 0xFE, 0xCD, 0x01, 0xFF,
    0xFE, 0xCD, 0x01, 0xFF, 0xFE, 0xCD, 0x01, 0xFF, 0xFE, 0xCD, 0x01, 0xFF, 0xFE, 0xCD, 0x01, 0xFF,
    0xFE, 0xCD, 0x01, 0xFF, 0xFE, 0xCD, 0x01, 0xFF, 0xFE, 0xCD, 0x01, 0xFF, 0xFE, 0xCD, 0x01, 0xFF,
    0xFE, 0xCD, 0x01, 0xFF, 0xFE, 0xCD, 0x01, 0xFF, 0xFE, 0xCD, 0x01, 0xFF, 0xFE, 0xCD, 0x01, 0xFF,
    0xFE, 0xCD, 0x01, 0xFF, 0xFE, 0xCD, 0x01, 0xFF, 0xFE, 0xCD, 0x01, 0xFF, 0xFE, 0xCD, 0x01, 0xFF,
    0xFE, 0xCD, 0x01, 0xFF, 0xFE, 0xCD, 0x01, 0xFF, 0xFE, 0xCD, 0x01, 0xFF, 0xFE, 0xCD, 0x01, 0xFF,
    0xFE, 0xCD, 0x01, 0xFF, 0xFE, 0xCD, 0x01, 0xFF, 0xFE, 0xCD, 0x01, 0xFF, 0xFE, 0xCD, 0x01, 0xFF,
    0xFE, 0xCD, 0x01, 0xFF, 0xFE, 0xCD, 0x01, 0xFF, 0xFE, 0xCD, 0x01, 0xFF, 0xFE, 0xCD, 0x01, 0xFF,
    0xFE, 0xCD, 0x01, 0xFF, 0xFE, 0xCD, 0x01, 0xFF, 0xFE, 0xCD, 0x01, 0xFF, 0xFE, 0xCD, 0x01, 0xFF,
    0xFE, 0xCD, 0x01, 0xFF, 0xFE, 0xCD, 0x01, 0xFF, 0xFE, 0xCD, 0x01, 0xFF, 0xFE, 0xCD, 0x01, 0xFF,
    0xFE, 0xCD, 0x01, 0xFF, 0x00, 0x00, 0x00, 0xFF, 0x00, 0x00, 0x00, 0xFF, 0x00, 0x00, 0x00, 0xFF,
    0x00, 0x00, 0x00, 0xC0, 0x00, 0x00, 0x00, 0x00, 0x00, 0x00, 0x00, 0x00, 0x00, 0x00, 0x00, 0x00,
    0x00, 0x00, 0x00, 0x00, 0x00, 0x00, 0x00, 0x70, 0x00, 0x00, 0x00, 0xFF, 0x00, 0x00, 0x00, 0xFF,
    0x00, 0x00, 0x00, 0xFF, 0x00, 0x00, 0x00, 0xFF, 0xF7, 0x45, 0x29, 0xFF, 0xF7, 0x45, 0x29, 0xFF,
    0xF9, 0x47, 0x28, 0xFF, 0xF9, 0x47, 0x28, 0xFF, 0xF9, 0x47, 0x28, 0xFF, 0xF9, 0x47, 0x28, 0xFF,
    0xF9, 0x47, 0x28, 0xFF, 0xF9, 0x47, 0x28, 0xFF, 0xF9, 0x47, 0x28, 0xFF, 0xF9, 0x47, 0x28, 0xFF,
    0xF9, 0x47, 0x28, 0xFF, 0xF9, 0x47, 0x28, 0xFF, 0xF9, 0x47, 0x28, 0xFF, 0xF9, 0x47, 0x28, 0xFF,
    0xF9, 0x47, 0x28, 0xFF, 0xF9, 0x47, 0x28, 0xFF, 0xF9, 0x47, 0x28, 0xFF, 0xF9, 0x47, 0x28, 0xFF,
    0xF9, 0x47, 0x28, 0xFF, 0xF9, 0x47, 0x28, 0xFF, 0xF9, 0x47, 0x28, 0xFF, 0xF9, 0x47, 0x28, 0xFF,
    0xF9, 0x47, 0x28, 0xFF, 0xF9, 0x47, 0x28, 0xFF, 0xF9, 0x47, 0x28, 0xFF, 0xF9, 0x47, 0x28, 0xFF,
    0xF9, 0x47, 0x28, 0xFF, 0xF9, 0x47, 0x28, 0xFF, 0xF9, 0x47, 0x28, 0xFF, 0xF9, 0x47, 0x28, 0xFF,
    0xF9, 0x47, 0x28, 0xFF, 0xF9, 0x47, 0x28, 0xFF, 0xF9, 0x47, 0x28, 0xFF, 0xF9, 0x47, 0x28, 0xFF,
    0xF9, 0x47, 0x28, 0xFF, 0xF9, 0x47, 0x28, 0xFF, 0xF9, 0x47, 0x28, 0xFF, 0xF9, 0x47, 0x28, 0xFF,
    0xF9, 0x47, 0x28, 0xFF, 0xF9, 0x47, 0x28, 0xFF, 0xF9, 0x47, 0x28, 0xFF, 0xF9, 0x47, 0x28, 0xFF,
    0xF9, 0x47, 0x28, 0xFF, 0xF9, 0x47, 0x28, 0xFF, 0xF9, 0x47, 0x28, 0xFF, 0xF9, 0x47, 0x28, 0xFF,
    0xF9, 0x47, 0x28, 0xFF, 0xF9, 0x47, 0x28, 0xFF, 0xF9, 0x47, 0x28, 0xFF, 0xF9, 0x47, 0x28, 0xFF,
    0xF7, 0x45, 0x29, 0xFF, 0xF7, 0x45, 0x29, 0xFF, 0xF7, 0x45, 0x29, 0xFF, 0x00, 0x00, 0x00, 0xFF,
    0x00, 0x00, 0x00, 0xFF, 0x00, 0x00, 0x00, 0xFF, 0xB1, 0x9D, 0x4A, 0xFF, 0xFE, 0xCD, 0x01, 0xFF,
    0xFE, 0xCD, 0x01, 0xFF, 0xFE, 0xCD, 0x01, 0xFF, 0xFE, 0xCD, 0x01, 0xFE, 0xFE, 0xCD, 0x01, 0xFE,
    0xFE, 0xCD, 0x01, 0xFE, 0xFE, 0xCD, 0x01, 0xFE, 0xFE, 0xCD, 0x01, 0xFE, 0xFE, 0xCD, 0x01, 0xFE,
    0xFE, 0xCD, 0x01, 0xFE, 0xFE, 0xCD, 0x01, 0xFE, 0xFE, 0xCD, 0x01, 0xFE, 0xFE, 0xCD, 0x01, 0xFE,
    0xFE, 0xCD, 0x01, 0xFE, 0xFE, 0xCD, 0x01, 0xFE, 0xFE, 0xCD, 0x01, 0xFE, 0xFE, 0xCD, 0x01, 0xFE,
    0xFE, 0xCD, 0x01, 0xFE, 0xFE, 0xCD, 0x01, 0xFE, 0xFE, 0xCD, 0x01, 0xFE, 0xFE, 0xCD, 0x01, 0xFE,
    0xFE, 0xCD, 0x01, 0xFE, 0xFE, 0xCD, 0x01, 0xFE, 0xFE, 0xCD, 0x01, 0xFE, 0xFE, 0xCD, 0x01, 0xFE,
    0xFE, 0xCD, 0x01, 0xFE, 0xFE, 0xCD, 0x01, 0xFE, 0xFE, 0xCD, 0x01, 0xFE, 0xFE, 0xCD, 0x01, 0xFE,
    0xFE, 0xCD, 0x01, 0xFE, 0xFE, 0xCD, 0x01, 0xFE, 0xFE, 0xCD, 0x01, 0xFE, 0xFE, 0xCD, 0x01, 0xFE,
    0xFE, 0xCD, 0x01, 0xFE, 0xFE, 0xCD, 0x01, 0xFE, 0xFE, 0xCD, 0x01, 0xFE, 0xFE, 0xCD, 0x01, 0xFE,
    0xFE, 0xCD, 0x01, 0xFE, 0xFE, 0xCD, 0x01, 0xFE, 0xFE, 0xCD, 0x01, 0xFE, 0xFE, 0xCD, 0x01, 0xFE,
    0xFE, 0xCD, 0x01, 0xFE, 0xFE, 0xCD, 0x01, 0xFE, 0xFE, 0xCD, 0x01, 0xFE, 0xFE, 0xCD, 0x01, 0xFE,
    0xFE, 0xCD, 0x01, 0xFE, 0xFE, 0xCD, 0x01, 0xFE, 0xFE, 0xCD, 0x01, 0xFE, 0xFE, 0xCD, 0x01, 0xFE,
    0xFE, 0xCD, 0x01, 0xFE, 0xFE, 0xCD, 0x01, 0xFE, 0xFE, 0xCD, 0x01, 0xFE, 0xFE, 0xCD, 0x01, 0xFE,
    0xFE, 0xCD, 0x01, 0xFE, 0xFE, 0xCD, 0x01, 0xFE, 0xFE, 0xCD, 0x01, 0xFE, 0xFE, 0xCD, 0x01, 0xFE,
    0xFE, 0xCD, 0x01, 0xFE, 0xFE, 0xCD, 0x01, 0xFE, 0xFE, 0xCD, 0x01, 0xFE, 0xFE, 0xCD, 0x01, 0xFE,
    0xFE, 0xCD, 0x01, 0xFE, 0xFE, 0xCD, 0x01, 0xFE, 0xFE, 0xCD, 0x01, 0xFE, 0xFE, 0xCD, 0x01, 0xFE,
    0xFE, 0xCD, 0x01, 0xFE, 0xFE, 0xCD, 0x01, 0xFE, 0xFE, 0xCD, 0x01, 0xFE, 0xFE, 0xCD, 0x01, 0xFE,
    0xFE, 0xCD, 0x01, 0xFE, 0xFE, 0xCD, 0x01, 0xFE, 0xFE, 0xCD, 0x01, 0xFE, 0xFE, 0xCD, 0x01, 0xFE,
    0xFE, 0xCD, 0x01, 0xFE, 0xFE, 0xCD, 0x01, 0xFE, 0xFE, 0xCD, 0x01, 0xFE, 0xFE, 0xCD, 0x01, 0xFE,
    0xFE, 0xCD, 0x01, 0xFE, 0xFE, 0xCD, 0x01, 0xFE, 0xFE, 0xCD, 0x01, 0xFE, 0xFE, 0xCD, 0x01, 0xFE,
    0xFE, 0xCD, 0x01, 0xFE, 0xFE, 0xCD, 0x01, 0xFE, 0xFE, 0xCD, 0x01, 0xFE, 0xFE, 0xCD, 0x01, 0xFE,
    0xFE, 0xCD, 0x01, 0xFE, 0xFE, 0xCD, 0x01, 0xFE, 0xFE, 0xCD, 0x01, 0xFE, 0xFE, 0xCD, 0x01, 0xFE,
    0xFE, 0xCD, 0x01, 0xFE, 0xFE, 0xCD, 0x01, 0xFE, 0xFE, 0xCD, 0x01, 0xFE, 0xFE, 0xCD, 0x01, 0xFE,
    0xFE, 0xCD, 0x01, 0xFE, 0xFE, 0xCD, 0x01, 0xFE, 0xFE, 0xCD, 0x01, 0xFE, 0xFE, 0xCD, 0x01, 0xFE,
    0xFE, 0xCD, 0x01, 0xFE, 0xFE, 0xCD, 0x01, 0xFE, 0xFE, 0xCD, 0x01, 0xFE, 0xFE, 0xCD, 0x01, 0xFE,
    0xFE, 0xCD, 0x01, 0xFE, 0xFE, 0xCD, 0x01, 0xFE, 0xFE, 0xCD, 0x01, 0xFE, 0xFE, 0xCD, 0x01, 0xFE,
    0xFE, 0xCD, 0x01, 0xFE, 0xFE, 0xCD, 0x01, 0xFE, 0xFE, 0xCD, 0x01, 0xFE, 0xFE, 0xCD, 0x01, 0xFE,
    0xFE, 0xCD, 0x01, 0xFE, 0xFE, 0xCD, 0x01, 0xFE, 0xFE, 0xCD, 0x01, 0xFE, 0xFE, 0xCD, 0x01, 0xFE,
    0xFE, 0xCD, 0x01, 0xFE, 0xFE, 0xCD, 0x01, 0xFE, 0xFE, 0xCD, 0x01, 0xFE, 0xFE, 0xCD, 0x01, 0xFE,
    0xFE, 0xCD, 0x01, 0xFE, 0xFE, 0xCD, 0x01, 0xFE, 0xFE, 0xCD, 0x01, 0xFE, 0xFE, 0xCD, 0x01, 0xFE,
    0xFE, 0xCD, 0x01, 0xFE, 0xFE, 0xCD, 0x01, 0xFE, 0xFE, 0xCD, 0x01, 0xFE, 0xFE, 0xCD, 0x01, 0xFE,
    0xFE, 0xCD, 0x01, 0xFE, 0xFE, 0xCD, 0x01, 0xFE, 0xFE, 0xCD, 0x01, 0xFE, 0xFE, 0xCD, 0x01, 0xFE,
    0xFE, 0xCD, 0x01, 0xFE, 0xFE, 0xCD, 0x01, 0xFE, 0xFE, 0xCD, 0x01, 0xFE, 0xFE, 0xCD, 0x01, 0xFE,
    0xFE, 0xCD, 0x01, 0xFE, 0xFE, 0xCD, 0x01, 0xFE, 0xFE, 0xCD, 0x01, 0xFE, 0xFE, 0xCD, 0x01, 0xFE,
    0xFE, 0xCD, 0x01, 0xFE, 0xFE, 0xCD, 0x01, 0xFE, 0xFE, 0xCD, 0x01, 0xFE, 0xFE, 0xCD, 0x01, 0xFE,
    0xFE, 0xCD, 0x01, 0xFE, 0xFE, 0xCD, 0x01, 0xFE, 0xFE, 0xCD, 0x01, 0xFE, 0xFE, 0xCD, 0x01, 0xFE,
    0xFE, 0xCD, 0x01, 0xFE, 0xFE, 0xCD, 0x01, 0xFE, 0xFE, 0xCD, 0x01, 0xFE, 0xFE, 0xCD, 0x01, 0xFE,
    0xFE, 0xCD, 0x01, 0xFF, 0xFE, 0xCD, 0x01, 0xFF, 0xFE, 0xCD, 0x01, 0xFF, 0xFE, 0xCD, 0x01, 0xFF,
    0xFE, 0xCD, 0x01, 0xFF, 0xFE, 0xCD, 0x01, 0xFF, 0xFE, 0xCD, 0x01, 0xFF, 0xFE, 0xCD, 0x01, 0xFF,
    0xFE, 0xCD, 0x01, 0xFF, 0xFE, 0xCD, 0x01, 0xFF, 0xFE, 0xCD, 0x01, 0xFF, 0xFE, 0xCD, 0x01, 0xFF,
    0xFE, 0xCD, 0x01, 0xFF, 0xFE, 0xCD, 0x01, 0xFF, 0xFE, 0xCD, 0x01, 0xFF, 0xFE, 0xCD, 0x01, 0xFF,
    0xFE, 0xCD, 0x01, 0xFF, 0xFE, 0xCD, 0x01, 0xFF, 0xFE, 0xCD, 0x01, 0xFF, 0xFE, 0xCD, 0x01, 0xFF,
    0xFE, 0xCD, 0x01, 0xFF, 0xFE, 0xCD, 0x01, 0xFF, 0xFE, 0xCD, 0x01, 0xFF, 0xFE, 0xCD, 0x01, 0xFF,
    0xFE, 0xCD, 0x01, 0xFF, 0xFE, 0xCD, 0x01, 0xFF, 0xFE, 0xCD, 0x01, 0xFF, 0xFE, 0xCD, 0x01, 0xFF,
    0xFE, 0xCD, 0x01, 0xFF, 0xFE, 0xCD, 0x01, 0xFF, 0xFE, 0xCD, 0x01, 0xFF, 0xFE, 0xCD, 0x01, 0xFF,
    0xFE, 0xCD, 0x01, 0xFF, 0xFE, 0xCD, 0x01, 0xFF, 0xFE, 0xCD, 0x01, 0xFF, 0xFE, 0xCD, 0x01, 0xFF,
    0xFE, 0xCD, 0x01, 0xFF, 0xFE, 0xCD, 0x01, 0xFF, 0xFE, 0xCD, 0x01, 0xFF, 0xFE, 0xCD, 0x01, 0xFF,
    0xFE, 0xCD, 0x01, 0xFF, 0xFE, 0xCD, 0x01, 0xFF, 0xFE, 0xCD, 0x01, 0xFF, 0xFE, 0xCD, 0x01, 0xFF,
    0xFE, 0xCD, 0x01, 0xFF, 0xFE, 0xCD, 0x01, 0xFF, 0xFE, 0xCD, 0x01, 0xFF, 0xFE, 0xCD, 0x01, 0xFF,
    0xFE, 0xCD, 0x01, 0xFF, 0xFE, 0xCD, 0x01, 0xFF, 0xFE, 0xCD, 0x01, 0xFF, 0xFE, 0xCD, 0x01, 0xFF,
    0xFE, 0xCD, 0x01, 0xFE, 0x00, 0x00, 0x00, 0xFF, 0x00, 0x00, 0x00, 0xFF, 0x00, 0x00, 0x00, 0xFF,
    0x00, 0x00, 0x00, 0xFF, 0x00, 0x00, 0x00, 0x00, 0x00, 0x00, 0x00, 0x00, 0x00, 0x00, 0x00, 0x00,
    0x00, 0x00, 0x00, 0x00, 0x00, 0x00, 0x00, 0x80, 0x00, 0x00, 0x00, 0xFF, 0x00, 0x00, 0x00, 0xFF,
    0x00, 0x00, 0x00, 0xFF, 0x00, 0x00, 0x00, 0xFF, 0xF7, 0x45, 0x29, 0xFF, 0xF7, 0x45, 0x29, 0xFF,
    0xF9, 0x47, 0x28, 0xFF, 0xF9, 0x47, 0x28, 0xFF, 0xF9, 0x47, 0x28, 0xFF, 0xF9, 0x47, 0x28, 0xFF,
    0xF9, 0x47, 0x28, 0xFF, 0xF9, 0x47, 0x28, 0xFF, 0xF9, 0x47, 0x28, 0xFF, 0xF9, 0x47, 0x28, 0xFF,
    0xF9, 0x47, 0x28, 0xFF, 0xF9, 0x47, 0x28, 0xFF, 0xF9, 0x47, 0x28, 0xFF, 0xF9, 0x47, 0x28, 0xFF,
    0xF9, 0x47, 0x28, 0xFF, 0xF9, 0x47, 0x28, 0xFF, 0xF9, 0x47, 0x28, 0xFF, 0xF9, 0x47, 0x28, 0xFF,
    0xF9, 0x47, 0x28, 0xFF, 0xF9, 0x47, 0x28, 0xFF, 0xF9, 0x47, 0x28, 0xFF, 0xF9, 0x47, 0x28, 0xFF,
    0xF9, 0x47, 0x28, 0xFF, 0xF9, 0x47, 0x28, 0xFF, 0xF9, 0x47, 0x28, 0xFF, 0xF9, 0x47, 0x28, 0xFF,
    0xF9, 0x47, 0x28, 0xFF, 0xF9, 0x47, 0x28, 0xFF, 0xF9, 0x47, 0x28, 0xFF, 0xF9, 0x47, 0x28, 0xFF,
    0xF9, 0x47, 0x28, 0xFF, 0xF9, 0x47, 0x28, 0xFF, 0xF9, 0x47, 0x28, 0xFF, 0xF9, 0x47, 0x28, 0xFF,
    0xF9, 0x47, 0x28, 0xFF, 0xF9, 0x47, 0x28, 0xFF, 0xF9, 0x47, 0x28, 0xFF, 0xF9, 0x47, 0x28, 0xFF,
    0xF9, 0x47, 0x28, 0xFF, 0xF9, 0x47, 0x28, 0xFF, 0xF9, 0x47, 0x28, 0xFF, 0xF9, 0x47, 0x28, 0xFF,
    0xF9, 0x47, 0x28, 0xFF, 0xF9, 0x47, 0x28, 0xFF, 0xF9, 0x47, 0x28, 0xFF, 0xF9, 0x47, 0x28, 0xFF,
    0xF9, 0x47, 0x28, 0xFF, 0xF9, 0x47, 0x28, 0xFF, 0xF9, 0x47, 0x28, 0xFF, 0xF9, 0x47, 0x28, 0xFF,
    0xF7, 0x45, 0x29, 0xFF, 0xF7, 0x45, 0x29, 0xFF, 0xF7, 0x45, 0x29, 0xFF, 0x00, 0x00, 0x00, 0xFF,
    0x00, 0x00, 0x00, 0xFF, 0x00, 0x00, 0x00, 0xFF, 0x17, 0x13, 0x02, 0xFF, 0xFE, 0xCD, 0x01, 0xFF,
    0xFE, 0xCD, 0x01, 0xFF, 0xFE, 0xCD, 0x01, 0xFF, 0xFE, 0xCD, 0x01, 0xFE, 0xFE, 0xCD, 0x01, 0xFE,
    0xFE, 0xCD, 0x01, 0xFE, 0xFE, 0xCD, 0x01, 0xFE, 0xFE, 0xCD, 0x01, 0xFE, 0xFE, 0xCD, 0x01, 0xFE,
    0xFE, 0xCD, 0x01, 0xFE, 0xFE, 0xCD, 0x01, 0xFE, 0xFE, 0xCD, 0x01, 0xFE, 0xFE, 0xCD, 0x01, 0xFE,
    0xFE, 0xCD, 0x01, 0xFE, 0xFE, 0xCD, 0x01, 0xFE, 0xFE, 0xCD, 0x01, 0xFE, 0xFE, 0xCD, 0x01, 0xFE,
    0xFE, 0xCD, 0x01, 0xFE, 0xFE, 0xCD, 0x01, 0xFE, 0xFE, 0xCD, 0x01, 0xFE, 0xFE, 0xCD, 0x01, 0xFE,
    0xFE, 0xCD, 0x01, 0xFE, 0xFE, 0xCD, 0x01, 0xFE, 0xFE, 0xCD, 0x01, 0xFE, 0xFE, 0xCD, 0x01, 0xFE,
    0xFE, 0xCD, 0x01, 0xFE, 0xFE, 0xCD, 0x01, 0xFE, 0xFE, 0xCD, 0x01, 0xFE, 0xFE, 0xCD, 0x01, 0xFE,
    0xFE, 0xCD, 0x01, 0xFE, 0xFE, 0xCD, 0x01, 0xFE, 0xFE, 0xCD, 0x01, 0xFE, 0xFE, 0xCD, 0x01, 0xFE,
    0xFE, 0xCD, 0x01, 0xFE, 0xFE, 0xCD, 0x01, 0xFE, 0xFE, 0xCD, 0x01, 0xFE, 0xFE, 0xCD, 0x01, 0xFE,
    0xFE, 0xCD, 0x01, 0xFE, 0xFE, 0xCD, 0x01, 0xFE, 0xFE, 0xCD, 0x01, 0xFE, 0xFE, 0xCD, 0x01, 0xFE,
    0xFE, 0xCD, 0x01, 0xFE, 0xFE, 0xCD, 0x01, 0xFE, 0xFE, 0xCD, 0x01, 0xFE, 0xFE, 0xCD, 0x01, 0xFE,
    0xFE, 0xCD, 0x01, 0xFE, 0xFE, 0xCD, 0x01, 0xFE, 0xFE, 0xCD, 0x01, 0xFE, 0xFE, 0xCD, 0x01, 0xFE,
    0xFE, 0xCD, 0x01, 0xFE, 0xFE, 0xCD, 0x01, 0xFE, 0xFE, 0xCD, 0x01, 0xFE, 0xFE, 0xCD, 0x01, 0xFE,
    0xFE, 0xCD, 0x01, 0xFE, 0xFE, 0xCD, 0x01, 0xFE, 0xFE, 0xCD, 0x01, 0xFE, 0xFE, 0xCD, 0x01, 0xFE,
    0xFE, 0xCD, 0x01, 0xFE, 0xFE, 0xCD, 0x01, 0xFE, 0xFE, 0xCD, 0x01, 0xFE, 0xFE, 0xCD, 0x01, 0xFE,
    0xFE, 0xCD, 0x01, 0xFE, 0xFE, 0xCD, 0x01, 0xFE, 0xFE, 0xCD, 0x01, 0xFE, 0xFE, 0xCD, 0x01, 0xFE,
    0xFE, 0xCD, 0x01, 0xFE, 0xFE, 0xCD, 0x01, 0xFE, 0xFE, 0xCD, 0x01, 0xFE, 0xFE, 0xCD, 0x01, 0xFE,
    0xFE, 0xCD, 0x01, 0xFE, 0xFE, 0xCD, 0x01, 0xFE, 0xFE, 0xCD, 0x01, 0xFE, 0xFE, 0xCD, 0x01, 0xFE,
    0xFE, 0xCD, 0x01, 0xFE, 0xFE, 0xCD, 0x01, 0xFE, 0xFE, 0xCD, 0x01, 0xFE, 0xFE, 0xCD, 0x01, 0xFE,
    0xFE, 0xCD, 0x01, 0xFE, 0xFE, 0xCD, 0x01, 0xFE, 0xFE, 0xCD, 0x01, 0xFE, 0xFE, 0xCD, 0x01, 0xFE,
    0xFE, 0xCD, 0x01, 0xFE, 0xFE, 0xCD, 0x01, 0xFE, 0xFE, 0xCD, 0x01, 0xFE, 0xFE, 0xCD, 0x01, 0xFE,
    0xFE, 0xCD, 0x01, 0xFE, 0xFE, 0xCD, 0x01, 0xFE, 0xFE, 0xCD, 0x01, 0xFE, 0xFE, 0xCD, 0x01, 0xFE,
    0xFE, 0xCD, 0x01, 0xFE, 0xFE, 0xCD, 0x01, 0xFE, 0xFE, 0xCD, 0x01, 0xFE, 0xFE, 0xCD, 0x01, 0xFE,
    0xFE, 0xCD, 0x01, 0xFE, 0xFE, 0xCD, 0x01, 0xFE, 0xFE, 0xCD, 0x01, 0xFE, 0xFE, 0xCD, 0x01, 0xFE,
    0xFE, 0xCD, 0x01, 0xFE, 0xFE, 0xCD, 0x01, 0xFE, 0xFE, 0xCD, 0x01, 0xFE, 0xFE, 0xCD, 0x01, 0xFE,
    0xFE, 0xCD, 0x01, 0xFE, 0xFE, 0xCD, 0x01, 0xFE, 0xFE, 0xCD, 0x01, 0xFE, 0xFE, 0xCD, 0x01, 0xFE,
    0xFE, 0xCD, 0x01, 0xFE, 0xFE, 0xCD, 0x01, 0xFE, 0xFE, 0xCD, 0x01, 0xFE, 0xFE, 0xCD, 0x01, 0xFE,
    0xFE, 0xCD, 0x01, 0xFE, 0xFE, 0xCD, 0x01, 0xFE, 0xFE, 0xCD, 0x01, 0xFE, 0xFE, 0xCD, 0x01, 0xFE,
    0xFE, 0xCD, 0x01, 0xFE, 0xFE, 0xCD, 0x01, 0xFE, 0xFE, 0xCD, 0x01, 0xFE, 0xFE, 0xCD, 0x01, 0xFE,
    0xFE, 0xCD, 0x01, 0xFE, 0xFE, 0xCD, 0x01, 0xFE, 0xFE, 0xCD, 0x01, 0xFE, 0xFE, 0xCD, 0x01, 0xFE,
    0xFE, 0xCD, 0x01, 0xFE, 0xFE, 0xCD, 0x01, 0xFE, 0xFE, 0xCD, 0x01, 0xFE, 0xFE, 0xCD, 0x01, 0xFE,
    0xFE, 0xCD, 0x01, 0xFE, 0xFE, 0xCD, 0x01, 0xFE, 0xFE, 0xCD, 0x01, 0xFE, 0xFE, 0xCD, 0x01, 0xFE,
    0xFE, 0xCD, 0x01, 0xFE, 0xFE, 0xCD, 0x01, 0xFE, 0xFE, 0xCD, 0x01, 0xFE, 0xFE, 0xCD, 0x01, 0xFE,
    0xFE, 0xCD, 0x01, 0xFE, 0xFE, 0xCD, 0x01, 0xFE, 0xFE, 0xCD, 0x01, 0xFE, 0xFE, 0xCD, 0x01, 0xFE,
    0xFE, 0xCD, 0x01, 0xFE, 0xFE, 0xCD, 0x01, 0xFE, 0xFE, 0xCD, 0x01, 0xFE, 0xFE, 0xCD, 0x01, 0xFE,
    0xFE, 0xCD, 0x01, 0xFE, 0xFE, 0xCD, 0x01, 0xFE, 0xFE, 0xCD, 0x01, 0xFE, 0xFE, 0xCD, 0x01, 0xFE,
    0xFE, 0xCD, 0x01, 0xFE, 0xFE, 0xCD, 0x01, 0xFE, 0xFE, 0xCD, 0x01, 0xFE, 0xFE, 0xCD, 0x01, 0xFE,
    0xFE, 0xCD, 0x01, 0xFF, 0xFE, 0xCD, 0x01, 0xFF, 0xFE, 0xCD, 0x01, 0xFF, 0xFE, 0xCD, 0x01, 0xFF,
    0xFE, 0xCD, 0x01, 0xFF, 0xFE, 0xCD, 0x01, 0xFF, 0xFE, 0xCD, 0x01, 0xFF, 0xFE, 0xCD, 0x01, 0xFF,
    0xFE, 0xCD, 0x01, 0xFF, 0xFE, 0xCD, 0x01, 0xFF, 0xFE, 0xCD, 0x01, 0xFF, 0xFE, 0xCD, 0x01, 0xFF,
    0xFE, 0xCD, 0x01, 0xFF, 0xFE, 0xCD, 0x01, 0xFF, 0xFE, 0xCD, 0x01, 0xFF, 0xFE, 0xCD, 0x01, 0xFF,
    0xFE, 0xCD, 0x01, 0xFF, 0xFE, 0xCD, 0x01, 0xFF, 0xFE, 0xCD, 0x01, 0xFF, 0xFE, 0xCD, 0x01, 0xFF,
    0xFE, 0xCD, 0x01, 0xFF, 0xFE, 0xCD, 0x01, 0xFF, 0xFE, 0xCD, 0x01, 0xFF, 0xFE, 0xCD, 0x01, 0xFF,
    0xFE, 0xCD, 0x01, 0xFF, 0xFE, 0xCD, 0x01, 0xFF, 0xFE, 0xCD, 0x01, 0xFF, 0xFE, 0xCD, 0x01, 0xFF,
    0xFE, 0xCD, 0x01, 0xFF, 0xFE, 0xCD, 0x01, 0xFF, 0xFE, 0xCD, 0x01, 0xFF, 0xFE, 0xCD, 0x01, 0xFF,
    0xFE, 0xCD, 0x01, 0xFF, 0xFE, 0xCD, 0x01, 0xFF, 0xFE, 0xCD, 0x01, 0xFF, 0xFE, 0xCD, 0x01, 0xFF,
    0xFE, 0xCD, 0x01, 0xFF, 0xFE, 0xCD, 0x01, 0xFF, 0xFE, 0xCD, 0x01, 0xFF, 0xFE, 0xCD, 0x01, 0xFF,
    0xFE, 0xCD, 0x01, 0xFF, 0xFE, 0xCD, 0x01, 0xFF, 0xFE, 0xCD, 0x01, 0xFF, 0xFE, 0xCD, 0x01, 0xFF,
    0xFE, 0xCD, 0x01, 0xFF, 0xFE, 0xCD, 0x01, 0xFF, 0xFE, 0xCD, 0x01, 0xFF, 0xFE, 0xCD, 0x01, 0xFF,
    0xFE, 0xCD, 0x01, 0xFF, 0xFE, 0xCD, 0x01, 0xFF, 0xFE, 0xCD, 0x01, 0xFF, 0xFE, 0xCD, 0x01, 0xFF,
    0xFE, 0xCD, 0x01, 0xFE, 0x00, 0x00, 0x00, 0xFF, 0x00, 0x00, 0x00, 0xFF, 0x00, 0x00, 0x00, 0xFF,
    0x00, 0x00, 0x00, 0xFF, 0x00, 0x00, 0x00, 0x00, 0x00, 0x00, 0x00, 0x00, 0x00, 0x00, 0x00, 0x00,
    0x00, 0x00, 0x00, 0x00, 0x00, 0x00, 0x00, 0x80, 0x00, 0x00, 0x00, 0xFF, 0x00, 0x00, 0x00, 0xFF,
    0x00, 0x00, 0x00, 0xFF, 0x52, 0x17, 0x0D, 0xFF, 0xF7, 0x45, 0x29, 0xFF, 0xF7, 0x45, 0x29, 0xFF,
    0xF9, 0x47, 0x28, 0xFF, 0xF9, 0x47, 0x28, 0xFF, 0xF9, 0x47, 0x28, 0xFF, 0xF9, 0x47, 0x28, 0xFF,
    0xF9, 0x47, 0x28, 0xFF, 0xF9, 0x47, 0x28, 0xFF, 0xF9, 0x47, 0x28, 0xFF, 0xF9, 0x47, 0x28, 0xFF,
    0xF9, 0x47, 0x28, 0xFF, 0xF9, 0x47, 0x28, 0xFF, 0xF9, 0x47, 0x28, 0xFF, 0xF9, 0x47, 0x28, 0xFF,
    0xF9, 0x47, 0x28, 0xFF, 0xF9, 0x47, 0x28, 0xFF, 0xF9, 0x47, 0x28, 0xFF, 0xF9, 0x47, 0x28, 0xFF,
    0xF9, 0x47, 0x28, 0xFF, 0xF9, 0x47, 0x28, 0xFF, 0xF9, 0x47, 0x28, 0xFF, 0xF9, 0x47, 0x28, 0xFF,
    0xF9, 0x47, 0x28, 0xFF, 0xF9, 0x47, 0x28, 0xFF, 0xF9, 0x47, 0x28, 0xFF, 0xF9, 0x47, 0x28, 0xFF,
    0xF9, 0x47, 0x28, 0xFF, 0xF9, 0x47, 0x28, 0xFF, 0xF9, 0x47, 0x28, 0xFF, 0xF9, 0x47, 0x28, 0xFF,
    0xF9, 0x47, 0x28, 0xFF, 0xF9, 0x47, 0x28, 0xFF, 0xF9, 0x47, 0x28, 0xFF, 0xF9, 0x47, 0x28, 0xFF,
    0xF9, 0x47, 0x28, 0xFF, 0xF9, 0x47, 0x28, 0xFF, 0xF9, 0x47, 0x28, 0xFF, 0xF9, 0x47, 0x28, 0xFF,
    0xF9, 0x47, 0x28, 0xFF, 0xF9, 0x47, 0x28, 0xFF, 0xF9, 0x47, 0x28, 0xFF, 0xF9, 0x47, 0x28, 0xFF,
    0xF9, 0x47, 0x28, 0xFF, 0xF9, 0x47, 0x28, 0xFF, 0xF9, 0x47, 0x28, 0xFF, 0xF9, 0x47, 0x28, 0xFF,
    0xF9, 0x47, 0x28, 0xFF, 0xF9, 0x47, 0x28, 0xFF, 0xF9, 0x47, 0x28, 0xFF, 0xF9, 0x47, 0x28, 0xFF,
    0xF7, 0x45, 0x29, 0xFF, 0xF7, 0x45, 0x29, 0xFF, 0xF7, 0x45, 0x29, 0xFF, 0x00, 0x00, 0x00, 0xFF,
    0x00, 0x00, 0x00, 0xFF, 0x00, 0x00, 0x00, 0xFF, 0x00, 0x00, 0x00, 0xFF, 0xFE, 0xCD, 0x01, 0xFF,
    0xFE, 0xCD, 0x01, 0xFF, 0xFE, 0xCD, 0x01, 0xFF, 0xFE, 0xCD, 0x01, 0xFE, 0xFE, 0xCD, 0x01, 0xFE,
    0xFE, 0xCD, 0x01, 0xFE, 0xFE, 0xCD, 0x01, 0xFE, 0xFE, 0xCD, 0x01, 0xFE, 0xFE, 0xCD, 0x01, 0xFE,
    0xFE, 0xCD, 0x01, 0xFE, 0xFE, 0xCD, 0x01, 0xFE, 0xFE, 0xCD, 0x01, 0xFE, 0xFE, 0xCD, 0x01, 0xFE,
    0xFE, 0xCD, 0x01, 0xFE, 0xFE, 0xCD, 0x01, 0xFE, 0xFE, 0xCD, 0x01, 0xFE, 0xFE, 0xCD, 0x01, 0xFE,
    0xFE, 0xCD, 0x01, 0xFE, 0xFE, 0xCD, 0x01, 0xFE, 0xFE, 0xCD, 0x01, 0xFE, 0xFE, 0xCD, 0x01, 0xFE,
    0xFE, 0xCD, 0x01, 0xFE, 0xFE, 0xCD, 0x01, 0xFE, 0xFE, 0xCD, 0x01, 0xFE, 0xFE, 0xCD, 0x01, 0xFE,
    0xFE, 0xCD, 0x01, 0xFE, 0xFE, 0xCD, 0x01, 0xFE, 0xFE, 0xCD, 0x01, 0xFE, 0xFE, 0xCD, 0x01, 0xFE,
    0xFE, 0xCD, 0x01, 0xFE, 0xFE, 0xCD, 0x01, 0xFE, 0xFE, 0xCD, 0x01, 0xFE, 0xFE, 0xCD, 0x01, 0xFE,
    0xFE, 0xCD, 0x01, 0xFE, 0xFE, 0xCD, 0x01, 0xFE, 0xFE, 0xCD, 0x01, 0xFE, 0xFE, 0xCD, 0x01, 0xFE,
    0xFE, 0xCD, 0x01, 0xFE, 0xFE, 0xCD, 0x01, 0xFE, 0xFE, 0xCD, 0x01, 0xFE, 0xFE, 0xCD, 0x01, 0xFE,
    0xFE, 0xCD, 0x01, 0xFE, 0xFE, 0xCD, 0x01, 0xFE, 0xFE, 0xCD, 0x01, 0xFE, 0xFE, 0xCD, 0x01, 0xFE,
    0xFE, 0xCD, 0x01, 0xFE, 0xFE, 0xCD, 0x01, 0xFE, 0xFE, 0xCD, 0x01, 0xFE, 0xFE, 0xCD, 0x01, 0xFE,
    0xFE, 0xCD, 0x01, 0xFE, 0xFE, 0xCD, 0x01, 0xFE, 0xFE, 0xCD, 0x01, 0xFE, 0xFE, 0xCD, 0x01, 0xFE,
    0xFE, 0xCD, 0x01, 0xFE, 0xFE, 0xCD, 0x01, 0xFE, 0xFE, 0xCD, 0x01, 0xFE, 0xFE, 0xCD, 0x01, 0xFE,
    0xFE, 0xCD, 0x01, 0xFE, 0xFE, 0xCD, 0x01, 0xFE, 0xFE, 0xCD, 0x01, 0xFE, 0xFE, 0xCD, 0x01, 0xFE,
    0xFE, 0xCD, 0x01, 0xFE, 0xFE, 0xCD, 0x01, 0xFE, 0xFE, 0xCD, 0x01, 0xFE, 0xFE, 0xCD, 0x01, 0xFE,
    0xFE, 0xCD, 0x01, 0xFE, 0xFE, 0xCD, 0x01, 0xFE, 0xFE, 0xCD, 0x01, 0xFE, 0xFE, 0xCD, 0x01, 0xFE,
    0xFE, 0xCD, 0x01, 0xFE, 0xFE, 0xCD, 0x01, 0xFE, 0xFE, 0xCD, 0x01, 0xFE, 0xFE, 0xCD, 0x01, 0xFE,
    0xFE, 0xCD, 0x01, 0xFE, 0xFE, 0xCD, 0x01, 0xFE, 0xFE, 0xCD, 0x01, 0xFE, 0xFE, 0xCD, 0x01, 0xFE,
    0xFE, 0xCD, 0x01, 0xFE, 0xFE, 0xCD, 0x01, 0xFE, 0xFE, 0xCD, 0x01, 0xFE, 0xFE, 0xCD, 0x01, 0xFE,
    0xFE, 0xCD, 0x01, 0xFE, 0xFE, 0xCD, 0x01, 0xFE, 0xFE, 0xCD, 0x01, 0xFE, 0xFE, 0xCD, 0x01, 0xFE,
    0xFE, 0xCD, 0x01, 0xFE, 0xFE, 0xCD, 0x01, 0xFE, 0xFE, 0xCD, 0x01, 0xFE, 0xFE, 0xCD, 0x01, 0xFE,
    0xFE, 0xCD, 0x01, 0xFE, 0xFE, 0xCD, 0x01, 0xFE, 0xFE, 0xCD, 0x01, 0xFE, 0xFE, 0xCD, 0x01, 0xFE,
    0xFE, 0xCD, 0x01, 0xFE, 0xFE, 0xCD, 0x01, 0xFE, 0xFE, 0xCD, 0x01, 0xFE, 0xFE, 0xCD, 0x01, 0xFE,
    0xFE, 0xCD, 0x01, 0xFE, 0xFE, 0xCD, 0x01, 0xFE, 0xFE, 0xCD, 0x01, 0xFE, 0xFE, 0xCD, 0x01, 0xFE,
    0xFE, 0xCD, 0x01, 0xFE, 0xFE, 0xCD, 0x01, 0xFE, 0xFE, 0xCD, 0x01, 0xFE, 0xFE, 0xCD, 0x01, 0xFE,
    0xFE, 0xCD, 0x01, 0xFE, 0xFE, 0xCD, 0x01, 0xFE, 0xFE, 0xCD, 0x01, 0xFE, 0xFE, 0xCD, 0x01, 0xFE,
    0xFE, 0xCD, 0x01, 0xFE, 0xFE, 0xCD, 0x01, 0xFE, 0xFE, 0xCD, 0x01, 0xFE, 0xFE, 0xCD, 0x01, 0xFE,
    0xFE, 0xCD, 0x01, 0xFE, 0xFE, 0xCD, 0x01, 0xFE, 0xFE, 0xCD, 0x01, 0xFE, 0xFE, 0xCD, 0x01, 0xFE,
    0xFE, 0xCD, 0x01, 0xFE, 0xFE, 0xCD, 0x01, 0xFE, 0xFE, 0xCD, 0x01, 0xFE, 0xFE, 0xCD, 0x01, 0xFE,
    0xFE, 0xCD, 0x01, 0xFE, 0xFE, 0xCD, 0x01, 0xFE, 0xFE, 0xCD, 0x01, 0xFE, 0xFE, 0xCD, 0x01, 0xFE,
    0xFE, 0xCD, 0x01, 0xFE, 0xFE, 0xCD, 0x01, 0xFE, 0xFE, 0xCD, 0x01, 0xFE, 0xFE, 0xCD, 0x01, 0xFE,
    0xFE, 0xCD, 0x01, 0xFE, 0xFE, 0xCD, 0x01, 0xFE, 0xFE, 0xCD, 0x01, 0xFE, 0xFE, 0xCD, 0x01, 0xFE,
    0xFE, 0xCD, 0x01, 0xFE, 0xFE, 0xCD, 0x01, 0xFE, 0xFE, 0xCD, 0x01, 0xFE, 0xFE, 0xCD, 0x01, 0xFE,
    0xFE, 0xCD, 0x01, 0xFE, 0xFE, 0xCD, 0x01, 0xFE, 0xFE, 0xCD, 0x01, 0xFE, 0xFE, 0xCD, 0x01, 0xFE,
    0xFE, 0xCD, 0x01, 0xFE, 0xFE, 0xCD, 0x01, 0xFE, 0xFE, 0xCD, 0x01, 0xFE, 0xFE, 0xCD, 0x01, 0xFE,
    0xFE, 0xCD, 0x01, 0xFE, 0xFE, 0xCD, 0x01, 0xFE, 0xFE, 0xCD, 0x01, 0xFE, 0xFE, 0xCD, 0x01, 0xFE,
    0xFE, 0xCD, 0x01, 0xFF, 0xFE, 0xCD, 0x01, 0xFF, 0xFE, 0xCD, 0x01, 0xFF, 0xFE, 0xCD, 0x01, 0xFF,
    0xFE, 0xCD, 0x01, 0xFF, 0xFE, 0xCD, 0x01, 0xFF, 0xFE, 0xCD, 0x01, 0xFF, 0xFE, 0xCD, 0x01, 0xFF,
    0xFE, 0xCD, 0x01, 0xFF, 0xFE, 0xCD, 0x01, 0xFF, 0xFE, 0xCD, 0x01, 0xFF, 0xFE, 0xCD, 0x01, 0xFF,
    0xFE, 0xCD, 0x01, 0xFF, 0xFE, 0xCD, 0x01, 0xFF, 0xFE, 0xCD, 0x01, 0xFF, 0xFE, 0xCD, 0x01, 0xFF,
    0xFE, 0xCD, 0x01, 0xFF, 0xFE, 0xCD, 0x01, 0xFF, 0xFE, 0xCD, 0x01, 0xFF, 0xFE, 0xCD, 0x01, 0xFF,
    0xFE, 0xCD, 0x01, 0xFF, 0xFE, 0xCD, 0x01, 0xFF, 0xFE, 0xCD, 0x01, 0xFF, 0xFE, 0xCD, 0x01, 0xFF,
    0xFE, 0xCD, 0x01, 0xFF, 0xFE, 0xCD, 0x01, 0xFF, 0xFE, 0xCD, 0x01, 0xFF, 0xFE, 0xCD, 0x01, 0xFF,
    0xFE, 0xCD, 0x01, 0xFF, 0xFE, 0xCD, 0x01, 0xFF, 0xFE, 0xCD, 0x01, 0xFF, 0xFE, 0xCD, 0x01, 0xFF,
    0xFE, 0xCD, 0x01, 0xFF, 0xFE, 0xCD, 0x01, 0xFF, 0xFE, 0xCD, 0x01, 0xFF, 0xFE, 0xCD, 0x01, 0xFF,
    0xFE, 0xCD, 0x01, 0xFF, 0xFE, 0xCD, 0x01, 0xFF, 0xFE, 0xCD, 0x01, 0xFF, 0xFE, 0xCD, 0x01, 0xFF,
    0xFE, 0xCD, 0x01, 0xFF, 0xFE, 0xCD, 0x01, 0xFF, 0xFE, 0xCD, 0x01, 0xFF, 0xFE, 0xCD, 0x01, 0xFF,
    0xFE, 0xCD, 0x01, 0xFF, 0xFE, 0xCD, 0x01, 0xFF, 0xFE, 0xCD, 0x01, 0xFF, 0xFE, 0xCD, 0x01, 0xFF,
    0xFE, 0xCD, 0x01, 0xFF, 0xFE, 0xCD, 0x01, 0xFF, 0xFE, 0xCD, 0x01, 0xFF, 0xFE, 0xCD, 0x01, 0xFF,
    0xFE, 0xCD, 0x01, 0xFE, 0x00, 0x00, 0x00, 0xFF, 0x00, 0x00, 0x00, 0xFF, 0x00, 0x00, 0x00, 0xFF,
    0x00, 0x00, 0x00, 0xFF, 0x00, 0x00, 0x00, 0x00, 0x00, 0x00, 0x00, 0x00, 0x00, 0x00, 0x00, 0x00,
    0x00, 0x00, 0x00, 0x00, 0x00, 0x00, 0x00, 0x80, 0x00, 0x00, 0x00, 0xFF, 0x00, 0x00, 0x00, 0xFF,
    0x00, 0x00, 0x00, 0xFF, 0x52, 0x17, 0x0D, 0xFF, 0xF7, 0x45, 0x29, 0xFF, 0xF7, 0x45, 0x29, 0xFF,
    0xF9, 0x47, 0x28, 0xFF, 0xF9, 0x47, 0x28, 0xFF, 0xF9, 0x47, 0x28, 0xFF, 0xF9, 0x47, 0x28, 0xFF,
    0xF9, 0x47, 0x28, 0xFF, 0xF9, 0x47, 0x28, 0xFF, 0xF9, 0x47, 0x28, 0xFF, 0xF9, 0x47, 0x28, 0xFF,
    0xF9, 0x47, 0x28, 0xFF, 0xF9, 0x47, 0x28, 0xFF, 0xF9, 0x47, 0x28, 0xFF, 0xF9, 0x47, 0x28, 0xFF,
    0xF9, 0x47, 0x28, 0xFF, 0xF9, 0x47, 0x28, 0xFF, 0xF9, 0x47, 0x28, 0xFF, 0xF9, 0x47, 0x28, 0xFF,
    0xF9, 0x47, 0x28, 0xFF, 0xF9, 0x47, 0x28, 0xFF, 0xF9, 0x47, 0x28, 0xFF, 0xF9, 0x47, 0x28, 0xFF,
    0xF9, 0x47, 0x28, 0xFF, 0xF9, 0x47, 0x28, 0xFF, 0xF9, 0x47, 0x28, 0xFF, 0xF9, 0x47, 0x28, 0xFF,
    0xF9, 0x47, 0x28, 0xFF, 0xF9, 0x47, 0x28, 0xFF, 0xF9, 0x47, 0x28, 0xFF, 0xF9, 0x47, 0x28, 0xFF,
    0xF9, 0x47, 0x28, 0xFF, 0xF9, 0x47, 0x28, 0xFF, 0xF9, 0x47, 0x28, 0xFF, 0xF9, 0x47, 0x28, 0xFF,
    0xF9, 0x47, 0x28, 0xFF, 0xF9, 0x47, 0x28, 0xFF, 0xF9, 0x47, 0x28, 0xFF, 0xF9, 0x47, 0x28, 0xFF,
    0xF9, 0x47, 0x28, 0xFF, 0xF9, 0x47, 0x28, 0xFF, 0xF9, 0x47, 0x28, 0xFF, 0xF9, 0x47, 0x28, 0xFF,
    0xF9, 0x47, 0x28, 0xFF, 0xF9, 0x47, 0x28, 0xFF, 0xF9, 0x47, 0x28, 0xFF, 0xF9, 0x47, 0x28, 0xFF,
    0xF9, 0x47, 0x28, 0xFF, 0xF9, 0x47, 0x28, 0xFF, 0xF9, 0x47, 0x28, 0xFF, 0xF9, 0x47, 0x28, 0xFF,
    0xF7, 0x45, 0x29, 0xFF, 0xF7, 0x45, 0x29, 0xFF, 0xF7, 0x45, 0x29, 0xFF, 0x52, 0x17, 0x0D, 0xFF,
    0x00, 0x00, 0x00, 0xFF, 0x00, 0x00, 0x00, 0xFF, 0x2B, 0x2A, 0x22, 0xFF, 0xFE, 0xCD, 0x01, 0xFF,
    0xFE, 0xCD, 0x01, 0xFF, 0xFE, 0xCD, 0x01, 0xFF, 0xFE, 0xCD, 0x01, 0xFE, 0xFE, 0xCD, 0x01, 0xFE,
    0xFE, 0xCD, 0x01, 0xFE, 0xFE, 0xCD, 0x01, 0xFE, 0xFE, 0xCD, 0x01, 0xFE, 0xFE, 0xCD, 0x01, 0xFE,
    0xFE, 0xCD, 0x01, 0xFE, 0xFE, 0xCD, 0x01, 0xFE, 0xFE, 0xCD, 0x01, 0xFE, 0xFE, 0xCD, 0x01, 0xFE,
    0xFE, 0xCD, 0x01, 0xFE, 0xFE, 0xCD, 0x01, 0xFE, 0xFE, 0xCD, 0x01, 0xFE, 0xFE, 0xCD, 0x01, 0xFE,
    0xFE, 0xCD, 0x01, 0xFE, 0xFE, 0xCD, 0x01, 0xFE, 0xFE, 0xCD, 0x01, 0xFE, 0xFE, 0xCD, 0x01, 0xFE,
    0xFE, 0xCD, 0x01, 0xFE, 0xFE, 0xCD, 0x01, 0xFE, 0xFE, 0xCD, 0x01, 0xFE, 0xFE, 0xCD, 0x01, 0xFE,
    0xFE, 0xCD, 0x01, 0xFE, 0xFE, 0xCD, 0x01, 0xFE, 0xFE, 0xCD, 0x01, 0xFE, 0xFE, 0xCD, 0x01, 0xFE,
    0xFE, 0xCD, 0x01, 0xFE, 0xFE, 0xCD, 0x01, 0xFE, 0xFE, 0xCD, 0x01, 0xFE, 0xFE, 0xCD, 0x01, 0xFE,
    0xFE, 0xCD, 0x01, 0xFE, 0xFE, 0xCD, 0x01, 0xFE, 0xFE, 0xCD, 0x01, 0xFE, 0xFE, 0xCD, 0x01, 0xFE,
    0xFE, 0xCD, 0x01, 0xFE, 0xFE, 0xCD, 0x01, 0xFE, 0xFE, 0xCD, 0x01, 0xFE, 0xFE, 0xCD, 0x01, 0xFE,
    0xFE, 0xCD, 0x01, 0xFE, 0xFE, 0xCD, 0x01, 0xFE, 0xFE, 0xCD, 0x01, 0xFE, 0xFE, 0xCD, 0x01, 0xFE,
    0xFE, 0xCD, 0x01, 0xFE, 0xFE, 0xCD, 0x01, 0xFE, 0xFE, 0xCD, 0x01, 0xFE, 0xFE, 0xCD, 0x01, 0xFE,
    0xFE, 0xCD, 0x01, 0xFE, 0xFE, 0xCD, 0x01, 0xFE, 0xFE, 0xCD, 0x01, 0xFE, 0xFE, 0xCD, 0x01, 0xFE,
    0xFE, 0xCD, 0x01, 0xFE, 0xFE, 0xCD, 0x01, 0xFE, 0xFE, 0xCD, 0x01, 0xFE, 0xFE, 0xCD, 0x01, 0xFE,
    0xFE, 0xCD, 0x01, 0xFE, 0xFE, 0xCD, 0x01, 0xFE, 0xFE, 0xCD, 0x01, 0xFE, 0xFE, 0xCD, 0x01, 0xFE,
    0xFE, 0xCD, 0x01, 0xFE, 0xFE, 0xCD, 0x01, 0xFE, 0xFE, 0xCD, 0x01, 0xFE, 0xFE, 0xCD, 0x01, 0xFE,
    0xFE, 0xCD, 0x01, 0xFE, 0xFE, 0xCD, 0x01, 0xFE, 0xFE, 0xCD, 0x01, 0xFE, 0xFE, 0xCD, 0x01, 0xFE,
    0xFE, 0xCD, 0x01, 0xFE, 0xFE, 0xCD, 0x01, 0xFE, 0xFE, 0xCD, 0x01, 0xFE, 0xFE, 0xCD, 0x01, 0xFE,
    0xFE, 0xCD, 0x01, 0xFE, 0xFE, 0xCD, 0x01, 0xFE, 0xFE, 0xCD, 0x01, 0xFE, 0xFE, 0xCD, 0x01, 0xFE,
    0xFE, 0xCD, 0x01, 0xFE, 0xFE, 0xCD, 0x01, 0xFE, 0xFE, 0xCD, 0x01, 0xFE, 0xFE, 0xCD, 0x01, 0xFE,
    0xFE, 0xCD, 0x01, 0xFE, 0xFE, 0xCD, 0x01, 0xFE, 0xFE, 0xCD, 0x01, 0xFE, 0xFE, 0xCD, 0x01, 0xFE,
    0xFE, 0xCD, 0x01, 0xFE, 0xFE, 0xCD, 0x01, 0xFE, 0xFE, 0xCD, 0x01, 0xFE, 0xFE, 0xCD, 0x01, 0xFE,
    0xFE, 0xCD, 0x01, 0xFE, 0xFE, 0xCD, 0x01, 0xFE, 0xFE, 0xCD, 0x01, 0xFE, 0xFE, 0xCD, 0x01, 0xFE,
    0xFE, 0xCD, 0x01, 0xFE, 0xFE, 0xCD, 0x01, 0xFE, 0xFE, 0xCD, 0x01, 0xFE, 0xFE, 0xCD, 0x01, 0xFE,
    0xFE, 0xCD, 0x01, 0xFE, 0xFE, 0xCD, 0x01, 0xFE, 0xFE, 0xCD, 0x01, 0xFE, 0xFE, 0xCD, 0x01, 0xFE,
    0xFE, 0xCD, 0x01, 0xFE, 0xFE, 0xCD, 0x01, 0xFE, 0xFE, 0xCD, 0x01, 0xFE, 0xFE, 0xCD, 0x01, 0xFE,
    0xFE, 0xCD, 0x01, 0xFE, 0xFE, 0xCD, 0x01, 0xFE, 0xFE, 0xCD, 0x01, 0xFE, 0xFE, 0xCD, 0x01, 0xFE,
    0xFE, 0xCD, 0x01, 0xFE, 0xFE, 0xCD, 0x01, 0xFE, 0xFE, 0xCD, 0x01, 0xFE, 0xFE, 0xCD, 0x01, 0xFE,
    0xFE, 0xCD, 0x01, 0xFE, 0xFE, 0xCD, 0x01, 0xFE, 0xFE, 0xCD, 0x01, 0xFE, 0xFE, 0xCD, 0x01, 0xFE,
    0xFE, 0xCD, 0x01, 0xFE, 0xFE, 0xCD, 0x01, 0xFE, 0xFE, 0xCD, 0x01, 0xFE, 0xFE, 0xCD, 0x01, 0xFE,
    0xFE, 0xCD, 0x01, 0xFE, 0xFE, 0xCD, 0x01, 0xFE, 0xFE, 0xCD, 0x01, 0xFE, 0xFE, 0xCD, 0x01, 0xFE,
    0xFE, 0xCD, 0x01, 0xFE, 0xFE, 0xCD, 0x01, 0xFE, 0xFE, 0xCD, 0x01, 0xFE, 0xFE, 0xCD, 0x01, 0xFE,
    0xFE, 0xCD, 0x01, 0xFE, 0xFE, 0xCD, 0x01, 0xFE, 0xFE, 0xCD, 0x01, 0xFE, 0xFE, 0xCD, 0x01, 0xFE,
    0xFE, 0xCD, 0x01, 0xFE, 0xFE, 0xCD, 0x01, 0xFE, 0xFE, 0xCD, 0x01, 0xFE, 0xFE, 0xCD, 0x01, 0xFE,
    0xFE, 0xCD, 0x01, 0xFE, 0xFE, 0xCD, 0x01, 0xFE, 0xFE, 0xCD, 0x01, 0xFE, 0xFE, 0xCD, 0x01, 0xFE,
    0xFE, 0xCD, 0x01, 0xFE, 0xFE, 0xCD, 0x01, 0xFE, 0xFE, 0xCD, 0x01, 0xFE, 0xFE, 0xCD, 0x01, 0xFE,
    0xFE, 0xCD, 0x01, 0xFE, 0xFE, 0xCD, 0x01, 0xFE, 0xFE, 0xCD, 0x01, 0xFE, 0xFE, 0xCD, 0x01, 0xFE,
    0xFE, 0xCD, 0x01, 0xFF, 0xFE, 0xCD, 0x01, 0xFF, 0xFE, 0xCD, 0x01, 0xFF, 0xFE, 0xCD, 0x01, 0xFF,
    0xFE, 0xCD, 0x01, 0xFF, 0xFE, 0xCD, 0x01, 0xFF, 0xFE, 0xCD, 0x01, 0xFF, 0xFE, 0xCD, 0x01, 0xFF,
    0xFE, 0xCD, 0x01, 0xFF, 0xFE, 0xCD, 0x01, 0xFF, 0xFE, 0xCD, 0x01, 0xFF, 0xFE, 0xCD, 0x01, 0xFF,
    0xFE, 0xCD, 0x01, 0xFF, 0xFE, 0xCD, 0x01, 0xFF, 0xFE, 0xCD, 0x01, 0xFF, 0xFE, 0xCD, 0x01, 0xFF,
    0xFE, 0xCD, 0x01, 0xFF, 0xFE, 0xCD, 0x01, 0xFF, 0xFE, 0xCD, 0x01, 0xFF, 0xFE, 0xCD, 0x01, 0xFF,
    0xFE, 0xCD, 0x01, 0xFF, 0xFE, 0xCD, 0x01, 0xFF, 0xFE, 0xCD, 0x01, 0xFF, 0xFE, 0xCD, 0x01, 0xFF,
    0xFE, 0xCD, 0x01, 0xFF, 0xFE, 0xCD, 0x01, 0xFF, 0xFE, 0xCD, 0x01, 0xFF, 0xFE, 0xCD, 0x01, 0xFF,
    0xFE, 0xCD, 0x01, 0xFF, 0xFE, 0xCD, 0x01, 0xFF, 0xFE, 0xCD, 0x01, 0xFF, 0xFE, 0xCD, 0x01, 0xFF,
    0xFE, 0xCD, 0x01, 0xFF, 0xFE, 0xCD, 0x01, 0xFF, 0xFE, 0xCD, 0x01, 0xFF, 0xFE, 0xCD, 0x01, 0xFF,
    0xFE, 0xCD, 0x01, 0xFF, 0xFE, 0xCD, 0x01, 0xFF, 0xFE, 0xCD, 0x01, 0xFF, 0xFE, 0xCD, 0x01, 0xFF,
    0xFE, 0xCD, 0x01, 0xFF, 0xFE, 0xCD, 0x01, 0xFF, 0xFE, 0xCD, 0x01, 0xFF, 0xFE, 0xCD, 0x01, 0xFF,
    0xFE, 0xCD, 0x01, 0xFF, 0xFE, 0xCD, 0x01, 0xFF, 0xFE, 0xCD, 0x01, 0xFF, 0xFE, 0xCD, 0x01, 0xFF,
    0xFE, 0xCD, 0x01, 0xFF, 0xFE, 0xCD, 0x01, 0xFF, 0xFE, 0xCD, 0x01, 0xFF, 0xFE, 0xCD, 0x01, 0xFF,
    0xFE, 0xCD, 0x01, 0xFE, 0x00, 0x00, 0x00, 0xFF, 0x00, 0x00, 0x00, 0xFF, 0x00, 0x00, 0x00, 0xFF,
    0x00, 0x00, 0x00, 0xFF, 0x00, 0x00, 0x00, 0x00, 0x00, 0x00, 0x00, 0x00, 0x00, 0x00, 0x00, 0x00,
    0x00, 0x00, 0x00, 0x00, 0x00, 0x00, 0x00, 0x80, 0x00, 0x00, 0x00, 0xFF, 0x00, 0x00, 0x00, 0xFF,
    0x00, 0x00, 0x00, 0xFF, 0x52, 0x17, 0x0D, 0xFF, 0xF7, 0x45, 0x29, 0xFF, 0xF7, 0x45, 0x29, 0xFF,
    0xF9, 0x47, 0x28, 0xFF, 0xF9, 0x47, 0x28, 0xFF, 0xF9, 0x47, 0x28, 0xFF, 0xF9, 0x47, 0x28, 0xFF,
    0xF9, 0x47, 0x28, 0xFF, 0xF9, 0x47, 0x28, 0xFF, 0xF9, 0x47, 0x28, 0xFF, 0xF9, 0x47, 0x28, 0xFF,
    0xF9, 0x47, 0x28, 0xFF, 0xF9, 0x47, 0x28, 0xFF, 0xF9, 0x47, 0x28, 0xFF, 0xF9, 0x47, 0x28, 0xFF,
    0xF9, 0x47, 0x28, 0xFF, 0xF9, 0x47, 0x28, 0xFF, 0xF9, 0x47, 0x28, 0xFF, 0xF9, 0x47, 0x28, 0xFF,
    0xF9, 0x47, 0x28, 0xFF, 0xF9, 0x47, 0x28, 0xFF, 0xF9, 0x47, 0x28, 0xFF, 0xF9, 0x47, 0x28, 0xFF,
    0xF9, 0x47, 0x28, 0xFF, 0xF9, 0x47, 0x28, 0xFF, 0xF9, 0x47, 0x28, 0xFF, 0xF9, 0x47, 0x28, 0xFF,
    0xF9, 0x47, 0x28, 0xFF, 0xF9, 0x47, 0x28, 0xFF, 0xF9, 0x47, 0x28, 0xFF, 0xF9, 0x47, 0x28, 0xFF,
    0xF9, 0x47, 0x28, 0xFF, 0xF9, 0x47, 0x28, 0xFF, 0xF9, 0x47, 0x28, 0xFF, 0xF9, 0x47, 0x28, 0xFF,
    0xF9, 0x47, 0x28, 0xFF, 0xF9, 0x47, 0x28, 0xFF, 0xF9, 0x47, 0x28, 0xFF, 0xF9, 0x47, 0x28, 0xFF,
    0xF9, 0x47, 0x28, 0xFF, 0xF9, 0x47, 0x28, 0xFF, 0xF9, 0x47, 0x28, 0xFF, 0xF9, 0x47, 0x28, 0xFF,
    0xF9, 0x47, 0x28, 0xFF, 0xF9, 0x47, 0x28, 0xFF, 0xF9, 0x47, 0x28, 0xFF, 0xF9, 0x47, 0x28, 0xFF,
    0xF9, 0x47, 0x28, 0xFF, 0xF9, 0x47, 0x28, 0xFF, 0xF9, 0x47, 0x28, 0xFF, 0xF9, 0x47, 0x28, 0xFF,
    0xF7, 0x45, 0x29, 0xFF, 0xF7, 0x45, 0x29, 0xFF, 0xF7, 0x45, 0x29, 0xFF, 0x52, 0x17, 0x0D, 0xFF,
    0x00, 0x00, 0x00, 0xFF, 0x00, 0x00, 0x00, 0xFF, 0x7E, 0x6E, 0x2A, 0xFF, 0xFE, 0xCD, 0x01, 0xFF,
    0xFE, 0xCD, 0x01, 0xFF, 0xFE, 0xCD, 0x01, 0xFF, 0xFE, 0xCD, 0x01, 0xFE, 0xFE, 0xCD, 0x01, 0xFE,
    0xFE, 0xCD, 0x01, 0xFE, 0xFE, 0xCD, 0x01, 0xFE, 0xFE, 0xCD, 0x01, 0xFE, 0xFE, 0xCD, 0x01, 0xFE,
    0xFE, 0xCD, 0x01, 0xFE, 0xFE, 0xCD, 0x01, 0xFE, 0xFE, 0xCD, 0x01, 0xFE, 0xFE, 0xCD, 0x01, 0xFE,
    0xFE, 0xCD, 0x01, 0xFE, 0xFE, 0xCD, 0x01, 0xFE, 0xFE, 0xCD, 0x01, 0xFE, 0xFE, 0xCD, 0x01, 0xFE,
    0xFE, 0xCD, 0x01, 0xFE, 0xFE, 0xCD, 0x01, 0xFE, 0xFE, 0xCD, 0x01, 0xFE, 0xFE, 0xCD, 0x01, 0xFE,
    0xFE, 0xCD, 0x01, 0xFE, 0xFE, 0xCD, 0x01, 0xFE, 0xFE, 0xCD, 0x01, 0xFE, 0xFE, 0xCD, 0x01, 0xFE,
    0xFE, 0xCD, 0x01, 0xFE, 0xFE, 0xCD, 0x01, 0xFE, 0xFE, 0xCD, 0x01, 0xFE, 0xFE, 0xCD, 0x01, 0xFE,
    0xFE, 0xCD, 0x01, 0xFE, 0xFE, 0xCD, 0x01, 0xFE, 0xFE, 0xCD, 0x01, 0xFE, 0xFE, 0xCD, 0x01, 0xFE,
    0xFE, 0xCD, 0x01, 0xFE, 0xFE, 0xCD, 0x01, 0xFE, 0xFE, 0xCD, 0x01, 0xFE, 0xFE, 0xCD, 0x01, 0xFE,
    0xFE, 0xCD, 0x01, 0xFE, 0xFE, 0xCD, 0x01, 0xFE, 0xFE, 0xCD, 0x01, 0xFE, 0xFE, 0xCD, 0x01, 0xFE,
    0xFE, 0xCD, 0x01, 0xFE, 0xFE, 0xCD, 0x01, 0xFE, 0xFE, 0xCD, 0x01, 0xFE, 0xFE, 0xCD, 0x01, 0xFE,
    0xFE, 0xCD, 0x01, 0xFE, 0xFE, 0xCD, 0x01, 0xFE, 0xFE, 0xCD, 0x01, 0xFE, 0xFE, 0xCD, 0x01, 0xFE,
    0xFE, 0xCD, 0x01, 0xFE, 0xFE, 0xCD, 0x01, 0xFE, 0xFE, 0xCD, 0x01, 0xFE, 0xFE, 0xCD, 0x01, 0xFE,
    0xFE, 0xCD, 0x01, 0xFE, 0xFE, 0xCD, 0x01, 0xFE, 0xFE, 0xCD, 0x01, 0xFE, 0xFE, 0xCD, 0x01, 0xFE,
    0xFE, 0xCD, 0x01, 0xFE, 0xFE, 0xCD, 0x01, 0xFE, 0xFE, 0xCD, 0x01, 0xFE, 0xFE, 0xCD, 0x01, 0xFE,
    0xFE, 0xCD, 0x01, 0xFE, 0xFE, 0xCD, 0x01, 0xFE, 0xFE, 0xCD, 0x01, 0xFE, 0xFE, 0xCD, 0x01, 0xFE,
    0xFE, 0xCD, 0x01, 0xFE, 0xFE, 0xCD, 0x01, 0xFE, 0xFE, 0xCD, 0x01, 0xFE, 0xFE, 0xCD, 0x01, 0xFE,
    0xFE, 0xCD, 0x01, 0xFE, 0xFE, 0xCD, 0x01, 0xFE, 0xFE, 0xCD, 0x01, 0xFE, 0xFE, 0xCD, 0x01, 0xFE,
    0xFE, 0xCD, 0x01, 0xFE, 0xFE, 0xCD, 0x01, 0xFE, 0xFE, 0xCD, 0x01, 0xFE, 0xFE, 0xCD, 0x01, 0xFE,
    0xFE, 0xCD, 0x01, 0xFE, 0xFE, 0xCD, 0x01, 0xFE, 0xFE, 0xCD, 0x01, 0xFE, 0xFE, 0xCD, 0x01, 0xFE,
    0xFE, 0xCD, 0x01, 0xFE, 0xFE, 0xCD, 0x01, 0xFE, 0xFE, 0xCD, 0x01, 0xFE, 0xFE, 0xCD, 0x01, 0xFE,
    0xFE, 0xCD, 0x01, 0xFE, 0xFE, 0xCD, 0x01, 0xFE, 0xFE, 0xCD, 0x01, 0xFE, 0xFE, 0xCD, 0x01, 0xFE,
    0xFE, 0xCD, 0x01, 0xFE, 0xFE, 0xCD, 0x01, 0xFE, 0xFE, 0xCD, 0x01, 0xFE, 0xFE, 0xCD, 0x01, 0xFE,
    0xFE, 0xCD, 0x01, 0xFE, 0xFE, 0xCD, 0x01, 0xFE, 0xFE, 0xCD, 0x01, 0xFE, 0xFE, 0xCD, 0x01, 0xFE,
    0xFE, 0xCD, 0x01, 0xFE, 0xFE, 0xCD, 0x01, 0xFE, 0xFE, 0xCD, 0x01, 0xFE, 0xFE, 0xCD, 0x01, 0xFE,
    0xFE, 0xCD, 0x01, 0xFE, 0xFE, 0xCD, 0x01, 0xFE, 0xFE, 0xCD, 0x01, 0xFE, 0xFE, 0xCD, 0x01, 0xFE,
    0xFE, 0xCD, 0x01, 0xFE, 0xFE, 0xCD, 0x01, 0xFE, 0xFE, 0xCD, 0x01, 0xFE, 0xFE, 0xCD, 0x01, 0xFE,
    0xFE, 0xCD, 0x01, 0xFE, 0xFE, 0xCD, 0x01, 0xFE, 0xFE, 0xCD, 0x01, 0xFE, 0xFE, 0xCD, 0x01, 0xFE,
    0xFE, 0xCD, 0x01, 0xFE, 0xFE, 0xCD, 0x01, 0xFE, 0xFE, 0xCD, 0x01, 0xFE, 0xFE, 0xCD, 0x01, 0xFE,
    0xFE, 0xCD, 0x01, 0xFE, 0xFE, 0xCD, 0x01, 0xFE, 0xFE, 0xCD, 0x01, 0xFE, 0xFE, 0xCD, 0x01, 0xFE,
    0xFE, 0xCD, 0x01, 0xFE, 0xFE, 0xCD, 0x01, 0xFE, 0xFE, 0xCD, 0x01, 0xFE, 0xFE, 0xCD, 0x01, 0xFE,
    0xFE, 0xCD, 0x01, 0xFE, 0xFE, 0xCD, 0x01, 0xFE, 0xFE, 0xCD, 0x01, 0xFE, 0xFE, 0xCD, 0x01, 0xFE,
    0xFE, 0xCD, 0x01, 0xFE, 0xFE, 0xCD, 0x01, 0xFE, 0xFE, 0xCD, 0x01, 0xFE, 0xFE, 0xCD, 0x01, 0xFE,
    0xFE, 0xCD, 0x01, 0xFE, 0xFE, 0xCD, 0x01, 0xFE, 0xFE, 0xCD, 0x01, 0xFE, 0xFE, 0xCD, 0x01, 0xFE,
    0xFE, 0xCD, 0x01, 0xFE, 0xFE, 0xCD, 0x01, 0xFE, 0xFE, 0xCD, 0x01, 0xFE, 0xFE, 0xCD, 0x01, 0xFE,
    0xFE, 0xCD, 0x01, 0xFE, 0xFE, 0xCD, 0x01, 0xFE, 0xFE, 0xCD, 0x01, 0xFE, 0xFE, 0xCD, 0x01, 0xFE,
    0xFE, 0xCD, 0x01, 0xFE, 0xFE, 0xCD, 0x01, 0xFE, 0xFE, 0xCD, 0x01, 0xFE, 0xFE, 0xCD, 0x01, 0xFE,
    0xFE, 0xCD, 0x01, 0xFF, 0xFE, 0xCD, 0x01, 0xFF, 0xFE, 0xCD, 0x01, 0xFF, 0xFE, 0xCD, 0x01, 0xFF,
    0xFE, 0xCD, 0x01, 0xFF, 0xFE, 0xCD, 0x01, 0xFF, 0xFE, 0xCD, 0x01, 0xFF, 0xFE, 0xCD, 0x01, 0xFF,
    0xFE, 0xCD, 0x01, 0xFF, 0xFE, 0xCD, 0x01, 0xFF, 0xFE, 0xCD, 0x01, 0xFF, 0xFE, 0xCD, 0x01, 0xFF,
    0xFE, 0xCD, 0x01, 0xFF, 0xFE, 0xCD, 0x01, 0xFF, 0xFE, 0xCD, 0x01, 0xFF, 0xFE, 0xCD, 0x01, 0xFF,
    0xFE, 0xCD, 0x01, 0xFF, 0xFE, 0xCD, 0x01, 0xFF, 0xFE, 0xCD, 0x01, 0xFF, 0xFE, 0xCD, 0x01, 0xFF,
    0xFE, 0xCD, 0x01, 0xFF, 0xFE, 0xCD, 0x01, 0xFF, 0xFE, 0xCD, 0x01, 0xFF, 0xFE, 0xCD, 0x01, 0xFF,
    0xFE, 0xCD, 0x01, 0xFF, 0xFE, 0xCD, 0x01, 0xFF, 0xFE, 0xCD, 0x01, 0xFF, 0xFE, 0xCD, 0x01, 0xFF,
    0xFE, 0xCD, 0x01, 0xFF, 0xFE, 0xCD, 0x01, 0xFF, 0xFE, 0xCD, 0x01, 0xFF, 0xFE, 0xCD, 0x01, 0xFF,
    0xFE, 0xCD, 0x01, 0xFF, 0xFE, 0xCD, 0x01, 0xFF, 0xFE, 0xCD, 0x01, 0xFF, 0xFE, 0xCD, 0x01, 0xFF,
    0xFE, 0xCD, 0x01, 0xFF, 0xFE, 0xCD, 0x01, 0xFF, 0xFE, 0xCD, 0x01, 0xFF, 0xFE, 0xCD, 0x01, 0xFF,
    0xFE, 0xCD, 0x01, 0xFF, 0xFE, 0xCD, 0x01, 0xFF, 0xFE, 0xCD, 0x01, 0xFF, 0xFE, 0xCD, 0x01, 0xFF,
    0xFE, 0xCD, 0x01, 0xFF, 0xFE, 0xCD, 0x01, 0xFF, 0xFE, 0xCD, 0x01, 0xFF, 0xFE, 0xCD, 0x01, 0xFF,
    0xFE, 0xCD, 0x01, 0xFF, 0xFE, 0xCD, 0x01, 0xFF, 0xFE, 0xCD, 0x01, 0xFF, 0xFE, 0xCD, 0x01, 0xFF,
    0xFE, 0xCD, 0x01, 0xFE, 0x00, 0x00, 0x00, 0xFF, 0x00, 0x00, 0x00, 0xFF, 0x00, 0x00, 0x00, 0xFF,
    0x00, 0x00, 0x00, 0xFF, 0x00, 0x00, 0x00, 0x00, 0x00, 0x00, 0x00, 0x00, 0x00, 0x00, 0x00, 0x00,
    0x00, 0x00, 0x00, 0x00, 0x00, 0x00, 0x00, 0x80, 0x00, 0x00, 0x00, 0xFF, 0x00, 0x00, 0x00, 0xFF,
    0x00, 0x00, 0x00, 0xFF, 0x52, 0x17, 0x0D, 0xFF, 0xF7, 0x45, 0x29, 0xFF, 0xF7, 0x45, 0x29, 0xFF,
    0xF9, 0x47, 0x28, 0xFF, 0xF9, 0x47, 0x28, 0xFF, 0xF9, 0x47, 0x28, 0xFF, 0xF9, 0x47, 0x28, 0xFF,
    0xF9, 0x47, 0x28, 0xFF, 0xF9, 0x47, 0x28, 0xFF, 0xF9, 0x47, 0x28, 0xFF, 0xF9, 0x47, 0x28, 0xFF,
    0xF9, 0x47, 0x28, 0xFF, 0xF9, 0x47, 0x28, 0xFF, 0xF9, 0x47, 0x28, 0xFF, 0xF9, 0x47, 0x28, 0xFF,
    0xF9, 0x47, 0x28, 0xFF, 0xF9, 0x47, 0x28, 0xFF, 0xF9, 0x47, 0x28, 0xFF, 0xF9, 0x47, 0x28, 0xFF,
    0xF9, 0x47, 0x28, 0xFF, 0xF9, 0x47, 0x28, 0xFF, 0xF9, 0x47, 0x28, 0xFF, 0xF9, 0x47, 0x28, 0xFF,
    0xF9, 0x47, 0x28, 0xFF, 0xF9, 0x47, 0x28, 0xFF, 0xF9, 0x47, 0x28, 0xFF, 0xF9, 0x47, 0x28, 0xFF,
    0xF9, 0x47, 0x28, 0xFF, 0xF9, 0x47, 0x28, 0xFF, 0xF9, 0x47, 0x28, 0xFF, 0xF9, 0x47, 0x28, 0xFF,
    0xF9, 0x47, 0x28, 0xFF, 0xF9, 0x47, 0x28, 0xFF, 0xF9, 0x47, 0x28, 0xFF, 0xF9, 0x47, 0x28, 0xFF,
    0xF9, 0x47, 0x28, 0xFF, 0xF9, 0x47, 0x28, 0xFF, 0xF9, 0x47, 0x28, 0xFF, 0xF9, 0x47, 0x28, 0xFF,
    0xF9, 0x47, 0x28, 0xFF, 0xF9, 0x47, 0x28, 0xFF, 0xF9, 0x47, 0x28, 0xFF, 0xF9, 0x47, 0x28, 0xFF,
    0xF9, 0x47, 0x28, 0xFF, 0xF9, 0x47, 0x28, 0xFF, 0xF9, 0x47, 0x28, 0xFF, 0xF9, 0x47, 0x28, 0xFF,
    0xF9, 0x47, 0x28, 0xFF, 0xF9, 0x47, 0x28, 0xFF, 0xF9, 0x47, 0x28, 0xFF, 0xF9, 0x47, 0x28, 0xFF,
    0xF7, 0x45, 0x29, 0xFF, 0xF7, 0x45, 0x29, 0xFF, 0xF7, 0x45, 0x29, 0xFF, 0x00, 0x00, 0x00, 0xFF,
    0x00, 0x00, 0x00, 0xFF, 0x00, 0x00, 0x00, 0xFF, 0xB5, 0x9A, 0x27, 0xFF, 0xFE, 0xCD, 0x01, 0xFF,
    0xFE, 0xCD, 0x01, 0xFF, 0xFE, 0xCD, 0x01, 0xFF, 0xFE, 0xCD, 0x01, 0xFE, 0xFE, 0xCD, 0x01, 0xFE,
    0xFE, 0xCD, 0x01, 0xFE, 0xFE, 0xCD, 0x01, 0xFE, 0xFE, 0xCD, 0x01, 0xFE, 0xFE, 0xCD, 0x01, 0xFE,
    0xFE, 0xCD, 0x01, 0xFE, 0xFE, 0xCD, 0x01, 0xFE, 0xFE, 0xCD, 0x01, 0xFE, 0xFE, 0xCD, 0x01, 0xFE,
    0xFE, 0xCD, 0x01, 0xFE, 0xFE, 0xCD, 0x01, 0xFE, 0xFE, 0xCD, 0x01, 0xFE, 0xFE, 0xCD, 0x01, 0xFE,
    0xFE, 0xCD, 0x01, 0xFE, 0xFE, 0xCD, 0x01, 0xFE, 0xFE, 0xCD, 0x01, 0xFE, 0xFE, 0xCD, 0x01, 0xFE,
    0xFE, 0xCD, 0x01, 0xFE, 0xFE, 0xCD, 0x01, 0xFE, 0xFE, 0xCD, 0x01, 0xFE, 0xFE, 0xCD, 0x01, 0xFE,
    0xFE, 0xCD, 0x01, 0xFE, 0xFE, 0xCD, 0x01, 0xFE, 0xFE, 0xCD, 0x01, 0xFE, 0xFE, 0xCD, 0x01, 0xFE,
    0xFE, 0xCD, 0x01, 0xFE, 0xFE, 0xCD, 0x01, 0xFE, 0xFE, 0xCD, 0x01, 0xFE, 0xFE, 0xCD, 0x01, 0xFE,
    0xFE, 0xCD, 0x01, 0xFE, 0xFE, 0xCD, 0x01, 0xFE, 0xFE, 0xCD, 0x01, 0xFE, 0xFE, 0xCD, 0x01, 0xFE,
    0xFE, 0xCD, 0x01, 0xFE, 0xFE, 0xCD, 0x01, 0xFE, 0xFE, 0xCD, 0x01, 0xFE, 0xFE, 0xCD, 0x01, 0xFE,
    0xFE, 0xCD, 0x01, 0xFE, 0xFE, 0xCD, 0x01, 0xFE, 0xFE, 0xCD, 0x01, 0xFE, 0xFE, 0xCD, 0x01, 0xFE,
    0xFE, 0xCD, 0x01, 0xFE, 0xFE, 0xCD, 0x01, 0xFE, 0xFE, 0xCD, 0x01, 0xFE, 0xFE, 0xCD, 0x01, 0xFE,
    0xFE, 0xCD, 0x01, 0xFE, 0xFE, 0xCD, 0x01, 0xFE, 0xFE, 0xCD, 0x01, 0xFE, 0xFE, 0xCD, 0x01, 0xFE,
    0xFE, 0xCD, 0x01, 0xFE, 0xFE, 0xCD, 0x01, 0xFE, 0xFE, 0xCD, 0x01, 0xFE, 0xFE, 0xCD, 0x01, 0xFE,
    0xFE, 0xCD, 0x01, 0xFE, 0xFE, 0xCD, 0x01, 0xFE, 0xFE, 0xCD, 0x01, 0xFE, 0xFE, 0xCD, 0x01, 0xFE,
    0xFE, 0xCD, 0x01, 0xFE, 0xFE, 0xCD, 0x01, 0xFE, 0xFE, 0xCD, 0x01, 0xFE, 0xFE, 0xCD, 0x01, 0xFE,
    0xFE, 0xCD, 0x01, 0xFE, 0xFE, 0xCD, 0x01, 0xFE, 0xFE, 0xCD, 0x01, 0xFE, 0xFE, 0xCD, 0x01, 0xFE,
    0xFE, 0xCD, 0x01, 0xFE, 0xFE, 0xCD, 0x01, 0xFE, 0xFE, 0xCD, 0x01, 0xFE, 0xFE, 0xCD, 0x01, 0xFE,
    0xFE, 0xCD, 0x01, 0xFE, 0xFE, 0xCD, 0x01, 0xFE, 0xFE, 0xCD, 0x01, 0xFE, 0xFE, 0xCD, 0x01, 0xFE,
    0xFE, 0xCD, 0x01, 0xFE, 0xFE, 0xCD, 0x01, 0xFE, 0xFE, 0xCD, 0x01, 0xFE, 0xFE, 0xCD, 0x01, 0xFE,
    0xFE, 0xCD, 0x01, 0xFE, 0xFE, 0xCD, 0x01, 0xFE, 0xFE, 0xCD, 0x01, 0xFE, 0xFE, 0xCD, 0x01, 0xFE,
    0xFE, 0xCD, 0x01, 0xFE, 0xFE, 0xCD, 0x01, 0xFE, 0xFE, 0xCD, 0x01, 0xFE, 0xFE, 0xCD, 0x01, 0xFE,
    0xFE, 0xCD, 0x01, 0xFE, 0xFE, 0xCD, 0x01, 0xFE, 0xFE, 0xCD, 0x01, 0xFE, 0xFE, 0xCD, 0x01, 0xFE,
    0xFE, 0xCD, 0x01, 0xFE, 0xFE, 0xCD, 0x01, 0xFE, 0xFE, 0xCD, 0x01, 0xFE, 0xFE, 0xCD, 0x01, 0xFE,
    0xFE, 0xCD, 0x01, 0xFE, 0xFE, 0xCD, 0x01, 0xFE, 0xFE, 0xCD, 0x01, 0xFE, 0xFE, 0xCD, 0x01, 0xFE,
    0xFE, 0xCD, 0x01, 0xFE, 0xFE, 0xCD, 0x01, 0xFE, 0xFE, 0xCD, 0x01, 0xFE, 0xFE, 0xCD, 0x01, 0xFE,
    0xFE, 0xCD, 0x01, 0xFE, 0xFE, 0xCD, 0x01, 0xFE, 0xFE, 0xCD, 0x01, 0xFE, 0xFE, 0xCD, 0x01, 0xFE,
    0xFE, 0xCD, 0x01, 0xFE, 0xFE, 0xCD, 0x01, 0xFE, 0xFE, 0xCD, 0x01, 0xFE, 0xFE, 0xCD, 0x01, 0xFE,
    0xFE, 0xCD, 0x01, 0xFE, 0xFE, 0xCD, 0x01, 0xFE, 0xFE, 0xCD, 0x01, 0xFE, 0xFE, 0xCD, 0x01, 0xFE,
    0xFE, 0xCD, 0x01, 0xFE, 0xFE, 0xCD, 0x01, 0xFE, 0xFE, 0xCD, 0x01, 0xFE, 0xFE, 0xCD, 0x01, 0xFE,
    0xFE, 0xCD, 0x01, 0xFE, 0xFE, 0xCD, 0x01, 0xFE, 0xFE, 0xCD, 0x01, 0xFE, 0xFE, 0xCD, 0x01, 0xFE,
    0xFE, 0xCD, 0x01, 0xFE, 0xFE, 0xCD, 0x01, 0xFE, 0xFE, 0xCD, 0x01, 0xFE, 0xFE, 0xCD, 0x01, 0xFE,
    0xFE, 0xCD, 0x01, 0xFE, 0xFE, 0xCD, 0x01, 0xFE, 0xFE, 0xCD, 0x01, 0xFE, 0xFE, 0xCD, 0x01, 0xFE,
    0xFE, 0xCD, 0x01, 0xFE, 0xFE, 0xCD, 0x01, 0xFE, 0xFE, 0xCD, 0x01, 0xFE, 0xFE, 0xCD, 0x01, 0xFE,
    0xFE, 0xCD, 0x01, 0xFE, 0xFE, 0xCD, 0x01, 0xFE, 0xFE, 0xCD, 0x01, 0xFE, 0xFE, 0xCD, 0x01, 0xFE,
    0xFE, 0xCD, 0x01, 0xFE, 0xFE, 0xCD, 0x01, 0xFE, 0xFE, 0xCD, 0x01, 0xFE, 0xFE, 0xCD, 0x01, 0xFE,
    0xFE, 0xCD, 0x01, 0xFE, 0xFE, 0xCD, 0x01, 0xFE, 0xFE, 0xCD, 0x01, 0xFE, 0xFE, 0xCD, 0x01, 0xFE,
    0xFE, 0xCD, 0x01, 0xFF, 0xFE, 0xCD, 0x01, 0xFF, 0xFE, 0xCD, 0x01, 0xFF, 0xFE, 0xCD, 0x01, 0xFF,
    0xFE, 0xCD, 0x01, 0xFF, 0xFE, 0xCD, 0x01, 0xFF, 0xFE, 0xCD, 0x01, 0xFF, 0xFE, 0xCD, 0x01, 0xFF,
    0xFE, 0xCD, 0x01, 0xFF, 0xFE, 0xCD, 0x01, 0xFF, 0xFE, 0xCD, 0x01, 0xFF, 0xFE, 0xCD, 0x01, 0xFF,
    0xFE, 0xCD, 0x01, 0xFF, 0xFE, 0xCD, 0x01, 0xFF, 0xFE, 0xCD, 0x01, 0xFF, 0xFE, 0xCD, 0x01, 0xFF,
    0xFE, 0xCD, 0x01, 0xFF, 0xFE, 0xCD, 0x01, 0xFF, 0xFE, 0xCD, 0x01, 0xFF, 0xFE, 0xCD, 0x01, 0xFF,
    0xFE, 0xCD, 0x01, 0xFF, 0xFE, 0xCD, 0x01, 0xFF, 0xFE, 0xCD, 0x01, 0xFF, 0xFE, 0xCD, 0x01, 0xFF,
    0xFE, 0xCD, 0x01, 0xFF, 0xFE, 0xCD, 0x01, 0xFF, 0xFE, 0xCD, 0x01, 0xFF, 0xFE, 0xCD, 0x01, 0xFF,
    0xFE, 0xCD, 0x01, 0xFF, 0xFE, 0xCD, 0x01, 0xFF, 0xFE, 0xCD, 0x01, 0xFF, 0xFE, 0xCD, 0x01, 0xFF,
    0xFE, 0xCD, 0x01, 0xFF, 0xFE, 0xCD, 0x01, 0xFF, 0xFE, 0xCD, 0x01, 0xFF, 0xFE, 0xCD, 0x01, 0xFF,
    0xFE, 0xCD, 0x01, 0xFF, 0xFE, 0xCD, 0x01, 0xFF, 0xFE, 0xCD, 0x01, 0xFF, 0xFE, 0xCD, 0x01, 0xFF,
    0xFE, 0xCD, 0x01, 0xFF, 0xFE, 0xCD, 0x01, 0xFF, 0xFE, 0xCD, 0x01, 0xFF, 0xFE, 0xCD, 0x01, 0xFF,
    0xFE, 0xCD, 0x01, 0xFF, 0xFE, 0xCD, 0x01, 0xFF, 0xFE, 0xCD, 0x01, 0xFF, 0xFE, 0xCD, 0x01, 0xFF,
    0xFE, 0xCD, 0x01, 0xFF, 0xFE, 0xCD, 0x01, 0xFF, 0xFE, 0xCD, 0x01, 0xFF, 0xFE, 0xCD, 0x01, 0xFF,
    0xFE, 0xCD, 0x01, 0xFE, 0x00, 0x00, 0x00, 0xFF, 0x00, 0x00, 0x00, 0xFF, 0x00, 0x00, 0x00, 0xFF,
    0x00, 0x00, 0x00, 0xFF, 0x00, 0x00, 0x00, 0x00, 0x00, 0x00, 0x00, 0x00, 0x00, 0x00, 0x00, 0x00,
    0x00, 0x00, 0x00, 0x00, 0x00, 0x00, 0x00, 0x80, 0x00, 0x00, 0x00, 0xFF, 0x00, 0x00, 0x00, 0xFF,
    0x00, 0x00, 0x00, 0xFF, 0x00, 0x00, 0x00, 0xFF, 0xF7, 0x45, 0x29, 0xFF, 0xF7, 0x45, 0x29, 0xFF,
    0xF9, 0x47, 0x28, 0xFF, 0xF9, 0x47, 0x28, 0xFF, 0xF9, 0x47, 0x28, 0xFF, 0xF9, 0x47, 0x28, 0xFF,
    0xF9, 0x47, 0x28, 0xFF, 0xF9, 0x47, 0x28, 0xFF, 0xF9, 0x47, 0x28, 0xFF, 0xF9, 0x47, 0x28, 0xFF,
    0xF9, 0x47, 0x28, 0xFF, 0xF9, 0x47, 0x28, 0xFF, 0xF9, 0x47, 0x28, 0xFF, 0xF9, 0x47, 0x28, 0xFF,
    0xF9, 0x47, 0x28, 0xFF, 0xF9, 0x47, 0x28, 0xFF, 0xF9, 0x47, 0x28, 0xFF, 0xF9, 0x47, 0x28, 0xFF,
    0xF9, 0x47, 0x28, 0xFF, 0xF9, 0x47, 0x28, 0xFF, 0xF9, 0x47, 0x28, 0xFF, 0xF9, 0x47, 0x28, 0xFF,
    0xF9, 0x47, 0x28, 0xFF, 0xF9, 0x47, 0x28, 0xFF, 0xF9, 0x47, 0x28, 0xFF, 0xF9, 0x47, 0x28, 0xFF,
    0xF9, 0x47, 0x28, 0xFF, 0xF9, 0x47, 0x28, 0xFF, 0xF9, 0x47, 0x28, 0xFF, 0xF9, 0x47, 0x28, 0xFF,
    0xF9, 0x47, 0x28, 0xFF, 0xF9, 0x47, 0x28, 0xFF, 0xF9, 0x47, 0x28, 0xFF, 0xF9, 0x47, 0x28, 0xFF,
    0xF9, 0x47, 0x28, 0xFF, 0xF9, 0x47, 0x28, 0xFF, 0xF9, 0x47, 0x28, 0xFF, 0xF9, 0x47, 0x28, 0xFF,
    0xF9, 0x47, 0x28, 0xFF, 0xF9, 0x47, 0x28, 0xFF, 0xF9, 0x47, 0x28, 0xFF, 0xF9, 0x47, 0x28, 0xFF,
    0xF9, 0x47, 0x28, 0xFF, 0xF9, 0x47, 0x28, 0xFF, 0xF9, 0x47, 0x28, 0xFF, 0xF9, 0x47, 0x28, 0xFF,
    0xF9, 0x47, 0x28, 0xFF, 0xF9, 0x47, 0x28, 0xFF, 0xF9, 0x47, 0x28, 0xFF, 0xF9, 0x47, 0x28, 0xFF,
    0xF7, 0x45, 0x29, 0xFF, 0xF7, 0x45, 0x29, 0xFF, 0xF7, 0x45, 0x29, 0xFF, 0x00, 0x00, 0x00, 0xFF,
    0x00, 0x00, 0x00, 0xFF, 0x00, 0x00, 0x00, 0xFF, 0xC6, 0xAA, 0x37, 0xFF, 0xFE, 0xCD, 0x01, 0xFF,
    0xFE, 0xCD, 0x01, 0xFF, 0xFE, 0xCD, 0x01, 0xFF, 0xFE, 0xCD, 0x01, 0xFE, 0xFE, 0xCD, 0x01, 0xFE,
    0xFE, 0xCD, 0x01, 0xFE, 0xFE, 0xCD, 0x01, 0xFE, 0xFE, 0xCD, 0x01, 0xFE, 0xFE, 0xCD, 0x01, 0xFE,
    0xFE, 0xCD, 0x01, 0xFE, 0xFE, 0xCD, 0x01, 0xFE, 0xFE, 0xCD, 0x01, 0xFE, 0xFE, 0xCD, 0x01, 0xFE,
    0xFE, 0xCD, 0x01, 0xFE, 0xFE, 0xCD, 0x01, 0xFE, 0xFE, 0xCD, 0x01, 0xFE, 0xFE, 0xCD, 0x01, 0xFE,
    0xFE, 0xCD, 0x01, 0xFE, 0xFE, 0xCD, 0x01, 0xFE, 0xFE, 0xCD, 0x01, 0xFE, 0xFE, 0xCD, 0x01, 0xFE,
    0xFE, 0xCD, 0x01, 0xFE, 0xFE, 0xCD, 0x01, 0xFE, 0xFE, 0xCD, 0x01, 0xFE, 0xFE, 0xCD, 0x01, 0xFE,
    0xFE, 0xCD, 0x01, 0xFE, 0xFE, 0xCD, 0x01, 0xFE, 0xFE, 0xCD, 0x01, 0xFE, 0xFE, 0xCD, 0x01, 0xFE,
    0xFE, 0xCD, 0x01, 0xFE, 0xFE, 0xCD, 0x01, 0xFE, 0xFE, 0xCD, 0x01, 0xFE, 0xFE, 0xCD, 0x01, 0xFE,
    0xFE, 0xCD, 0x01, 0xFE, 0xFE, 0xCD, 0x01, 0xFE, 0xFE, 0xCD, 0x01, 0xFE, 0xFE, 0xCD, 0x01, 0xFE,
    0xFE, 0xCD, 0x01, 0xFE, 0xFE, 0xCD, 0x01, 0xFE, 0xFE, 0xCD, 0x01, 0xFE, 0xFE, 0xCD, 0x01, 0xFE,
    0xFE, 0xCD, 0x01, 0xFE, 0xFE, 0xCD, 0x01, 0xFE, 0xFE, 0xCD, 0x01, 0xFE, 0xFE, 0xCD, 0x01, 0xFE,
    0xFE, 0xCD, 0x01, 0xFE, 0xFE, 0xCD, 0x01, 0xFE, 0xFE, 0xCD, 0x01, 0xFE, 0xFE, 0xCD, 0x01, 0xFE,
    0xFE, 0xCD, 0x01, 0xFE, 0xFE, 0xCD, 0x01, 0xFE, 0xFE, 0xCD, 0x01, 0xFE, 0xFE, 0xCD, 0x01, 0xFE,
    0xFE, 0xCD, 0x01, 0xFE, 0xFE, 0xCD, 0x01, 0xFE, 0xFE, 0xCD, 0x01, 0xFE, 0xFE, 0xCD, 0x01, 0xFE,
    0xFE, 0xCD, 0x01, 0xFE, 0xFE, 0xCD, 0x01, 0xFE, 0xFE, 0xCD, 0x01, 0xFE, 0xFE, 0xCD, 0x01, 0xFE,
    0xFE, 0xCD, 0x01, 0xFE, 0xFE, 0xCD, 0x01, 0xFE, 0xFE, 0xCD, 0x01, 0xFE, 0xFE, 0xCD, 0x01, 0xFE,
    0xFE, 0xCD, 0x01, 0xFE, 0xFE, 0xCD, 0x01, 0xFE, 0xFE, 0xCD, 0x01, 0xFE, 0xFE, 0xCD, 0x01, 0xFE,
    0xFE, 0xCD, 0x01, 0xFE, 0xFE, 0xCD, 0x01, 0xFE, 0xFE, 0xCD, 0x01, 0xFE, 0xFE, 0xCD, 0x01, 0xFE,
    0xFE, 0xCD, 0x01, 0xFE, 0xFE, 0xCD, 0x01, 0xFE, 0xFE, 0xCD, 0x01, 0xFE, 0xFE, 0xCD, 0x01, 0xFE,
    0xFE, 0xCD, 0x01, 0xFE, 0xFE, 0xCD, 0x01, 0xFE, 0xFE, 0xCD, 0x01, 0xFE, 0xFE, 0xCD, 0x01, 0xFE,
    0xFE, 0xCD, 0x01, 0xFE, 0xFE, 0xCD, 0x01, 0xFE, 0xFE, 0xCD, 0x01, 0xFE, 0xFE, 0xCD, 0x01, 0xFE,
    0xFE, 0xCD, 0x01, 0xFE, 0xFE, 0xCD, 0x01, 0xFE, 0xFE, 0xCD, 0x01, 0xFE, 0xFE, 0xCD, 0x01, 0xFE,
    0xFE, 0xCD, 0x01, 0xFE, 0xFE, 0xCD, 0x01, 0xFE, 0xFE, 0xCD, 0x01, 0xFE, 0xFE, 0xCD, 0x01, 0xFE,
    0xFE, 0xCD, 0x01, 0xFE, 0xFE, 0xCD, 0x01, 0xFE, 0xFE, 0xCD, 0x01, 0xFE, 0xFE, 0xCD, 0x01, 0xFE,
    0xFE, 0xCD, 0x01, 0xFE, 0xFE, 0xCD, 0x01, 0xFE, 0xFE, 0xCD, 0x01, 0xFE, 0xFE, 0xCD, 0x01, 0xFE,
    0xFE, 0xCD, 0x01, 0xFE, 0xFE, 0xCD, 0x01, 0xFE, 0xFE, 0xCD, 0x01, 0xFE, 0xFE, 0xCD, 0x01, 0xFE,
    0xFE, 0xCD, 0x01, 0xFE, 0xFE, 0xCD, 0x01, 0xFE, 0xFE, 0xCD, 0x01, 0xFE, 0xFE, 0xCD, 0x01, 0xFE,
    0xFE, 0xCD, 0x01, 0xFE, 0xFE, 0xCD, 0x01, 0xFE, 0xFE, 0xCD, 0x01, 0xFE, 0xFE, 0xCD, 0x01, 0xFE,
    0xFE, 0xCD, 0x01, 0xFE, 0xFE, 0xCD, 0x01, 0xFE, 0xFE, 0xCD, 0x01, 0xFE, 0xFE, 0xCD, 0x01, 0xFE,
    0xFE, 0xCD, 0x01, 0xFE, 0xFE, 0xCD, 0x01, 0xFE, 0xFE, 0xCD, 0x01, 0xFE, 0xFE, 0xCD, 0x01, 0xFE,
    0xFE, 0xCD, 0x01, 0xFE, 0xFE, 0xCD, 0x01, 0xFE, 0xFE, 0xCD, 0x01, 0xFE, 0xFE, 0xCD, 0x01, 0xFE,
    0xFE, 0xCD, 0x01, 0xFE, 0xFE, 0xCD, 0x01, 0xFE, 0xFE, 0xCD, 0x01, 0xFE, 0xFE, 0xCD, 0x01, 0xFE,
    0xFE, 0xCD, 0x01, 0xFE, 0xFE, 0xCD, 0x01, 0xFE, 0xFE, 0xCD, 0x01, 0xFE, 0xFE, 0xCD, 0x01, 0xFE,
    0xFE, 0xCD, 0x01, 0xFE, 0xFE, 0xCD, 0x01, 0xFE, 0xFE, 0xCD, 0x01, 0xFE, 0xFE, 0xCD, 0x01, 0xFE,
    0xFE, 0xCD, 0x01, 0xFE, 0xFE, 0xCD, 0x01, 0xFE, 0xFE, 0xCD, 0x01, 0xFE, 0xFE, 0xCD, 0x01, 0xFE,
    0xFE, 0xCD, 0x01, 0xFE, 0xFE, 0xCD, 0x01, 0xFE, 0xFE, 0xCD, 0x01, 0xFE, 0xFE, 0xCD, 0x01, 0xFE,
    0xFE, 0xCD, 0x01, 0xFE, 0xFE, 0xCD, 0x01, 0xFE, 0xFE, 0xCD, 0x01, 0xFE, 0xFE, 0xCD, 0x01, 0xFE,
    0xFE, 0xCD, 0x01, 0xFF, 0xFE, 0xCD, 0x01, 0xFF, 0xFE, 0xCD, 0x01, 0xFF, 0xFE, 0xCD, 0x01, 0xFF,
    0xFE, 0xCD, 0x01, 0xFF, 0xFE, 0xCD, 0x01, 0xFF, 0xFE, 0xCD, 0x01, 0xFF, 0xFE, 0xCD, 0x01, 0xFF,
    0xFE, 0xCD, 0x01, 0xFF, 0xFE, 0xCD, 0x01, 0xFF, 0xFE, 0xCD, 0x01, 0xFF, 0xFE, 0xCD, 0x01, 0xFF,
    0xFE, 0xCD, 0x01, 0xFF, 0xFE, 0xCD, 0x01, 0xFF, 0xFE, 0xCD, 0x01, 0xFF, 0xFE, 0xCD, 0x01, 0xFF,
    0xFE, 0xCD, 0x01, 0xFF, 0xFE, 0xCD, 0x01, 0xFF, 0xFE, 0xCD, 0x01, 0xFF, 0xFE, 0xCD, 0x01, 0xFF,
    0xFE, 0xCD, 0x01, 0xFF, 0xFE, 0xCD, 0x01, 0xFF, 0xFE, 0xCD, 0x01, 0xFF, 0xFE, 0xCD, 0x01, 0xFF,
    0xFE, 0xCD, 0x01, 0xFF, 0xFE, 0xCD, 0x01, 0xFF, 0xFE, 0xCD, 0x01, 0xFF, 0xFE, 0xCD, 0x01, 0xFF,
    0xFE, 0xCD, 0x01, 0xFF, 0xFE, 0xCD, 0x01, 0xFF, 0xFE, 0xCD, 0x01, 0xFF, 0xFE, 0xCD, 0x01, 0xFF,
    0xFE, 0xCD, 0x01, 0xFF, 0xFE, 0xCD, 0x01, 0xFF, 0xFE, 0xCD, 0x01, 0xFF, 0xFE, 0xCD, 0x01, 0xFF,
    0xFE, 0xCD, 0x01, 0xFF, 0xFE, 0xCD, 0x01, 0xFF, 0xFE, 0xCD, 0x01, 0xFF, 0xFE, 0xCD, 0x01, 0xFF,
    0xFE, 0xCD, 0x01, 0xFF, 0xFE, 0xCD, 0x01, 0xFF, 0xFE, 0xCD, 0x01, 0xFF, 0xFE, 0xCD, 0x01, 0xFF,
    0xFE, 0xCD, 0x01, 0xFF, 0xFE, 0xCD, 0x01, 0xFF, 0xFE, 0xCD, 0x01, 0xFF, 0xFE, 0xCD, 0x01, 0xFF,
    0xFE, 0xCD, 0x01, 0xFF, 0xFE, 0xCD, 0x01, 0xFF, 0xFE, 0xCD, 0x01, 0xFF, 0xFE, 0xCD, 0x01, 0xFF,
    0xFE, 0xCD, 0x01, 0xFE, 0x00, 0x00, 0x00, 0xFF, 0x00, 0x00, 0x00, 0xFF, 0x00, 0x00, 0x00, 0xFF,
    0x00, 0x00, 0x00, 0xFF, 0x00, 0x00, 0x00, 0x00, 0x00, 0x00, 0x00, 0x00, 0x00, 0x00, 0x00, 0x00,
    0x00, 0x00, 0x00, 0x00, 0x00, 0x00, 0x00, 0x50, 0x00, 0x00, 0x00, 0xFF, 0x00, 0x00, 0x00, 0xFF,
    0x00, 0x00, 0x00, 0xFF, 0x00, 0x00, 0x00, 0xFF, 0xF7, 0x45, 0x29, 0xFF, 0xF7, 0x45, 0x29, 0xFF,
    0xF9, 0x47, 0x28, 0xFF, 0xF9, 0x47, 0x28, 0xFF, 0xF9, 0x47, 0x28, 0xFF, 0xF9, 0x47, 0x28, 0xFF,
    0xF9, 0x47, 0x28, 0xFF, 0xF9, 0x47, 0x28, 0xFF, 0xF9, 0x47, 0x28, 0xFF, 0xF9, 0x47, 0x28, 0xFF,
    0xF9, 0x47, 0x28, 0xFF, 0xF9, 0x47, 0x28, 0xFF, 0xF9, 0x47, 0x28, 0xFF, 0xF9, 0x47, 0x28, 0xFF,
    0xF9, 0x47, 0x28, 0xFF, 0xF9, 0x47, 0x28, 0xFF, 0xF9, 0x47, 0x28, 0xFF, 0xF9, 0x47, 0x28, 0xFF,
    0xF9, 0x47, 0x28, 0xFF, 0xF9, 0x47, 0x28, 0xFF, 0xF9, 0x47, 0x28, 0xFF, 0xF9, 0x47, 0x28, 0xFF,
    0xF9, 0x47, 0x28, 0xFF, 0xF9, 0x47, 0x28, 0xFF, 0xF9, 0x47, 0x28, 0xFF, 0xF9, 0x47, 0x28, 0xFF,
    0xF9, 0x47, 0x28, 0xFF, 0xF9, 0x47, 0x28, 0xFF, 0xF9, 0x47, 0x28, 0xFF, 0xF9, 0x47, 0x28, 0xFF,
    0xF9, 0x47, 0x28, 0xFF, 0xF9, 0x47, 0x28, 0xFF, 0xF9, 0x47, 0x28, 0xFF, 0xF9, 0x47, 0x28, 0xFF,
    0xF9, 0x47, 0x28, 0xFF, 0xF9, 0x47, 0x28, 0xFF, 0xF9, 0x47, 0x28, 0xFF, 0xF9, 0x47, 0x28, 0xFF,
    0xF9, 0x47, 0x28, 0xFF, 0xF9, 0x47, 0x28, 0xFF, 0xF9, 0x47, 0x28, 0xFF, 0xF9, 0x47, 0x28, 0xFF,
    0xF9, 0x47, 0x28, 0xFF, 0xF9, 0x47, 0x28, 0xFF, 0xF9, 0x47, 0x28, 0xFF, 0xF9, 0x47, 0x28, 0xFF,
    0xF9, 0x47, 0x28, 0xFF, 0xF9, 0x47, 0x28, 0xFF, 0xF9, 0x47, 0x28, 0xFF, 0xF9, 0x47, 0x28, 0xFF,
    0xF7, 0x45, 0x29, 0xFF, 0xF7, 0x45, 0x29, 0xFF, 0xF7, 0x45, 0x29, 0xFF, 0x00, 0x00, 0x00, 0xFF,
    0x00, 0x00, 0x00, 0xFF, 0x00, 0x00, 0x00, 0xFF, 0xCD, 0xAF, 0x30, 0xFF, 0xFE, 0xCD, 0x01, 0xFF,
    0xFE, 0xCD, 0x01, 0xFF, 0xFE, 0xCD, 0x01, 0xFF, 0xFE, 0xCD, 0x01, 0xFE, 0xFE, 0xCD, 0x01, 0xFE,
    0xFE, 0xCD, 0x01, 0xFE, 0xFE, 0xCD, 0x01, 0xFE, 0xFE, 0xCD, 0x01, 0xFE, 0xFE, 0xCD, 0x01, 0xFE,
    0xFE, 0xCD, 0x01, 0xFE, 0xFE, 0xCD, 0x01, 0xFE, 0xFE, 0xCD, 0x01, 0xFE, 0xFE, 0xCD, 0x01, 0xFE,
    0xFE, 0xCD, 0x01, 0xFE, 0xFE, 0xCD, 0x01, 0xFE, 0xFE, 0xCD, 0x01, 0xFE, 0xFE, 0xCD, 0x01, 0xFE,
    0xFE, 0xCD, 0x01, 0xFE, 0xFE, 0xCD, 0x01, 0xFE, 0xFE, 0xCD, 0x01, 0xFE, 0xFE, 0xCD, 0x01, 0xFE,
    0xFE, 0xCD, 0x01, 0xFE, 0xFE, 0xCD, 0x01, 0xFE, 0xFE, 0xCD, 0x01, 0xFE, 0xFE, 0xCD, 0x01, 0xFE,
    0xFE, 0xCD, 0x01, 0xFE, 0xFE, 0xCD, 0x01, 0xFE, 0xFE, 0xCD, 0x01, 0xFE, 0xFE, 0xCD, 0x01, 0xFE,
    0xFE, 0xCD, 0x01, 0xFE, 0xFE, 0xCD, 0x01, 0xFE, 0xFE, 0xCD, 0x01, 0xFE, 0xFE, 0xCD, 0x01, 0xFE,
    0xFE, 0xCD, 0x01, 0xFE, 0xFE, 0xCD, 0x01, 0xFE, 0xFE, 0xCD, 0x01, 0xFE, 0xFE, 0xCD, 0x01, 0xFE,
    0xFE, 0xCD, 0x01, 0xFE, 0xFE, 0xCD, 0x01, 0xFE, 0xFE, 0xCD, 0x01, 0xFE, 0xFE, 0xCD, 0x01, 0xFE,
    0xFE, 0xCD, 0x01, 0xFE, 0xFE, 0xCD, 0x01, 0xFE, 0xFE, 0xCD, 0x01, 0xFE, 0xFE, 0xCD, 0x01, 0xFE,
    0xFE, 0xCD, 0x01, 0xFE, 0xFE, 0xCD, 0x01, 0xFE, 0xFE, 0xCD, 0x01, 0xFE, 0xFE, 0xCD, 0x01, 0xFE,
    0xFE, 0xCD, 0x01, 0xFE, 0xFE, 0xCD, 0x01, 0xFE, 0xFE, 0xCD, 0x01, 0xFE, 0xFE, 0xCD, 0x01, 0xFE,
    0xFE, 0xCD, 0x01, 0xFE, 0xFE, 0xCD, 0x01, 0xFE, 0xFE, 0xCD, 0x01, 0xFE, 0xFE, 0xCD, 0x01, 0xFE,
    0xFE, 0xCD, 0x01, 0xFE, 0xFE, 0xCD, 0x01, 0xFE, 0xFE, 0xCD, 0x01, 0xFE, 0xFE, 0xCD, 0x01, 0xFE,
    0xFE, 0xCD, 0x01, 0xFE, 0xFE, 0xCD, 0x01, 0xFE, 0xFE, 0xCD, 0x01, 0xFE, 0xFE, 0xCD, 0x01, 0xFE,
    0xFE, 0xCD, 0x01, 0xFE, 0xFE, 0xCD, 0x01, 0xFE, 0xFE, 0xCD, 0x01, 0xFE, 0xFE, 0xCD, 0x01, 0xFE,
    0xFE, 0xCD, 0x01, 0xFE, 0xFE, 0xCD, 0x01, 0xFE, 0xFE, 0xCD, 0x01, 0xFE, 0xFE, 0xCD, 0x01, 0xFE,
    0xFE, 0xCD, 0x01, 0xFE, 0xFE, 0xCD, 0x01, 0xFE, 0xFE, 0xCD, 0x01, 0xFE, 0xFE, 0xCD, 0x01, 0xFE,
    0xFE, 0xCD, 0x01, 0xFE, 0xFE, 0xCD, 0x01, 0xFE, 0xFE, 0xCD, 0x01, 0xFE, 0xFE, 0xCD, 0x01, 0xFE,
    0xFE, 0xCD, 0x01, 0xFE, 0xFE, 0xCD, 0x01, 0xFE, 0xFE, 0xCD, 0x01, 0xFE, 0xFE, 0xCD, 0x01, 0xFE,
    0xFE, 0xCD, 0x01, 0xFE, 0xFE, 0xCD, 0x01, 0xFE, 0xFE, 0xCD, 0x01, 0xFE, 0xFE, 0xCD, 0x01, 0xFE,
    0xFE, 0xCD, 0x01, 0xFE, 0xFE, 0xCD, 0x01, 0xFE, 0xFE, 0xCD, 0x01, 0xFE, 0xFE, 0xCD, 0x01, 0xFE,
    0xFE, 0xCD, 0x01, 0xFE, 0xFE, 0xCD, 0x01, 0xFE, 0xFE, 0xCD, 0x01, 0xFE, 0xFE, 0xCD, 0x01, 0xFE,
    0xFE, 0xCD, 0x01, 0xFE, 0xFE, 0xCD, 0x01, 0xFE, 0xFE, 0xCD, 0x01, 0xFE, 0xFE, 0xCD, 0x01, 0xFE,
    0xFE, 0xCD, 0x01, 0xFE, 0xFE, 0xCD, 0x01, 0xFE, 0xFE, 0xCD, 0x01, 0xFE, 0xFE, 0xCD, 0x01, 0xFE,
    0xFE, 0xCD, 0x01, 0xFE, 0xFE, 0xCD, 0x01, 0xFE, 0xFE, 0xCD, 0x01, 0xFE, 0xFE, 0xCD, 0x01, 0xFE,
    0xFE, 0xCD, 0x01, 0xFE, 0xFE, 0xCD, 0x01, 0xFE, 0xFE, 0xCD, 0x01, 0xFE, 0xFE, 0xCD, 0x01, 0xFE,
    0xFE, 0xCD, 0x01, 0xFE, 0xFE, 0xCD, 0x01, 0xFE, 0xFE, 0xCD, 0x01, 0xFE, 0xFE, 0xCD, 0x01, 0xFE,
    0xFE, 0xCD, 0x01, 0xFE, 0xFE, 0xCD, 0x01, 0xFE, 0xFE, 0xCD, 0x01, 0xFE, 0xFE, 0xCD, 0x01, 0xFE,
    0xFE, 0xCD, 0x01, 0xFE, 0xFE, 0xCD, 0x01, 0xFE, 0xFE, 0xCD, 0x01, 0xFE, 0xFE, 0xCD, 0x01, 0xFE,
    0xFE, 0xCD, 0x01, 0xFE, 0xFE, 0xCD, 0x01, 0xFE, 0xFE, 0xCD, 0x01, 0xFE, 0xFE, 0xCD, 0x01, 0xFE,
    0xFE, 0xCD, 0x01, 0xFE, 0xFE, 0xCD, 0x01, 0xFE, 0xFE, 0xCD, 0x01, 0xFE, 0xFE, 0xCD, 0x01, 0xFE,
    0xFE, 0xCD, 0x01, 0xFE, 0xFE, 0xCD, 0x01, 0xFE, 0xFE, 0xCD, 0x01, 0xFE, 0xFE, 0xCD, 0x01, 0xFE,
    0xFE, 0xCD, 0x01, 0xFE, 0xFE, 0xCD, 0x01, 0xFE, 0xFE, 0xCD, 0x01, 0xFE, 0xFE, 0xCD, 0x01, 0xFE,
    0xFE, 0xCD, 0x01, 0xFE, 0xFE, 0xCD, 0x01, 0xFE, 0xFE, 0xCD, 0x01, 0xFE, 0xFE, 0xCD, 0x01, 0xFE,
    0xFE, 0xCD, 0x01, 0xFE, 0xFE, 0xCD, 0x01, 0xFE, 0xFE, 0xCD, 0x01, 0xFE, 0xFE, 0xCD, 0x01, 0xFE,
    0xFE, 0xCD, 0x01, 0xFF, 0xFE, 0xCD, 0x01, 0xFF, 0xFE, 0xCD, 0x01, 0xFF, 0xFE, 0xCD, 0x01, 0xFF,
    0xFE, 0xCD, 0x01, 0xFF, 0xFE, 0xCD, 0x01, 0xFF, 0xFE, 0xCD, 0x01, 0xFF, 0xFE, 0xCD, 0x01, 0xFF,
    0xFE, 0xCD, 0x01, 0xFF, 0xFE, 0xCD, 0x01, 0xFF, 0xFE, 0xCD, 0x01, 0xFF, 0xFE, 0xCD, 0x01, 0xFF,
    0xFE, 0xCD, 0x01, 0xFF, 0xFE, 0xCD, 0x01, 0xFF, 0xFE, 0xCD, 0x01, 0xFF, 0xFE, 0xCD, 0x01, 0xFF,
    0xFE, 0xCD, 0x01, 0xFF, 0xFE, 0xCD, 0x01, 0xFF, 0xFE, 0xCD, 0x01, 0xFF, 0xFE, 0xCD, 0x01, 0xFF,
    0xFE, 0xCD, 0x01, 0xFF, 0xFE, 0xCD, 0x01, 0xFF, 0xFE, 0xCD, 0x01, 0xFF, 0xFE, 0xCD, 0x01, 0xFF,
    0xFE, 0xCD, 0x01, 0xFF, 0xFE, 0xCD, 0x01, 0xFF, 0xFE, 0xCD, 0x01, 0xFF, 0xFE, 0xCD, 0x01, 0xFF,
    0xFE, 0xCD, 0x01, 0xFF, 0xFE, 0xCD, 0x01, 0xFF, 0xFE, 0xCD, 0x01, 0xFF, 0xFE, 0xCD, 0x01, 0xFF,
    0xFE, 0xCD, 0x01, 0xFF, 0xFE, 0xCD, 0x01, 0xFF, 0xFE, 0xCD, 0x01, 0xFF, 0xFE, 0xCD, 0x01, 0xFF,
    0xFE, 0xCD, 0x01, 0xFF, 0xFE, 0xCD, 0x01, 0xFF, 0xFE, 0xCD, 0x01, 0xFF, 0xFE, 0xCD, 0x01, 0xFF,
    0xFE, 0xCD, 0x01, 0xFF, 0xFE, 0xCD, 0x01, 0xFF, 0xFE, 0xCD, 0x01, 0xFF, 0xFE, 0xCD, 0x01, 0xFF,
    0xFE, 0xCD, 0x01, 0xFF, 0xFE, 0xCD, 0x01, 0xFF, 0xFE, 0xCD, 0x01, 0xFF, 0xFE, 0xCD, 0x01, 0xFF,
    0xFE, 0xCD, 0x01, 0xFF, 0xFE, 0xCD, 0x01, 0xFF, 0xFE, 0xCD, 0x01, 0xFF, 0xFE, 0xCD, 0x01, 0xFF,
    0xDF, 0xBE, 0x40, 0xE7, 0x00, 0x00, 0x00, 0xFF, 0x00, 0x00, 0x00, 0xFF, 0x00, 0x00, 0x00, 0xFF,
    0x00, 0x00, 0x00, 0xE0, 0x00, 0x00, 0x00, 0x00, 0x00, 0x00, 0x00, 0x00, 0x00, 0x00, 0x00, 0x00,
    0x00, 0x00, 0x00, 0x00, 0x00, 0x00, 0x00, 0x40, 0x00, 0x00, 0x00, 0xFF, 0x00, 0x00, 0x00, 0xFF,
    0x08, 0x04, 0x00, 0xFF, 0x08, 0x04, 0x00, 0xFF, 0xA7, 0x32, 0x1B, 0xFF, 0xF7, 0x49, 0x29, 0xFF,
    0xF9, 0x47, 0x28, 0xFF, 0xF9, 0x47, 0x28, 0xFF, 0xF9, 0x47, 0x28, 0xFF, 0xF9, 0x47, 0x28, 0xFF,
    0xF9, 0x47, 0x28, 0xFF, 0xF9, 0x47, 0x28, 0xFF, 0xF9, 0x47, 0x28, 0xFF, 0xF9, 0x47, 0x28, 0xFF,
    0xF9, 0x47, 0x28, 0xFF, 0xF9, 0x47, 0x28, 0xFF, 0xF9, 0x47, 0x28, 0xFF, 0xF9, 0x47, 0x28, 0xFF,
    0xF9, 0x47, 0x28, 0xFF, 0xF9, 0x47, 0x28, 0xFF, 0xF9, 0x47, 0x28, 0xFF, 0xF9, 0x47, 0x28, 0xFF,
    0xF9, 0x47, 0x28, 0xFF, 0xF9, 0x47, 0x28, 0xFF, 0xF9, 0x47, 0x28, 0xFF, 0xF9, 0x47, 0x28, 0xFF,
    0xF9, 0x47, 0x28, 0xFF, 0xF9, 0x47, 0x28, 0xFF, 0xF9, 0x47, 0x28, 0xFF, 0xF9, 0x47, 0x28, 0xFF,
    0xF9, 0x47, 0x28, 0xFF, 0xF9, 0x47, 0x28, 0xFF, 0xF9, 0x47, 0x28, 0xFF, 0xF9, 0x47, 0x28, 0xFF,
    0xF9, 0x47, 0x28, 0xFF, 0xF9, 0x47, 0x28, 0xFF, 0xF9, 0x47, 0x28, 0xFF, 0xF9, 0x47, 0x28, 0xFF,
    0xF9, 0x47, 0x28, 0xFF, 0xF9, 0x47, 0x28, 0xFF, 0xF9, 0x47, 0x28, 0xFF, 0xF9, 0x47, 0x28, 0xFF,
    0xF9, 0x47, 0x28, 0xFF, 0xF9, 0x47, 0x28, 0xFF, 0xF9, 0x47, 0x28, 0xFF, 0xF9, 0x47, 0x28, 0xFF,
    0xF9, 0x47, 0x28, 0xFF, 0xF9, 0x47, 0x28, 0xFF, 0xF9, 0x47, 0x28, 0xFF, 0xF9, 0x47, 0x28, 0xFF,
    0xF9, 0x47, 0x28, 0xFF, 0xF9, 0x47, 0x28, 0xFF, 0xF9, 0x47, 0x28, 0xFF, 0xF9, 0x47, 0x28, 0xFF,
    0xF7, 0x45, 0x29, 0xFF, 0xF7, 0x45, 0x29, 0xFF, 0xA4, 0x2E, 0x1B, 0xFF, 0x00, 0x00, 0x00, 0xFF,
    0x00, 0x00, 0x00, 0xFF, 0x00, 0x00, 0x00, 0xFF, 0xED, 0xC6, 0x29, 0xFF, 0xFE, 0xCD, 0x01, 0xFF,
    0xFE, 0xCD, 0x01, 0xFF, 0xFE, 0xCD, 0x01, 0xFF, 0xFE, 0xCD, 0x01, 0xFE, 0xFE, 0xCD, 0x01, 0xFE,
    0xFE, 0xCD, 0x01, 0xFE, 0xFE, 0xCD, 0x01, 0xFE, 0xFE, 0xCD, 0x01, 0xFE, 0xFE, 0xCD, 0x01, 0xFE,
    0xFE, 0xCD, 0x01, 0xFE, 0xFE, 0xCD, 0x01, 0xFE, 0xFE, 0xCD, 0x01, 0xFE, 0xFE, 0xCD, 0x01, 0xFE,
    0xFE, 0xCD, 0x01, 0xFE, 0xFE, 0xCD, 0x01, 0xFE, 0xFE, 0xCD, 0x01, 0xFE, 0xFE, 0xCD, 0x01, 0xFE,
    0xFE, 0xCD, 0x01, 0xFE, 0xFE, 0xCD, 0x01, 0xFE, 0xFE, 0xCD, 0x01, 0xFE, 0xFE, 0xCD, 0x01, 0xFE,
    0xFE, 0xCD, 0x01, 0xFE, 0xFE, 0xCD, 0x01, 0xFE, 0xFE, 0xCD, 0x01, 0xFE, 0xFE, 0xCD, 0x01, 0xFE,
    0xFE, 0xCD, 0x01, 0xFE, 0xFE, 0xCD, 0x01, 0xFE, 0xFE, 0xCD, 0x01, 0xFE, 0xFE, 0xCD, 0x01, 0xFE,
    0xFE, 0xCD, 0x01, 0xFE, 0xFE, 0xCD, 0x01, 0xFE, 0xFE, 0xCD, 0x01, 0xFE, 0xFE, 0xCD, 0x01, 0xFE,
    0xFE, 0xCD, 0x01, 0xFE, 0xFE, 0xCD, 0x01, 0xFE, 0xFE, 0xCD, 0x01, 0xFE, 0xFE, 0xCD, 0x01, 0xFE,
    0xFE, 0xCD, 0x01, 0xFE, 0xFE, 0xCD, 0x01, 0xFE, 0xFE, 0xCD, 0x01, 0xFE, 0xFE, 0xCD, 0x01, 0xFE,
    0xFE, 0xCD, 0x01, 0xFE, 0xFE, 0xCD, 0x01, 0xFE, 0xFE, 0xCD, 0x01, 0xFE, 0xFE, 0xCD, 0x01, 0xFE,
    0xFE, 0xCD, 0x01, 0xFE, 0xFE, 0xCD, 0x01, 0xFE, 0xFE, 0xCD, 0x01, 0xFE, 0xFE, 0xCD, 0x01, 0xFE,
    0xFE, 0xCD, 0x01, 0xFE, 0xFE, 0xCD, 0x01, 0xFE, 0xFE, 0xCD, 0x01, 0xFE, 0xFE, 0xCD, 0x01, 0xFE,
    0xFE, 0xCD, 0x01, 0xFE, 0xFE, 0xCD, 0x01, 0xFE, 0xFE, 0xCD, 0x01, 0xFE, 0xFE, 0xCD, 0x01, 0xFE,
    0xFE, 0xCD, 0x01, 0xFE, 0xFE, 0xCD, 0x01, 0xFE, 0xFE, 0xCD, 0x01, 0xFE, 0xFE, 0xCD, 0x01, 0xFE,
    0xFE, 0xCD, 0x01, 0xFE, 0xFE, 0xCD, 0x01, 0xFE, 0xFE, 0xCD, 0x01, 0xFE, 0xFE, 0xCD, 0x01, 0xFE,
    0xFE, 0xCD, 0x01, 0xFE, 0xFE, 0xCD, 0x01, 0xFE, 0xFE, 0xCD, 0x01, 0xFE, 0xFE, 0xCD, 0x01, 0xFE,
    0xFE, 0xCD, 0x01, 0xFE, 0xFE, 0xCD, 0x01, 0xFE, 0xFE, 0xCD, 0x01, 0xFE, 0xFE, 0xCD, 0x01, 0xFE,
    0xFE, 0xCD, 0x01, 0xFE, 0xFE, 0xCD, 0x01, 0xFE, 0xFE, 0xCD, 0x01, 0xFE, 0xFE, 0xCD, 0x01, 0xFE,
    0xFE, 0xCD, 0x01, 0xFE, 0xFE, 0xCD, 0x01, 0xFE, 0xFE, 0xCD, 0x01, 0xFE, 0xFE, 0xCD, 0x01, 0xFE,
    0xFE, 0xCD, 0x01, 0xFE, 0xFE, 0xCD, 0x01, 0xFE, 0xFE, 0xCD, 0x01, 0xFE, 0xFE, 0xCD, 0x01, 0xFE,
    0xFE, 0xCD, 0x01, 0xFE, 0xFE, 0xCD, 0x01, 0xFE, 0xFE, 0xCD, 0x01, 0xFE, 0xFE, 0xCD, 0x01, 0xFE,
    0xFE, 0xCD, 0x01, 0xFE, 0xFE, 0xCD, 0x01, 0xFE, 0xFE, 0xCD, 0x01, 0xFE, 0xFE, 0xCD, 0x01, 0xFE,
    0xFE, 0xCD, 0x01, 0xFE, 0xFE, 0xCD, 0x01, 0xFE, 0xFE, 0xCD, 0x01, 0xFE, 0xFE, 0xCD, 0x01, 0xFE,
    0xFE, 0xCD, 0x01, 0xFE, 0xFE, 0xCD, 0x01, 0xFE, 0xFE, 0xCD, 0x01, 0xFE, 0xFE, 0xCD, 0x01, 0xFE,
    0xFE, 0xCD, 0x01, 0xFE, 0xFE, 0xCD, 0x01, 0xFE, 0xFE, 0xCD, 0x01, 0xFE, 0xFE, 0xCD, 0x01, 0xFE,
    0xFE, 0xCD, 0x01, 0xFE, 0xFE, 0xCD, 0x01, 0xFE, 0xFE, 0xCD, 0x01, 0xFE, 0xFE, 0xCD, 0x01, 0xFE,
    0xFE, 0xCD, 0x01, 0xFE, 0xFE, 0xCD, 0x01, 0xFE, 0xFE, 0xCD, 0x01, 0xFE, 0xFE, 0xCD, 0x01, 0xFE,
    0xFE, 0xCD, 0x01, 0xFE, 0xFE, 0xCD, 0x01, 0xFE, 0xFE, 0xCD, 0x01, 0xFE, 0xFE, 0xCD, 0x01, 0xFE,
    0xFE, 0xCD, 0x01, 0xFE, 0xFE, 0xCD, 0x01, 0xFE, 0xFE, 0xCD, 0x01, 0xFE, 0xFE, 0xCD, 0x01, 0xFE,
    0xFE, 0xCD, 0x01, 0xFE, 0xFE, 0xCD, 0x01, 0xFE, 0xFE, 0xCD, 0x01, 0xFE, 0xFE, 0xCD, 0x01, 0xFE,
    0xFE, 0xCD, 0x01, 0xFE, 0xFE, 0xCD, 0x01, 0xFE, 0xFE, 0xCD, 0x01, 0xFE, 0xFE, 0xCD, 0x01, 0xFE,
    0xFE, 0xCD, 0x01, 0xFE, 0xFE, 0xCD, 0x01, 0xFE, 0xFE, 0xCD, 0x01, 0xFE, 0xFE, 0xCD, 0x01, 0xFE,
    0xFE, 0xCD, 0x01, 0xFE, 0xFE, 0xCD, 0x01, 0xFE, 0xFE, 0xCD, 0x01, 0xFE, 0xFE, 0xCD, 0x01, 0xFE,
    0xFE, 0xCD, 0x01, 0xFE, 0xFE, 0xCD, 0x01, 0xFE, 0xFE, 0xCD, 0x01, 0xFE, 0xFE, 0xCD, 0x01, 0xFE,
    0xFE, 0xCD, 0x01, 0xFE, 0xFE, 0xCD, 0x01, 0xFE, 0xFE, 0xCD, 0x01, 0xFE, 0xFE, 0xCD, 0x01, 0xFE,
    0xFE, 0xCD, 0x01, 0xFE, 0xFE, 0xCD, 0x01, 0xFE, 0xFE, 0xCD, 0x01, 0xFE, 0xFE, 0xCD, 0x01, 0xFE,
    0xFE, 0xCD, 0x01, 0xFF, 0xFE, 0xCD, 0x01, 0xFF, 0xFE, 0xCD, 0x01, 0xFF, 0xFE, 0xCD, 0x01, 0xFF,
    0xFE, 0xCD, 0x01, 0xFF, 0xFE, 0xCD, 0x01, 0xFF, 0xFE, 0xCD, 0x01, 0xFF, 0xFE, 0xCD, 0x01, 0xFF,
    0xFE, 0xCD, 0x01, 0xFF, 0xFE, 0xCD, 0x01, 0xFF, 0xFE, 0xCD, 0x01, 0xFF, 0xFE, 0xCD, 0x01, 0xFF,
    0xFE, 0xCD, 0x01, 0xFF, 0xFE, 0xCD, 0x01, 0xFF, 0xFE, 0xCD, 0x01, 0xFF, 0xFE, 0xCD, 0x01, 0xFF,
    0xFE, 0xCD, 0x01, 0xFF, 0xFE, 0xCD, 0x01, 0xFF, 0xFE, 0xCD, 0x01, 0xFF, 0xFE, 0xCD, 0x01, 0xFF,
    0xFE, 0xCD, 0x01, 0xFF, 0xFE, 0xCD, 0x01, 0xFF, 0xFE, 0xCD, 0x01, 0xFF, 0xFE, 0xCD, 0x01, 0xFF,
    0xFE, 0xCD, 0x01, 0xFF, 0xFE, 0xCD, 0x01, 0xFF, 0xFE, 0xCD, 0x01, 0xFF, 0xFE, 0xCD, 0x01, 0xFF,
    0xFE, 0xCD, 0x01, 0xFF, 0xFE, 0xCD, 0x01, 0xFF, 0xFE, 0xCD, 0x01, 0xFF, 0xFE, 0xCD, 0x01, 0xFF,
    0xFE, 0xCD, 0x01, 0xFF, 0xFE, 0xCD, 0x01, 0xFF, 0xFE, 0xCD, 0x01, 0xFF, 0xFE, 0xCD, 0x01, 0xFF,
    0xFE, 0xCD, 0x01, 0xFF, 0xFE, 0xCD, 0x01, 0xFF, 0xFE, 0xCD, 0x01, 0xFF, 0xFE, 0xCD, 0x01, 0xFF,
    0xFE, 0xCD, 0x01, 0xFF, 0xFE, 0xCD, 0x01, 0xFF, 0xFE, 0xCD, 0x01, 0xFF, 0xFE, 0xCD, 0x01, 0xFF,
    0xFE, 0xCD, 0x01, 0xFF, 0xFE, 0xCD, 0x01, 0xFF, 0xFE, 0xCD, 0x01, 0xFF, 0xFE, 0xCD, 0x01, 0xFF,
    0xFE, 0xCD, 0x01, 0xFF, 0xFE, 0xCD, 0x01, 0xFF, 0xFE, 0xCD, 0x01, 0xFF, 0xFE, 0xCD, 0x01, 0xFF,
    0xD0, 0xB1, 0x33, 0xEB, 0x00, 0x00, 0x00, 0xFF, 0x00, 0x00, 0x00, 0xFF, 0x00, 0x00, 0x00, 0xFF,
    0x00, 0x00, 0x00, 0xC0, 0x00, 0x00, 0x00, 0x00, 0x00, 0x00, 0x00, 0x00, 0x00, 0x00, 0x00, 0x00,
    0x00, 0x00, 0x00, 0x00, 0x00, 0x00, 0x00, 0x00, 0x00, 0x00, 0x00, 0xFF, 0x00, 0x00, 0x00, 0xFF,
    0x08, 0x04, 0x00, 0xFF, 0x08, 0x04, 0x00, 0xFF, 0xA7, 0x32, 0x1B, 0xFF, 0xF7, 0x49, 0x29, 0xFF,
    0xF9, 0x47, 0x28, 0xFF, 0xF9, 0x47, 0x28, 0xFF, 0xF9, 0x47, 0x28, 0xFF, 0xF9, 0x47, 0x28, 0xFF,
    0xF9, 0x47, 0x28, 0xFF, 0xF9, 0x47, 0x28, 0xFF, 0xF9, 0x47, 0x28, 0xFF, 0xF9, 0x47, 0x28, 0xFF,
    0xF9, 0x47, 0x28, 0xFF, 0xF9, 0x47, 0x28, 0xFF, 0xF9, 0x47, 0x28, 0xFF, 0xF9, 0x47, 0x28, 0xFF,
    0xF9, 0x47, 0x28, 0xFF, 0xF9, 0x47, 0x28, 0xFF, 0xF9, 0x47, 0x28, 0xFF, 0xF9, 0x47, 0x28, 0xFF,
    0xF9, 0x47, 0x28, 0xFF, 0xF9, 0x47, 0x28, 0xFF, 0xF9, 0x47, 0x28, 0xFF, 0xF9, 0x47, 0x28, 0xFF,
    0xF9, 0x47, 0x28, 0xFF, 0xF9, 0x47, 0x28, 0xFF, 0xF9, 0x47, 0x28, 0xFF, 0xF9, 0x47, 0x28, 0xFF,
    0xF9, 0x47, 0x28, 0xFF, 0xF9, 0x47, 0x28, 0xFF, 0xF9, 0x47, 0x28, 0xFF, 0xF9, 0x47, 0x28, 0xFF,
    0xF9, 0x47, 0x28, 0xFF, 0xF9, 0x47, 0x28, 0xFF, 0xF9, 0x47, 0x28, 0xFF, 0xF9, 0x47, 0x28, 0xFF,
    0xF9, 0x47, 0x28, 0xFF, 0xF9, 0x47, 0x28, 0xFF, 0xF9, 0x47, 0x28, 0xFF, 0xF9, 0x47, 0x28, 0xFF,
    0xF9, 0x47, 0x28, 0xFF, 0xF9, 0x47, 0x28, 0xFF, 0xF9, 0x47, 0x28, 0xFF, 0xF9, 0x47, 0x28, 0xFF,
    0xF9, 0x47, 0x28, 0xFF, 0xF9, 0x47, 0x28, 0xFF, 0xF9, 0x47, 0x28, 0xFF, 0xF8, 0x48, 0x28, 0xFF,
    0xF9, 0x47, 0x28, 0xFF, 0xF9, 0x47, 0x28, 0xFF, 0xF9, 0x47, 0x28, 0xFF, 0xF9, 0x47, 0x28, 0xFF,
    0xF7, 0x45, 0x29, 0xFF, 0xF7, 0x45, 0x29, 0xFF, 0xA4, 0x2E, 0x1B, 0xFF, 0x00, 0x00, 0x00, 0xFF,
    0x00, 0x00, 0x00, 0xFF, 0x00, 0x00, 0x00, 0xFF, 0xFE, 0xCC, 0x01, 0xFF, 0xFE, 0xCD, 0x01, 0xFF,
    0xFE, 0xCD, 0x01, 0xFF, 0xFE, 0xCD, 0x01, 0xFF, 0xFE, 0xCD, 0x01, 0xFE, 0xFE, 0xCD, 0x01, 0xFE,
    0xFE, 0xCD, 0x01, 0xFE, 0xFE, 0xCD, 0x01, 0xFE, 0xFE, 0xCD, 0x01, 0xFE, 0xFE, 0xCD, 0x01, 0xFE,
    0xFE, 0xCD, 0x01, 0xFE, 0xFE, 0xCD, 0x01, 0xFE, 0xFE, 0xCD, 0x01, 0xFE, 0xFE, 0xCD, 0x01, 0xFE,
    0xFE, 0xCD, 0x01, 0xFE, 0xFE, 0xCD, 0x01, 0xFE, 0xFE, 0xCD, 0x01, 0xFE, 0xFE, 0xCD, 0x01, 0xFE,
    0xFE, 0xCD, 0x01, 0xFE, 0xFE, 0xCD, 0x01, 0xFE, 0xFE, 0xCD, 0x01, 0xFE, 0xFE, 0xCD, 0x01, 0xFE,
    0xFE, 0xCD, 0x01, 0xFE, 0xFE, 0xCD, 0x01, 0xFE, 0xFE, 0xCD, 0x01, 0xFE, 0xFE, 0xCD, 0x01, 0xFE,
    0xFE, 0xCD, 0x01, 0xFE, 0xFE, 0xCD, 0x01, 0xFE, 0xFE, 0xCD, 0x01, 0xFE, 0xFE, 0xCD, 0x01, 0xFE,
    0xFE, 0xCD, 0x01, 0xFE, 0xFE, 0xCD, 0x01, 0xFE, 0xFE, 0xCD, 0x01, 0xFE, 0xFE, 0xCD, 0x01, 0xFE,
    0xFE, 0xCD, 0x01, 0xFE, 0xFE, 0xCD, 0x01, 0xFE, 0xFE, 0xCD, 0x01, 0xFE, 0xFE, 0xCD, 0x01, 0xFE,
    0xFE, 0xCD, 0x01, 0xFE, 0xFE, 0xCD, 0x01, 0xFE, 0xFE, 0xCD, 0x01, 0xFE, 0xFE, 0xCD, 0x01, 0xFE,
    0xFE, 0xCD, 0x01, 0xFE, 0xFE, 0xCD, 0x01, 0xFE, 0xFE, 0xCD, 0x01, 0xFE, 0xFE, 0xCD, 0x01, 0xFE,
    0xFE, 0xCD, 0x01, 0xFE, 0xFE, 0xCD, 0x01, 0xFE, 0xFE, 0xCD, 0x01, 0xFE, 0xFE, 0xCD, 0x01, 0xFE,
    0xFE, 0xCD, 0x01, 0xFE, 0xFE, 0xCD, 0x01, 0xFE, 0xFE, 0xCD, 0x01, 0xFE, 0xFE, 0xCD, 0x01, 0xFE,
    0xFE, 0xCD, 0x01, 0xFE, 0xFE, 0xCD, 0x01, 0xFE, 0xFE, 0xCD, 0x01, 0xFE, 0xFE, 0xCD, 0x01, 0xFE,
    0xFE, 0xCD, 0x01, 0xFE, 0xFE, 0xCD, 0x01, 0xFE, 0xFE, 0xCD, 0x01, 0xFE, 0xFE, 0xCD, 0x01, 0xFE,
    0xFE, 0xCD, 0x01, 0xFE, 0xFE, 0xCD, 0x01, 0xFE, 0xFE, 0xCD, 0x01, 0xFE, 0xFE, 0xCD, 0x01, 0xFE,
    0xFE, 0xCD, 0x01, 0xFE, 0xFE, 0xCD, 0x01, 0xFE, 0xFE, 0xCD, 0x01, 0xFE, 0xFE, 0xCD, 0x01, 0xFE,
    0xFE, 0xCD, 0x01, 0xFE, 0xFE, 0xCD, 0x01, 0xFE, 0xFE, 0xCD, 0x01, 0xFE, 0xFE, 0xCD, 0x01, 0xFE,
    0xFE, 0xCD, 0x01, 0xFE, 0xFE, 0xCD, 0x01, 0xFE, 0xFE, 0xCD, 0x01, 0xFE, 0xFE, 0xCD, 0x01, 0xFE,
    0xFE, 0xCD, 0x01, 0xFE, 0xFE, 0xCD, 0x01, 0xFE, 0xFE, 0xCD, 0x01, 0xFE, 0xFE, 0xCD, 0x01, 0xFE,
    0xFE, 0xCD, 0x01, 0xFE, 0xFE, 0xCD, 0x01, 0xFE, 0xFE, 0xCD, 0x01, 0xFE, 0xFE, 0xCD, 0x01, 0xFE,
    0xFE, 0xCD, 0x01, 0xFE, 0xFE, 0xCD, 0x01, 0xFE, 0xFE, 0xCD, 0x01, 0xFE, 0xFE, 0xCD, 0x01, 0xFE,
    0xFE, 0xCD, 0x01, 0xFE, 0xFE, 0xCD, 0x01, 0xFE, 0xFE, 0xCD, 0x01, 0xFE, 0xFE, 0xCD, 0x01, 0xFE,
    0xFE, 0xCD, 0x01, 0xFE, 0xFE, 0xCD, 0x01, 0xFE, 0xFE, 0xCD, 0x01, 0xFE, 0xFE, 0xCD, 0x01, 0xFE,
    0xFE, 0xCD, 0x01, 0xFE, 0xFE, 0xCD, 0x01, 0xFE, 0xFE, 0xCD, 0x01, 0xFE, 0xFE, 0xCD, 0x01, 0xFE,
    0xFE, 0xCD, 0x01, 0xFE, 0xFE, 0xCD, 0x01, 0xFE, 0xFE, 0xCD, 0x01, 0xFE, 0xFE, 0xCD, 0x01, 0xFE,
    0xFE, 0xCD, 0x01, 0xFE, 0xFE, 0xCD, 0x01, 0xFE, 0xFE, 0xCD, 0x01, 0xFE, 0xFE, 0xCD, 0x01, 0xFE,
    0xFE, 0xCD, 0x01, 0xFE, 0xFE, 0xCD, 0x01, 0xFE, 0xFE, 0xCD, 0x01, 0xFE, 0xFE, 0xCD, 0x01, 0xFE,
    0xFE, 0xCD, 0x01, 0xFE, 0xFE, 0xCD, 0x01, 0xFE, 0xFE, 0xCD, 0x01, 0xFE, 0xFE, 0xCD, 0x01, 0xFE,
    0xFE, 0xCD, 0x01, 0xFE, 0xFE, 0xCD, 0x01, 0xFE, 0xFE, 0xCD, 0x01, 0xFE, 0xFE, 0xCD, 0x01, 0xFE,
    0xFE, 0xCD, 0x01, 0xFE, 0xFE, 0xCD, 0x01, 0xFE, 0xFE, 0xCD, 0x01, 0xFE, 0xFE, 0xCD, 0x01, 0xFE,
    0xFE, 0xCD, 0x01, 0xFE, 0xFE, 0xCD, 0x01, 0xFE, 0xFE, 0xCD, 0x01, 0xFE, 0xFE, 0xCD, 0x01, 0xFE,
    0xFE, 0xCD, 0x01, 0xFE, 0xFE, 0xCD, 0x01, 0xFE, 0xFE, 0xCD, 0x01, 0xFE, 0xFE, 0xCD, 0x01, 0xFE,
    0xFE, 0xCD, 0x01, 0xFE, 0xFE, 0xCD, 0x01, 0xFE, 0xFE, 0xCD, 0x01, 0xFE, 0xFE, 0xCD, 0x01, 0xFE,
    0xFE, 0xCD, 0x01, 0xFE, 0xFE, 0xCD, 0x01, 0xFE, 0xFE, 0xCD, 0x01, 0xFE, 0xFE, 0xCD, 0x01, 0xFE,
    0xFE, 0xCD, 0x01, 0xFE, 0xFE, 0xCD, 0x01, 0xFE, 0xFE, 0xCD, 0x01, 0xFE, 0xFE, 0xCD, 0x01, 0xFE,
    0xFE, 0xCD, 0x01, 0xFE, 0xFE, 0xCD, 0x01, 0xFE, 0xFE, 0xCD, 0x01, 0xFE, 0xFE, 0xCD, 0x01, 0xFE,
    0xFE, 0xCD, 0x01, 0xFF, 0xFE, 0xCD, 0x01, 0xFF, 0xFE, 0xCD, 0x01, 0xFF, 0xFE, 0xCD, 0x01, 0xFF,
    0xFE, 0xCD, 0x01, 0xFF, 0xFE, 0xCD, 0x01, 0xFF, 0xFE, 0xCD, 0x01, 0xFF, 0xFE, 0xCD, 0x01, 0xFF,
    0xFE, 0xCD, 0x01, 0xFF, 0xFE, 0xCD, 0x01, 0xFF, 0xFE, 0xCD, 0x01, 0xFF, 0xFE, 0xCD, 0x01, 0xFF,
    0xFE, 0xCD, 0x01, 0xFF, 0xFE, 0xCD, 0x01, 0xFF, 0xFE, 0xCD, 0x01, 0xFF, 0xFE, 0xCD, 0x01, 0xFF,
    0xFE, 0xCD, 0x01, 0xFF, 0xFE, 0xCD, 0x01, 0xFF, 0xFE, 0xCD, 0x01, 0xFF, 0xFE, 0xCD, 0x01, 0xFF,
    0xFE, 0xCD, 0x01, 0xFF, 0xFE, 0xCD, 0x01, 0xFF, 0xFE, 0xCD, 0x01, 0xFF, 0xFE, 0xCD, 0x01, 0xFF,
    0xFE, 0xCD, 0x01, 0xFF, 0xFE, 0xCD, 0x01, 0xFF, 0xFE, 0xCD, 0x01, 0xFF, 0xFE, 0xCD, 0x01, 0xFF,
    0xFE, 0xCD, 0x01, 0xFF, 0xFE, 0xCD, 0x01, 0xFF, 0xFE, 0xCD, 0x01, 0xFF, 0xFE, 0xCD, 0x01, 0xFF,
    0xFE, 0xCD, 0x01, 0xFF, 0xFE, 0xCD, 0x01, 0xFF, 0xFE, 0xCD, 0x01, 0xFF, 0xFE, 0xCD, 0x01, 0xFF,
    0xFE, 0xCD, 0x01, 0xFF, 0xFE, 0xCD, 0x01, 0xFF, 0xFE, 0xCD, 0x01, 0xFF, 0xFE, 0xCD, 0x01, 0xFF,
    0xFE, 0xCD, 0x01, 0xFF, 0xFE, 0xCD, 0x01, 0xFF, 0xFE, 0xCD, 0x01, 0xFF, 0xFE, 0xCD, 0x01, 0xFF,
    0xFE, 0xCD, 0x01, 0xFF, 0xFE, 0xCD, 0x01, 0xFF, 0xFE, 0xCD, 0x01, 0xFF, 0xFE, 0xCD, 0x01, 0xFF,
    0xFE, 0xCD, 0x01, 0xFF, 0xFE, 0xCD, 0x01, 0xFF, 0xFE, 0xCD, 0x01, 0xFF, 0xFE, 0xCD, 0x01, 0xFF,
    0xBC, 0x9E, 0x23, 0xF0, 0x00, 0x00, 0x00, 0xFF, 0x00, 0x00, 0x00, 0xFF, 0x00, 0x00, 0x00, 0xFF,
    0x00, 0x00, 0x00, 0x89, 0x00, 0x00, 0x00, 0x00, 0x00, 0x00, 0x00, 0x00, 0x00, 0x00, 0x00, 0x00,
    0x00, 0x00, 0x00, 0x00, 0x00, 0x00, 0x00, 0x00, 0x00, 0x00, 0x00, 0xD0, 0x00, 0x00, 0x00, 0xFF,
    0x08, 0x04, 0x00, 0xFF, 0x08, 0x04, 0x00, 0xFF, 0x57, 0x1B, 0x0D, 0xFF, 0xF7, 0x49, 0x29, 0xFF,
    0xF9, 0x47, 0x28, 0xFF, 0xF9, 0x47, 0x28, 0xFF, 0xF9, 0x47, 0x28, 0xFF, 0xF9, 0x47, 0x28, 0xFF,
    0xF9, 0x47, 0x28, 0xFF, 0xF9, 0x47, 0x28, 0xFF, 0xF9, 0x47, 0x28, 0xFF, 0xF9, 0x47, 0x28, 0xFF,
    0xF9, 0x47, 0x28, 0xFF, 0xF9, 0x47, 0x28, 0xFF, 0xF9, 0x47, 0x28, 0xFF, 0xF9, 0x47, 0x28, 0xFF,
    0xF9, 0x47, 0x28, 0xFF, 0xF9, 0x47, 0x28, 0xFF, 0xF9, 0x47, 0x28, 0xFF, 0xF9, 0x47, 0x28, 0xFF,
    0xF9, 0x47, 0x28, 0xFF, 0xF9, 0x47, 0x28, 0xFF, 0xF9, 0x47, 0x28, 0xFF, 0xF9, 0x47, 0x28, 0xFF,
    0xF9, 0x47, 0x28, 0xFF, 0xF9, 0x47, 0x28, 0xFF, 0xF9, 0x47, 0x28, 0xFF, 0xF9, 0x47, 0x28, 0xFF,
    0xF9, 0x47, 0x28, 0xFF, 0xF9, 0x47, 0x28, 0xFF, 0xF9, 0x47, 0x28, 0xFF, 0xF9, 0x47, 0x28, 0xFF,
    0xF9, 0x47, 0x28, 0xFF, 0xF9, 0x47, 0x28, 0xFF, 0xF9, 0x47, 0x28, 0xFF, 0xF9, 0x47, 0x28, 0xFF,
    0xF9, 0x47, 0x28, 0xFF, 0xF9, 0x47, 0x28, 0xFF, 0xF9, 0x47, 0x28, 0xFF, 0xF9, 0x47, 0x28, 0xFF,
    0xF9, 0x47, 0x28, 0xFF, 0xF9, 0x47, 0x28, 0xFF, 0xF9, 0x47, 0x28, 0xFF, 0xF9, 0x47, 0x28, 0xFF,
    0xF9, 0x47, 0x28, 0xFF, 0xF9, 0x47, 0x28, 0xFF, 0xF9, 0x47, 0x28, 0xFF, 0xF8, 0x48, 0x29, 0xFF,
    0xF9, 0x47, 0x28, 0xFF, 0xF9, 0x47, 0x28, 0xFF, 0xF9, 0x47, 0x28, 0xFF, 0xF9, 0x47, 0x28, 0xFF,
    0xF7, 0x45, 0x29, 0xFF, 0xF7, 0x45, 0x29, 0xFF, 0x52, 0x17, 0x0D, 0xFF, 0x00, 0x00, 0x00, 0xFF,
    0x00, 0x00, 0x00, 0xFF, 0x00, 0x00, 0x00, 0xFF, 0xFE, 0xCD, 0x01, 0xFF, 0xFE, 0xCD, 0x01, 0xFF,
    0xFE, 0xCD, 0x01, 0xFF, 0xFE, 0xCD, 0x01, 0xFF, 0xFE, 0xCD, 0x01, 0xFE, 0xFE, 0xCD, 0x01, 0xFE,
    0xFE, 0xCD, 0x01, 0xFE, 0xFE, 0xCD, 0x01, 0xFE, 0xFE, 0xCD, 0x01, 0xFE, 0xFE, 0xCD, 0x01, 0xFE,
    0xFE, 0xCD, 0x01, 0xFE, 0xFE, 0xCD, 0x01, 0xFE, 0xFE, 0xCD, 0x01, 0xFE, 0xFE, 0xCD, 0x01, 0xFE,
    0xFE, 0xCD, 0x01, 0xFE, 0xFE, 0xCD, 0x01, 0xFE, 0xFE, 0xCD, 0x01, 0xFE, 0xFE, 0xCD, 0x01, 0xFE,
    0xFE, 0xCD, 0x01, 0xFE, 0xFE, 0xCD, 0x01, 0xFE, 0xFE, 0xCD, 0x01, 0xFE, 0xFE, 0xCD, 0x01, 0xFE,
    0xFE, 0xCD, 0x01, 0xFE, 0xFE, 0xCD, 0x01, 0xFE, 0xFE, 0xCD, 0x01, 0xFE, 0xFE, 0xCD, 0x01, 0xFE,
    0xFE, 0xCD, 0x01, 0xFE, 0xFE, 0xCD, 0x01, 0xFE, 0xFE, 0xCD, 0x01, 0xFE, 0xFE, 0xCD, 0x01, 0xFE,
    0xFE, 0xCD, 0x01, 0xFE, 0xFE, 0xCD, 0x01, 0xFE, 0xFE, 0xCD, 0x01, 0xFE, 0xFE, 0xCD, 0x01, 0xFE,
    0xFE, 0xCD, 0x01, 0xFE, 0xFE, 0xCD, 0x01, 0xFE, 0xFE, 0xCD, 0x01, 0xFE, 0xFE, 0xCD, 0x01, 0xFE,
    0xFE, 0xCD, 0x01, 0xFE, 0xFE, 0xCD, 0x01, 0xFE, 0xFE, 0xCD, 0x01, 0xFE, 0xFE, 0xCD, 0x01, 0xFE,
    0xFE, 0xCD, 0x01, 0xFE, 0xFE, 0xCD, 0x01, 0xFE, 0xFE, 0xCD, 0x01, 0xFE, 0xFE, 0xCD, 0x01, 0xFE,
    0xFE, 0xCD, 0x01, 0xFE, 0xFE, 0xCD, 0x01, 0xFE, 0xFE, 0xCD, 0x01, 0xFE, 0xFE, 0xCD, 0x01, 0xFE,
    0xFE, 0xCD, 0x01, 0xFE, 0xFE, 0xCD, 0x01, 0xFE, 0xFE, 0xCD, 0x01, 0xFE, 0xFE, 0xCD, 0x01, 0xFE,
    0xFE, 0xCD, 0x01, 0xFE, 0xFE, 0xCD, 0x01, 0xFE, 0xFE, 0xCD, 0x01, 0xFE, 0xFE, 0xCD, 0x01, 0xFE,
    0xFE, 0xCD, 0x01, 0xFE, 0xFE, 0xCD, 0x01, 0xFE, 0xFE, 0xCD, 0x01, 0xFE, 0xFE, 0xCD, 0x01, 0xFE,
    0xFE, 0xCD, 0x01, 0xFE, 0xFE, 0xCD, 0x01, 0xFE, 0xFE, 0xCD, 0x01, 0xFE, 0xFE, 0xCD, 0x01, 0xFE,
    0xFE, 0xCD, 0x01, 0xFE, 0xFE, 0xCD, 0x01, 0xFE, 0xFE, 0xCD, 0x01, 0xFE, 0xFE, 0xCD, 0x01, 0xFE,
    0xFE, 0xCD, 0x01, 0xFE, 0xFE, 0xCD, 0x01, 0xFE, 0xFE, 0xCD, 0x01, 0xFE, 0xFE, 0xCD, 0x01, 0xFE,
    0xFE, 0xCD, 0x01, 0xFE, 0xFE, 0xCD, 0x01, 0xFE, 0xFE, 0xCD, 0x01, 0xFE, 0xFE, 0xCD, 0x01, 0xFE,
    0xFE, 0xCD, 0x01, 0xFE, 0xFE, 0xCD, 0x01, 0xFE, 0xFE, 0xCD, 0x01, 0xFE, 0xFE, 0xCD, 0x01, 0xFE,
    0xFE, 0xCD, 0x01, 0xFE, 0xFE, 0xCD, 0x01, 0xFE, 0xFE, 0xCD, 0x01, 0xFE, 0xFE, 0xCD, 0x01, 0xFE,
    0xFE, 0xCD, 0x01, 0xFE, 0xFE, 0xCD, 0x01, 0xFE, 0xFE, 0xCD, 0x01, 0xFE, 0xFE, 0xCD, 0x01, 0xFE,
    0xFE, 0xCD, 0x01, 0xFE, 0xFE, 0xCD, 0x01, 0xFE, 0xFE, 0xCD, 0x01, 0xFE, 0xFE, 0xCD, 0x01, 0xFE,
    0xFE, 0xCD, 0x01, 0xFE, 0xFE, 0xCD, 0x01, 0xFE, 0xFE, 0xCD, 0x01, 0xFE, 0xFE, 0xCD, 0x01, 0xFE,
    0xFE, 0xCD, 0x01, 0xFE, 0xFE, 0xCD, 0x01, 0xFE, 0xFE, 0xCD, 0x01, 0xFE, 0xFE, 0xCD, 0x01, 0xFE,
    0xFE, 0xCD, 0x01, 0xFE, 0xFE, 0xCD, 0x01, 0xFE, 0xFE, 0xCD, 0x01, 0xFE, 0xFE, 0xCD, 0x01, 0xFE,
    0xFE, 0xCD, 0x01, 0xFE, 0xFE, 0xCD, 0x01, 0xFE, 0xFE, 0xCD, 0x01, 0xFE, 0xFE, 0xCD, 0x01, 0xFE,
    0xFE, 0xCD, 0x01, 0xFE, 0xFE, 0xCD, 0x01, 0xFE, 0xFE, 0xCD, 0x01, 0xFE, 0xFE, 0xCD, 0x01, 0xFE,
    0xFE, 0xCD, 0x01, 0xFE, 0xFE, 0xCD, 0x01, 0xFE, 0xFE, 0xCD, 0x01, 0xFE, 0xFE, 0xCD, 0x01, 0xFE,
    0xFE, 0xCD, 0x01, 0xFE, 0xFE, 0xCD, 0x01, 0xFE, 0xFE, 0xCD, 0x01, 0xFE, 0xFE, 0xCD, 0x01, 0xFE,
    0xFE, 0xCD, 0x01, 0xFE, 0xFE, 0xCD, 0x01, 0xFE, 0xFE, 0xCD, 0x01, 0xFE, 0xFE, 0xCD, 0x01, 0xFE,
    0xFE, 0xCD, 0x01, 0xFE, 0xFE, 0xCD, 0x01, 0xFE, 0xFE, 0xCD, 0x01, 0xFE, 0xFE, 0xCD, 0x01, 0xFE,
    0xFE, 0xCD, 0x01, 0xFE, 0xFE, 0xCD, 0x01, 0xFE, 0xFE, 0xCD, 0x01, 0xFE, 0xFE, 0xCD, 0x01, 0xFE,
    0xFE, 0xCD, 0x01, 0xFE, 0xFE, 0xCD, 0x01, 0xFE, 0xFE, 0xCD, 0x01, 0xFE, 0xFE, 0xCD, 0x01, 0xFE,
    0xFE, 0xCD, 0x01, 0xFE, 0xFE, 0xCD, 0x01, 0xFE, 0xFE, 0xCD, 0x01, 0xFE, 0xFE, 0xCD, 0x01, 0xFE,
    0xFE, 0xCD, 0x01, 0xFE, 0xFE, 0xCD, 0x01, 0xFE, 0xFE, 0xCD, 0x01, 0xFE, 0xFE, 0xCD, 0x01, 0xFE,
    0xFE, 0xCD, 0x01, 0xFE, 0xFE, 0xCD, 0x01, 0xFE, 0xFE, 0xCD, 0x01, 0xFE, 0xFE, 0xCD, 0x01, 0xFE,
    0xFE, 0xCD, 0x01, 0xFE, 0xFE, 0xCD, 0x01, 0xFF, 0xFE, 0xCD, 0x01, 0xFF, 0xFE, 0xCD, 0x01, 0xFF,
    0xFE, 0xCD, 0x01, 0xFF, 0xFE, 0xCD, 0x01, 0xFF, 0xFE, 0xCD, 0x01, 0xFF, 0xFE, 0xCD, 0x01, 0xFF,
    0xFE, 0xCD, 0x01, 0xFF, 0xFE, 0xCD, 0x01, 0xFF, 0xFE, 0xCD, 0x01, 0xFF, 0xFE, 0xCD, 0x01, 0xFF,
    0xFE, 0xCD, 0x01, 0xFF, 0xFE, 0xCD, 0x01, 0xFF, 0xFE, 0xCD, 0x01, 0xFF, 0xFE, 0xCD, 0x01, 0xFF,
    0xFE, 0xCD, 0x01, 0xFF, 0xFE, 0xCD, 0x01, 0xFF, 0xFE, 0xCD, 0x01, 0xFF, 0xFE, 0xCD, 0x01, 0xFF,
    0xFE, 0xCD, 0x01, 0xFF, 0xFE, 0xCD, 0x01, 0xFF, 0xFE, 0xCD, 0x01, 0xFF, 0xFE, 0xCD, 0x01, 0xFF,
    0xFE, 0xCD, 0x01, 0xFF, 0xFE, 0xCD, 0x01, 0xFF, 0xFE, 0xCD, 0x01, 0xFF, 0xFE, 0xCD, 0x01, 0xFF,
    0xFE, 0xCD, 0x01, 0xFF, 0xFE, 0xCD, 0x01, 0xFF, 0xFE, 0xCD, 0x01, 0xFF, 0xFE, 0xCD, 0x01, 0xFF,
    0xFE, 0xCD, 0x01, 0xFF, 0xFE, 0xCD, 0x01, 0xFF, 0xFE, 0xCD, 0x01, 0xFF, 0xFE, 0xCD, 0x01, 0xFF,
    0xFE, 0xCD, 0x01, 0xFF, 0xFE, 0xCD, 0x01, 0xFF, 0xFE, 0xCD, 0x01, 0xFF, 0xFE, 0xCD, 0x01, 0xFF,
    0xFE, 0xCD, 0x01, 0xFF, 0xFE, 0xCD, 0x01, 0xFF, 0xFE, 0xCD, 0x01, 0xFF, 0xFE, 0xCD, 0x01, 0xFF,
    0xFE, 0xCD, 0x01, 0xFF, 0xFE, 0xCD, 0x01, 0xFF, 0xFE, 0xCD, 0x01, 0xFF, 0xFE, 0xCD, 0x01, 0xFF,
    0xFE, 0xCD, 0x01, 0xFF, 0xFE, 0xCD, 0x01, 0xFF, 0xFE, 0xCD, 0x01, 0xFF, 0xFE, 0xCD, 0x01, 0xFF,
    0x78, 0x66, 0x1C, 0xF7, 0x00, 0x00, 0x00, 0xFF, 0x00, 0x00, 0x00, 0xFF, 0x00, 0x00, 0x00, 0xFF,
    0x00, 0x00, 0x00, 0x6D, 0x00, 0x00, 0x00, 0x00, 0x00, 0x00, 0x00, 0x00, 0x00, 0x00, 0x00, 0x00,
    0x00, 0x00, 0x00, 0x00, 0x00, 0x00, 0x00, 0x00, 0x00, 0x00, 0x00, 0x96, 0x00, 0x00, 0x00, 0xFF,
    0x08, 0x04, 0x00, 0xFF, 0x08, 0x04, 0x00, 0xFF, 0x08, 0x04, 0x00, 0xFF, 0xF7, 0x49, 0x29, 0xFF,
    0xF9, 0x47, 0x28, 0xFF, 0xF9, 0x47, 0x28, 0xFF, 0xF9, 0x47, 0x28, 0xFF, 0xF9, 0x47, 0x28, 0xFF,
    0xF9, 0x47, 0x28, 0xFF, 0xF9, 0x47, 0x28, 0xFF, 0xF9, 0x47, 0x28, 0xFF, 0xF9, 0x47, 0x28, 0xFF,
    0xF9, 0x47, 0x28, 0xFF, 0xF9, 0x47, 0x28, 0xFF, 0xF9, 0x47, 0x28, 0xFF, 0xF9, 0x47, 0x28, 0xFF,
    0xF9, 0x47, 0x28, 0xFF, 0xF9, 0x47, 0x28, 0xFF, 0xF9, 0x47, 0x28, 0xFF, 0xF9, 0x47, 0x28, 0xFF,
    0xF9, 0x47, 0x28, 0xFF, 0xF9, 0x47, 0x28, 0xFF, 0xF9, 0x47, 0x28, 0xFF, 0xF9, 0x47, 0x28, 0xFF,
    0xF9, 0x47, 0x28, 0xFF, 0xF9, 0x47, 0x28, 0xFF, 0xF9, 0x47, 0x28, 0xFF, 0xF9, 0x47, 0x28, 0xFF,
    0xF9, 0x47, 0x28, 0xFF, 0xF9, 0x47, 0x28, 0xFF, 0xF9, 0x47, 0x28, 0xFF, 0xF9, 0x47, 0x28, 0xFF,
    0xF9, 0x47, 0x28, 0xFF, 0xF9, 0x47, 0x28, 0xFF, 0xF9, 0x47, 0x28, 0xFF, 0xF9, 0x47, 0x28, 0xFF,
    0xF9, 0x47, 0x28, 0xFF, 0xF9, 0x47, 0x28, 0xFF, 0xF9, 0x47, 0x28, 0xFF, 0xF9, 0x47, 0x28, 0xFF,
    0xF9, 0x47, 0x28, 0xFF, 0xF9, 0x47, 0x28, 0xFF, 0xF9, 0x47, 0x28, 0xFF, 0xF9, 0x47, 0x28, 0xFF,
    0xF9, 0x47, 0x28, 0xFF, 0xF9, 0x47, 0x28, 0xFF, 0xF8, 0x48, 0x28, 0xFF, 0xF7, 0x49, 0x29, 0xFF,
    0xF9, 0x47, 0x28, 0xFF, 0xF9, 0x47, 0x28, 0xFF, 0xF9, 0x47, 0x28, 0xFF, 0xF9, 0x47, 0x28, 0xFF,
    0xF7, 0x45, 0x29, 0xFF, 0xF7, 0x45, 0x29, 0xFF, 0x00, 0x00, 0x00, 0xFF, 0x00, 0x00, 0x00, 0xFF,
    0x00, 0x00, 0x00, 0xFF, 0x3E, 0x3E, 0x3E, 0xFF, 0xFE, 0xCD, 0x01, 0xFF, 0xFE, 0xCD, 0x01, 0xFF,
    0xFE, 0xCD, 0x01, 0xFF, 0xFE, 0xCD, 0x01, 0xFE, 0xFE, 0xCD, 0x01, 0xFE, 0xFE, 0xCD, 0x01, 0xFE,
    0xFE, 0xCD, 0x01, 0xFE, 0xFE, 0xCD, 0x01, 0xFE, 0xFE, 0xCD, 0x01, 0xFE, 0xFE, 0xCD, 0x01, 0xFE,
    0xFE, 0xCD, 0x01, 0xFE, 0xFE, 0xCD, 0x01, 0xFE, 0xFE, 0xCD, 0x01, 0xFE, 0xFE, 0xCD, 0x01, 0xFE,
    0xFE, 0xCD, 0x01, 0xFE, 0xFE, 0xCD, 0x01, 0xFE, 0xFE, 0xCD, 0x01, 0xFE, 0xFE, 0xCD, 0x01, 0xFE,
    0xFE, 0xCD, 0x01, 0xFE, 0xFE, 0xCD, 0x01, 0xFE, 0xFE, 0xCD, 0x01, 0xFE, 0xFE, 0xCD, 0x01, 0xFE,
    0xFE, 0xCD, 0x01, 0xFE, 0xFE, 0xCD, 0x01, 0xFE, 0xFE, 0xCD, 0x01, 0xFE, 0xFE, 0xCD, 0x01, 0xFE,
    0xFE, 0xCD, 0x01, 0xFE, 0xFE, 0xCD, 0x01, 0xFE, 0xFE, 0xCD, 0x01, 0xFE, 0xFE, 0xCD, 0x01, 0xFE,
    0xFE, 0xCD, 0x01, 0xFE, 0xFE, 0xCD, 0x01, 0xFE, 0xFE, 0xCD, 0x01, 0xFE, 0xFE, 0xCD, 0x01, 0xFE,
    0xFE, 0xCD, 0x01, 0xFE, 0xFE, 0xCD, 0x01, 0xFE, 0xFE, 0xCD, 0x01, 0xFE, 0xFE, 0xCD, 0x01, 0xFE,
    0xFE, 0xCD, 0x01, 0xFE, 0xFE, 0xCD, 0x01, 0xFE, 0xFE, 0xCD, 0x01, 0xFE, 0xFE, 0xCD, 0x01, 0xFE,
    0xFE, 0xCD, 0x01, 0xFE, 0xFE, 0xCD, 0x01, 0xFE, 0xFE, 0xCD, 0x01, 0xFE, 0xFE, 0xCD, 0x01, 0xFE,
    0xFE, 0xCD, 0x01, 0xFE, 0xFE, 0xCD, 0x01, 0xFE, 0xFE, 0xCD, 0x01, 0xFE, 0xFE, 0xCD, 0x01, 0xFE,
    0xFE, 0xCD, 0x01, 0xFE, 0xFE, 0xCD, 0x01, 0xFE, 0xFE, 0xCD, 0x01, 0xFE, 0xFE, 0xCD, 0x01, 0xFE,
    0xFE, 0xCD, 0x01, 0xFE, 0xFE, 0xCD, 0x01, 0xFE, 0xFE, 0xCD, 0x01, 0xFE, 0xFE, 0xCD, 0x01, 0xFE,
    0xFE, 0xCD, 0x01, 0xFE, 0xFE, 0xCD, 0x01, 0xFE, 0xFE, 0xCD, 0x01, 0xFE, 0xFE, 0xCD, 0x01, 0xFE,
    0xFE, 0xCD, 0x01, 0xFE, 0xFE, 0xCD, 0x01, 0xFE, 0xFE, 0xCD, 0x01, 0xFE, 0xFE, 0xCD, 0x01, 0xFE,
    0xFE, 0xCD, 0x01, 0xFE, 0xFE, 0xCD, 0x01, 0xFE, 0xFE, 0xCD, 0x01, 0xFE, 0xFE, 0xCD, 0x01, 0xFE,
    0xFE, 0xCD, 0x01, 0xFE, 0xFE, 0xCD, 0x01, 0xFE, 0xFE, 0xCD, 0x01, 0xFE, 0xFE, 0xCD, 0x01, 0xFE,
    0xFE, 0xCD, 0x01, 0xFE, 0xFE, 0xCD, 0x01, 0xFE, 0xFE, 0xCD, 0x01, 0xFE, 0xFE, 0xCD, 0x01, 0xFE,
    0xFE, 0xCD, 0x01, 0xFE, 0xFE, 0xCD, 0x01, 0xFE, 0xFE, 0xCD, 0x01, 0xFE, 0xFE, 0xCD, 0x01, 0xFE,
    0xFE, 0xCD, 0x01, 0xFE, 0xFE, 0xCD, 0x01, 0xFE, 0xFE, 0xCD, 0x01, 0xFE, 0xFE, 0xCD, 0x01, 0xFE,
    0xFE, 0xCD, 0x01, 0xFE, 0xFE, 0xCD, 0x01, 0xFE, 0xFE, 0xCD, 0x01, 0xFE, 0xFE, 0xCD, 0x01, 0xFE,
    0xFE, 0xCD, 0x01, 0xFE, 0xFE, 0xCD, 0x01, 0xFE, 0xFE, 0xCD, 0x01, 0xFE, 0xFE, 0xCD, 0x01, 0xFE,
    0xFE, 0xCD, 0x01, 0xFE, 0xFE, 0xCD, 0x01, 0xFE, 0xFE, 0xCD, 0x01, 0xFE, 0xFE, 0xCD, 0x01, 0xFE,
    0xFE, 0xCD, 0x01, 0xFE, 0xFE, 0xCD, 0x01, 0xFE, 0xFE, 0xCD, 0x01, 0xFE, 0xFE, 0xCD, 0x01, 0xFE,
    0xFE, 0xCD, 0x01, 0xFE, 0xFE, 0xCD, 0x01, 0xFE, 0xFE, 0xCD, 0x01, 0xFE, 0xFE, 0xCD, 0x01, 0xFE,
    0xFE, 0xCD, 0x01, 0xFE, 0xFE, 0xCD, 0x01, 0xFE, 0xFE, 0xCD, 0x01, 0xFE, 0xFE, 0xCD, 0x01, 0xFE,
    0xFE, 0xCD, 0x01, 0xFE, 0xFE, 0xCD, 0x01, 0xFE, 0xFE, 0xCD, 0x01, 0xFE, 0xFE, 0xCD, 0x01, 0xFE,
    0xFE, 0xCD, 0x01, 0xFE, 0xFE, 0xCD, 0x01, 0xFE, 0xFE, 0xCD, 0x01, 0xFE, 0xFE, 0xCD, 0x01, 0xFE,
    0xFE, 0xCD, 0x01, 0xFE, 0xFE, 0xCD, 0x01, 0xFE, 0xFE, 0xCD, 0x01, 0xFE, 0xFE, 0xCD, 0x01, 0xFE,
    0xFE, 0xCD, 0x01, 0xFE, 0xFE, 0xCD, 0x01, 0xFE, 0xFE, 0xCD, 0x01, 0xFE, 0xFE, 0xCD, 0x01, 0xFE,
    0xFE, 0xCD, 0x01, 0xFE, 0xFE, 0xCD, 0x01, 0xFE, 0xFE, 0xCD, 0x01, 0xFE, 0xFE, 0xCD, 0x01, 0xFE,
    0xFE, 0xCD, 0x01, 0xFE, 0xFE, 0xCD, 0x01, 0xFE, 0xFE, 0xCD, 0x01, 0xFE, 0xFE, 0xCD, 0x01, 0xFE,
    0xFE, 0xCD, 0x01, 0xFE, 0xFE, 0xCD, 0x01, 0xFE, 0xFE, 0xCD, 0x01, 0xFE, 0xFE, 0xCD, 0x01, 0xFE,
    0xFE, 0xCD, 0x01, 0xFE, 0xFE, 0xCD, 0x01, 0xFE, 0xFE, 0xCD, 0x01, 0xFE, 0xFE, 0xCD, 0x01, 0xFE,
    0xFE, 0xCD, 0x01, 0xFE, 0xFE, 0xCD, 0x01, 0xFE, 0xFE, 0xCD, 0x01, 0xFE, 0xFE, 0xCD, 0x01, 0xFE,
    0xFE, 0xCD, 0x01, 0xFE, 0xFE, 0xCD, 0x01, 0xFE, 0xFE, 0xCD, 0x01, 0xFE, 0xFE, 0xCD, 0x01, 0xFE,
    0xFE, 0xCD, 0x01, 0xFE, 0xFE, 0xCD, 0x01, 0xFE, 0xFE, 0xCD, 0x01, 0xFF, 0xFE, 0xCD, 0x01, 0xFF,
    0xFE, 0xCD, 0x01, 0xFF, 0xFE, 0xCD, 0x01, 0xFF, 0xFE, 0xCD, 0x01, 0xFF, 0xFE, 0xCD, 0x01, 0xFF,
    0xFE, 0xCD, 0x01, 0xFF, 0xFE, 0xCD, 0x01, 0xFF, 0xFE, 0xCD, 0x01, 0xFF, 0xFE, 0xCD, 0x01, 0xFF,
    0xFE, 0xCD, 0x01, 0xFF, 0xFE, 0xCD, 0x01, 0xFF, 0xFE, 0xCD, 0x01, 0xFF, 0xFE, 0xCD, 0x01, 0xFF,
    0xFE, 0xCD, 0x01, 0xFF, 0xFE, 0xCD, 0x01, 0xFF, 0xFE, 0xCD, 0x01, 0xFF, 0xFE, 0xCD, 0x01, 0xFF,
    0xFE, 0xCD, 0x01, 0xFF, 0xFE, 0xCD, 0x01, 0xFF, 0xFE, 0xCD, 0x01, 0xFF, 0xFE, 0xCD, 0x01, 0xFF,
    0xFE, 0xCD, 0x01, 0xFF, 0xFE, 0xCD, 0x01, 0xFF, 0xFE, 0xCD, 0x01, 0xFF, 0xFE, 0xCD, 0x01, 0xFF,
    0xFE, 0xCD, 0x01, 0xFF, 0xFE, 0xCD, 0x01, 0xFF, 0xFE, 0xCD, 0x01, 0xFF, 0xFE, 0xCD, 0x01, 0xFF,
    0xFE, 0xCD, 0x01, 0xFF, 0xFE, 0xCD, 0x01, 0xFF, 0xFE, 0xCD, 0x01, 0xFF, 0xFE, 0xCD, 0x01, 0xFF,
    0xFE, 0xCD, 0x01, 0xFF, 0xFE, 0xCD, 0x01, 0xFF, 0xFE, 0xCD, 0x01, 0xFF, 0xFE, 0xCD, 0x01, 0xFF,
    0xFE, 0xCD, 0x01, 0xFF, 0xFE, 0xCD, 0x01, 0xFF, 0xFE, 0xCD, 0x01, 0xFF, 0xFE, 0xCD, 0x01, 0xFF,
    0xFE, 0xCD, 0x01, 0xFF, 0xFE, 0xCD, 0x01, 0xFF, 0xFE, 0xCD, 0x01, 0xFF, 0xFE, 0xCD, 0x01, 0xFF,
    0xFE, 0xCD, 0x01, 0xFF, 0xFE, 0xCD, 0x01, 0xFF, 0xFE, 0xCD, 0x01, 0xFF, 0xFE, 0xCD, 0x01, 0xFF,
    0x00, 0x00, 0x00, 0xFF, 0x00, 0x00, 0x00, 0xFF, 0x00, 0x00, 0x00, 0xFF, 0x00, 0x00, 0x00, 0xFF,
    0x00, 0x00, 0x00, 0x1B, 0x00, 0x00, 0x00, 0x00, 0x00, 0x00, 0x00, 0x00, 0x00, 0x00, 0x00, 0x00,
    0x00, 0x00, 0x00, 0x00, 0x00, 0x00, 0x00, 0x00, 0x00, 0x00, 0x00, 0x40, 0x00, 0x00, 0x00, 0xFF,
    0x08, 0x00, 0x00, 0xFF, 0x08, 0x00, 0x00, 0xFF, 0x08, 0x00, 0x00, 0xFF, 0xCE, 0x3C, 0x21, 0xFF,
    0xF7, 0x45, 0x29, 0xFF, 0xF7, 0x45, 0x29, 0xFF, 0xF7, 0x45, 0x29, 0xFF, 0xF7, 0x45, 0x29, 0xFF,
    0xF9, 0x47, 0x28, 0xFF, 0xF9, 0x47, 0x28, 0xFF, 0xF9, 0x47, 0x28, 0xFF, 0xF9, 0x47, 0x28, 0xFF,
    0xF9, 0x47, 0x28, 0xFF, 0xF9, 0x47, 0x28, 0xFF, 0xF9, 0x47, 0x28, 0xFF, 0xF9, 0x47, 0x28, 0xFF,
    0xF9, 0x47, 0x28, 0xFF, 0xF9, 0x47, 0x28, 0xFF, 0xF9, 0x47, 0x28, 0xFF, 0xF9, 0x47, 0x28, 0xFF,
    0xF9, 0x47, 0x28, 0xFF, 0xF9, 0x47, 0x28, 0xFF, 0xF9, 0x47, 0x28, 0xFF, 0xF9, 0x47, 0x28, 0xFF,
    0xF9, 0x47, 0x28, 0xFF, 0xF9, 0x47, 0x28, 0xFF, 0xF9, 0x47, 0x28, 0xFF, 0xF9, 0x47, 0x28, 0xFF,
    0xF9, 0x47, 0x28, 0xFF, 0xF9, 0x47, 0x28, 0xFF, 0xF9, 0x47, 0x28, 0xFF, 0xF9, 0x47, 0x28, 0xFF,
    0xF9, 0x47, 0x28, 0xFF, 0xF9, 0x47, 0x28, 0xFF, 0xF9, 0x47, 0x28, 0xFF, 0xF9, 0x47, 0x28, 0xFF,
    0xF9, 0x47, 0x28, 0xFF, 0xF9, 0x47, 0x28, 0xFF, 0xF9, 0x47, 0x28, 0xFF, 0xF9, 0x47, 0x28, 0xFF,
    0xF9, 0x47, 0x28, 0xFF, 0xF9, 0x47, 0x28, 0xFF, 0xF9, 0x47, 0x28, 0xFF, 0xF9, 0x47, 0x28, 0xFF,
    0xF9, 0x47, 0x28, 0xFF, 0xF9, 0x47, 0x28, 0xFF, 0xF9, 0x47, 0x28, 0xFF, 0xF9, 0x47, 0x28, 0xFF,
    0xF9, 0x47, 0x28, 0xFF, 0xF9, 0x47, 0x28, 0xFF, 0xF9, 0x47, 0x28, 0xFF, 0xF9, 0x47, 0x28, 0xFF,
    0xF7, 0x45, 0x29, 0xFF, 0xA7, 0x2F, 0x1B, 0xFF, 0x08, 0x04, 0x00, 0xFF, 0x08, 0x04, 0x00, 0xFF,
    0x00, 0x00, 0x00, 0xFF, 0xD1, 0xB5, 0x42, 0xFF, 0xFE, 0xCD, 0x01, 0xFF, 0xFE, 0xCD, 0x01, 0xFF,
    0xFE, 0xCD, 0x01, 0xFF, 0xFE, 0xCD, 0x01, 0xFE, 0xFE, 0xCD, 0x01, 0xFE, 0xFE, 0xCD, 0x01, 0xFE,
    0xFE, 0xCD, 0x01, 0xFE, 0xFE, 0xCD, 0x01, 0xFE, 0xFE, 0xCD, 0x01, 0xFE, 0xFE, 0xCD, 0x01, 0xFE,
    0xFE, 0xCD, 0x01, 0xFE, 0xFE, 0xCD, 0x01, 0xFE, 0xFE, 0xCD, 0x01, 0xFE, 0xFE, 0xCD, 0x01, 0xFE,
    0xFE, 0xCD, 0x01, 0xFE, 0xFE, 0xCD, 0x01, 0xFE, 0xFE, 0xCD, 0x01, 0xFE, 0xFE, 0xCD, 0x01, 0xFE,
    0xFE, 0xCD, 0x01, 0xFE, 0xFE, 0xCD, 0x01, 0xFE, 0xFE, 0xCD, 0x01, 0xFE, 0xFE, 0xCD, 0x01, 0xFE,
    0xFE, 0xCD, 0x01, 0xFE, 0xFE, 0xCD, 0x01, 0xFE, 0xFE, 0xCD, 0x01, 0xFE, 0xFE, 0xCD, 0x01, 0xFE,
    0xFE, 0xCD, 0x01, 0xFE, 0xFE, 0xCD, 0x01, 0xFE, 0xFE, 0xCD, 0x01, 0xFE, 0xFE, 0xCD, 0x01, 0xFE,
    0xFE, 0xCD, 0x01, 0xFE, 0xFE, 0xCD, 0x01, 0xFE, 0xFE, 0xCD, 0x01, 0xFE, 0xFE, 0xCD, 0x01, 0xFE,
    0xFE, 0xCD, 0x01, 0xFE, 0xFE, 0xCD, 0x01, 0xFE, 0xFE, 0xCD, 0x01, 0xFE, 0xFE, 0xCD, 0x01, 0xFE,
    0xFE, 0xCD, 0x01, 0xFE, 0xFE, 0xCD, 0x01, 0xFE, 0xFE, 0xCD, 0x01, 0xFE, 0xFE, 0xCD, 0x01, 0xFE,
    0xFE, 0xCD, 0x01, 0xFE, 0xFE, 0xCD, 0x01, 0xFE, 0xFE, 0xCD, 0x01, 0xFE, 0xFE, 0xCD, 0x01, 0xFE,
    0xFE, 0xCD, 0x01, 0xFE, 0xFE, 0xCD, 0x01, 0xFE, 0xFE, 0xCD, 0x01, 0xFE, 0xFE, 0xCD, 0x01, 0xFE,
    0xFE, 0xCD, 0x01, 0xFE, 0xFE, 0xCD, 0x01, 0xFE, 0xFE, 0xCD, 0x01, 0xFE, 0xFE, 0xCD, 0x01, 0xFE,
    0xFE, 0xCD, 0x01, 0xFE, 0xFE, 0xCD, 0x01, 0xFE, 0xFE, 0xCD, 0x01, 0xFE, 0xFE, 0xCD, 0x01, 0xFE,
    0xFE, 0xCD, 0x01, 0xFE, 0xFE, 0xCD, 0x01, 0xFE, 0xFE, 0xCD, 0x01, 0xFE, 0xFE, 0xCD, 0x01, 0xFE,
    0xFE, 0xCD, 0x01, 0xFE, 0xFE, 0xCD, 0x01, 0xFE, 0xFE, 0xCD, 0x01, 0xFE, 0xFE, 0xCD, 0x01, 0xFE,
    0xFE, 0xCD, 0x01, 0xFE, 0xFE, 0xCD, 0x01, 0xFE, 0xFE, 0xCD, 0x01, 0xFE, 0xFE, 0xCD, 0x01, 0xFE,
    0xFE, 0xCD, 0x01, 0xFE, 0xFE, 0xCD, 0x01, 0xFE, 0xFE, 0xCD, 0x01, 0xFE, 0xFE, 0xCD, 0x01, 0xFE,
    0xFE, 0xCD, 0x01, 0xFE, 0xFE, 0xCD, 0x01, 0xFE, 0xFE, 0xCD, 0x01, 0xFE, 0xFE, 0xCD, 0x01, 0xFE,
    0xFE, 0xCD, 0x01, 0xFE, 0xFE, 0xCD, 0x01, 0xFE, 0xFE, 0xCD, 0x01, 0xFE, 0xFE, 0xCD, 0x01, 0xFE,
    0xFE, 0xCD, 0x01, 0xFE, 0xFE, 0xCD, 0x01, 0xFE, 0xFE, 0xCD, 0x01, 0xFE, 0xFE, 0xCD, 0x01, 0xFE,
    0xFE, 0xCD, 0x01, 0xFE, 0xFE, 0xCD, 0x01, 0xFE, 0xFE, 0xCD, 0x01, 0xFE, 0xFE, 0xCD, 0x01, 0xFE,
    0xFE, 0xCD, 0x01, 0xFE, 0xFE, 0xCD, 0x01, 0xFE, 0xFE, 0xCD, 0x01, 0xFE, 0xFE, 0xCD, 0x01, 0xFE,
    0xFE, 0xCD, 0x01, 0xFE, 0xFE, 0xCD, 0x01, 0xFE, 0xFE, 0xCD, 0x01, 0xFE, 0xFE, 0xCD, 0x01, 0xFE,
    0xFE, 0xCD, 0x01, 0xFE, 0xFE, 0xCD, 0x01, 0xFE, 0xFE, 0xCD, 0x01, 0xFE, 0xFE, 0xCD, 0x01, 0xFE,
    0xFE, 0xCD, 0x01, 0xFE, 0xFE, 0xCD, 0x01, 0xFE, 0xFE, 0xCD, 0x01, 0xFE, 0xFE, 0xCD, 0x01, 0xFE,
    0xFE, 0xCD, 0x01, 0xFE, 0xFE, 0xCD, 0x01, 0xFE, 0xFE, 0xCD, 0x01, 0xFE, 0xFE, 0xCD, 0x01, 0xFE,
    0xFE, 0xCD, 0x01, 0xFE, 0xFE, 0xCD, 0x01, 0xFE, 0xFE, 0xCD, 0x01, 0xFE, 0xFE, 0xCD, 0x01, 0xFE,
    0xFE, 0xCD, 0x01, 0xFE, 0xFE, 0xCD, 0x01, 0xFE, 0xFE, 0xCD, 0x01, 0xFE, 0xFE, 0xCD, 0x01, 0xFE,
    0xFE, 0xCD, 0x01, 0xFE, 0xFE, 0xCD, 0x01, 0xFE, 0xFE, 0xCD, 0x01, 0xFE, 0xFE, 0xCD, 0x01, 0xFE,
    0xFE, 0xCD, 0x01, 0xFE, 0xFE, 0xCD, 0x01, 0xFE, 0xFE, 0xCD, 0x01, 0xFE, 0xFE, 0xCD, 0x01, 0xFE,
    0xFE, 0xCD, 0x01, 0xFE, 0xFE, 0xCD, 0x01, 0xFE, 0xFE, 0xCD, 0x01, 0xFE, 0xFE, 0xCD, 0x01, 0xFE,
    0xFE, 0xCD, 0x01, 0xFE, 0xFE, 0xCD, 0x01, 0xFE, 0xFE, 0xCD, 0x01, 0xFE, 0xFE, 0xCD, 0x01, 0xFE,
    0xFE, 0xCD, 0x01, 0xFE, 0xFE, 0xCD, 0x01, 0xFE, 0xFE, 0xCD, 0x01, 0xFE, 0xFE, 0xCD, 0x01, 0xFE,
    0xFE, 0xCD, 0x01, 0xFE, 0xFE, 0xCD, 0x01, 0xFE, 0xFE, 0xCD, 0x01, 0xFE, 0xFE, 0xCD, 0x01, 0xFE,
    0xFE, 0xCD, 0x01, 0xFE, 0xFE, 0xCD, 0x01, 0xFE, 0xFE, 0xCD, 0x01, 0xFE, 0xFE, 0xCD, 0x01, 0xFE,
    0xFE, 0xCD, 0x01, 0xFE, 0xFE, 0xCD, 0x01, 0xFE, 0xFE, 0xCD, 0x01, 0xFE, 0xFE, 0xCD, 0x01, 0xFE,
    0xFE, 0xCD, 0x01, 0xFE, 0xFE, 0xCD, 0x01, 0xFE, 0xFE, 0xCD, 0x01, 0xFF, 0xFE, 0xCD, 0x01, 0xFF,
    0xFE, 0xCD, 0x01, 0xFF, 0xFE, 0xCD, 0x01, 0xFF, 0xFE, 0xCD, 0x01, 0xFF, 0xFE, 0xCD, 0x01, 0xFF,
    0xFE, 0xCD, 0x01, 0xFF, 0xFE, 0xCD, 0x01, 0xFF, 0xFE, 0xCD, 0x01, 0xFF, 0xFE, 0xCD, 0x01, 0xFF,
    0xFE, 0xCD, 0x01, 0xFF, 0xFE, 0xCD, 0x01, 0xFF, 0xFE, 0xCD, 0x01, 0xFF, 0xFE, 0xCD, 0x01, 0xFF,
    0xFE, 0xCD, 0x01, 0xFF, 0xFE, 0xCD, 0x01, 0xFF, 0xFE, 0xCD, 0x01, 0xFF, 0xFE, 0xCD, 0x01, 0xFF,
    0xFE, 0xCD, 0x01, 0xFF, 0xFE, 0xCD, 0x01, 0xFF, 0xFE, 0xCD, 0x01, 0xFF, 0xFE, 0xCD, 0x01, 0xFF,
    0xFE, 0xCD, 0x01, 0xFF, 0xFE, 0xCD, 0x01, 0xFF, 0xFE, 0xCD, 0x01, 0xFF, 0xFE, 0xCD, 0x01, 0xFF,
    0xFE, 0xCD, 0x01, 0xFF, 0xFE, 0xCD, 0x01, 0xFF, 0xFE, 0xCD, 0x01, 0xFF, 0xFE, 0xCD, 0x01, 0xFF,
    0xFE, 0xCD, 0x01, 0xFF, 0xFE, 0xCD, 0x01, 0xFF, 0xFE, 0xCD, 0x01, 0xFF, 0xFE, 0xCD, 0x01, 0xFF,
    0xFE, 0xCD, 0x01, 0xFF, 0xFE, 0xCD, 0x01, 0xFF, 0xFE, 0xCD, 0x01, 0xFF, 0xFE, 0xCD, 0x01, 0xFF,
    0xFE, 0xCD, 0x01, 0xFF, 0xFE, 0xCD, 0x01, 0xFF, 0xFE, 0xCD, 0x01, 0xFF, 0xFE, 0xCD, 0x01, 0xFF,
    0xFE, 0xCD, 0x01, 0xFF, 0xFE, 0xCD, 0x01, 0xFF, 0xFE, 0xCD, 0x01, 0xFF, 0xFE, 0xCD, 0x01, 0xFF,
    0xFE, 0xCD, 0x01, 0xFF, 0xFE, 0xCD, 0x01, 0xFF, 0xFE, 0xCD, 0x01, 0xFF, 0xC3, 0xA3, 0x27, 0xED,
    0x00, 0x00, 0x00, 0xFF, 0x00, 0x00, 0x00, 0xFF, 0x00, 0x00, 0x00, 0xFF, 0x00, 0x00, 0x00, 0xDA,
    0x00, 0x00, 0x00, 0x00, 0x00, 0x00, 0x00, 0x00, 0x00, 0x00, 0x00, 0x00, 0x00, 0x00, 0x00, 0x00,
    0x00, 0x00, 0x00, 0x00, 0x00, 0x00, 0x00, 0x00, 0x00, 0x00, 0x00, 0x00, 0x00, 0x00, 0x00, 0xF3,
    0x08, 0x00, 0x00, 0xFF, 0x08, 0x00, 0x00, 0xFF, 0x08, 0x00, 0x00, 0xFF, 0x4A, 0x14, 0x0B, 0xFF,
    0xF7, 0x45, 0x29, 0xFF, 0xF7, 0x45, 0x29, 0xFF, 0xF7, 0x45, 0x29, 0xFF, 0xF7, 0x45, 0x29, 0xFF,
    0xF9, 0x47, 0x28, 0xFF, 0xF9, 0x47, 0x28, 0xFF, 0xF9, 0x47, 0x28, 0xFF, 0xF9, 0x47, 0x28, 0xFF,
    0xF9, 0x47, 0x28, 0xFF, 0xF9, 0x47, 0x28, 0xFF, 0xF9, 0x47, 0x28, 0xFF, 0xF9, 0x47, 0x28, 0xFF,
    0xF9, 0x47, 0x28, 0xFF, 0xF9, 0x47, 0x28, 0xFF, 0xF9, 0x47, 0x28, 0xFF, 0xF9, 0x47, 0x28, 0xFF,
    0xF9, 0x47, 0x28, 0xFF, 0xF9, 0x47, 0x28, 0xFF, 0xF9, 0x47, 0x28, 0xFF, 0xF9, 0x47, 0x28, 0xFF,
    0xF9, 0x47, 0x28, 0xFF, 0xF9, 0x47, 0x28, 0xFF, 0xF9, 0x47, 0x28, 0xFF, 0xF9, 0x47, 0x28, 0xFF,
    0xF9, 0x47, 0x28, 0xFF, 0xF9, 0x47, 0x28, 0xFF, 0xF9, 0x47, 0x28, 0xFF, 0xF9, 0x47, 0x28, 0xFF,
    0xF9, 0x47, 0x28, 0xFF, 0xF9, 0x47, 0x28, 0xFF, 0xF9, 0x47, 0x28, 0xFF, 0xF9, 0x47, 0x28, 0xFF,
    0xF9, 0x47, 0x28, 0xFF, 0xF9, 0x47, 0x28, 0xFF, 0xF9, 0x47, 0x28, 0xFF, 0xF9, 0x47, 0x28, 0xFF,
    0xF9, 0x47, 0x28, 0xFF, 0xF9, 0x47, 0x28, 0xFF, 0xF9, 0x47, 0x28, 0xFF, 0xF9, 0x47, 0x28, 0xFF,
    0xF9, 0x47, 0x28, 0xFF, 0xF9, 0x47, 0x28, 0xFF, 0xF9, 0x47, 0x28, 0xFF, 0xF9, 0x47, 0x28, 0xFF,
    0xF9, 0x47, 0x28, 0xFF, 0xF9, 0x47, 0x28, 0xFF, 0xF9, 0x47, 0x28, 0xFF, 0xF9, 0x47, 0x28, 0xFF,
    0xF7, 0x45, 0x29, 0xFF, 0x57, 0x19, 0x0D, 0xFF, 0x08, 0x04, 0x00, 0xFF, 0x08, 0x04, 0x00, 0xFF,
    0x00, 0x00, 0x00, 0xFF, 0xFE, 0xCD, 0x01, 0xFF, 0xFE, 0xCD, 0x01, 0xFF, 0xFE, 0xCD, 0x01, 0xFF,
    0xFE, 0xCD, 0x01, 0xFF, 0xFE, 0xCD, 0x01, 0xFE, 0xFE, 0xCD, 0x01, 0xFE, 0xFE, 0xCD, 0x01, 0xFE,
    0xFE, 0xCD, 0x01, 0xFE, 0xFE, 0xCD, 0x01, 0xFE, 0xFE, 0xCD, 0x01, 0xFE, 0xFE, 0xCD, 0x01, 0xFE,
    0xFE, 0xCD, 0x01, 0xFE, 0xFE, 0xCD, 0x01, 0xFE, 0xFE, 0xCD, 0x01, 0xFE, 0xFE, 0xCD, 0x01, 0xFE,
    0xFE, 0xCD, 0x01, 0xFE, 0xFE, 0xCD, 0x01, 0xFE, 0xFE, 0xCD, 0x01, 0xFE, 0xFE, 0xCD, 0x01, 0xFE,
    0xFE, 0xCD, 0x01, 0xFE, 0xFE, 0xCD, 0x01, 0xFE, 0xFE, 0xCD, 0x01, 0xFE, 0xFE, 0xCD, 0x01, 0xFE,
    0xFE, 0xCD, 0x01, 0xFE, 0xFE, 0xCD, 0x01, 0xFE, 0xFE, 0xCD, 0x01, 0xFE, 0xFE, 0xCD, 0x01, 0xFE,
    0xFE, 0xCD, 0x01, 0xFE, 0xFE, 0xCD, 0x01, 0xFE, 0xFE, 0xCD, 0x01, 0xFE, 0xFE, 0xCD, 0x01, 0xFE,
    0xFE, 0xCD, 0x01, 0xFE, 0xFE, 0xCD, 0x01, 0xFE, 0xFE, 0xCD, 0x01, 0xFE, 0xFE, 0xCD, 0x01, 0xFE,
    0xFE, 0xCD, 0x01, 0xFE, 0xFE, 0xCD, 0x01, 0xFE, 0xFE, 0xCD, 0x01, 0xFE, 0xFE, 0xCD, 0x01, 0xFE,
    0xFE, 0xCD, 0x01, 0xFE, 0xFE, 0xCD, 0x01, 0xFE, 0xFE, 0xCD, 0x01, 0xFE, 0xFE, 0xCD, 0x01, 0xFE,
    0xFE, 0xCD, 0x01, 0xFE, 0xFE, 0xCD, 0x01, 0xFE, 0xFE, 0xCD, 0x01, 0xFE, 0xFE, 0xCD, 0x01, 0xFE,
    0xFE, 0xCD, 0x01, 0xFE, 0xFE, 0xCD, 0x01, 0xFE, 0xFE, 0xCD, 0x01, 0xFE, 0xFE, 0xCD, 0x01, 0xFE,
    0xFE, 0xCD, 0x01, 0xFE, 0xFE, 0xCD, 0x01, 0xFE, 0xFE, 0xCD, 0x01, 0xFE, 0xFE, 0xCD, 0x01, 0xFE,
    0xFE, 0xCD, 0x01, 0xFE, 0xFE, 0xCD, 0x01, 0xFE, 0xFE, 0xCD, 0x01, 0xFE, 0xFE, 0xCD, 0x01, 0xFE,
    0xFE, 0xCD, 0x01, 0xFE, 0xFE, 0xCD, 0x01, 0xFE, 0xFE, 0xCD, 0x01, 0xFE, 0xFE, 0xCD, 0x01, 0xFE,
    0xFE, 0xCD, 0x01, 0xFE, 0xFE, 0xCD, 0x01, 0xFE, 0xFE, 0xCD, 0x01, 0xFE, 0xFE, 0xCD, 0x01, 0xFE,
    0xFE, 0xCD, 0x01, 0xFE, 0xFE, 0xCD, 0x01, 0xFE, 0xFE, 0xCD, 0x01, 0xFE, 0xFE, 0xCD, 0x01, 0xFE,
    0xFE, 0xCD, 0x01, 0xFE, 0xFE, 0xCD, 0x01, 0xFE, 0xFE, 0xCD, 0x01, 0xFE, 0xFE, 0xCD, 0x01, 0xFE,
    0xFE, 0xCD, 0x01, 0xFE, 0xFE, 0xCD, 0x01, 0xFE, 0xFE, 0xCD, 0x01, 0xFE, 0xFE, 0xCD, 0x01, 0xFE,
    0xFE, 0xCD, 0x01, 0xFE, 0xFE, 0xCD, 0x01, 0xFE, 0xFE, 0xCD, 0x01, 0xFE, 0xFE, 0xCD, 0x01, 0xFE,
    0xFE, 0xCD, 0x01, 0xFE, 0xFE, 0xCD, 0x01, 0xFE, 0xFE, 0xCD, 0x01, 0xFE, 0xFE, 0xCD, 0x01, 0xFE,
    0xFE, 0xCD, 0x01, 0xFE, 0xFE, 0xCD, 0x01, 0xFE, 0xFE, 0xCD, 0x01, 0xFE, 0xFE, 0xCD, 0x01, 0xFE,
    0xFE, 0xCD, 0x01, 0xFE, 0xFE, 0xCD, 0x01, 0xFE, 0xFE, 0xCD, 0x01, 0xFE, 0xFE, 0xCD, 0x01, 0xFE,
    0xFE, 0xCD, 0x01, 0xFE, 0xFE, 0xCD, 0x01, 0xFE, 0xFE, 0xCD, 0x01, 0xFE, 0xFE, 0xCD, 0x01, 0xFE,
    0xFE, 0xCD, 0x01, 0xFE, 0xFE, 0xCD, 0x01, 0xFE, 0xFE, 0xCD, 0x01, 0xFE, 0xFE, 0xCD, 0x01, 0xFE,
    0xFE, 0xCD, 0x01, 0xFE, 0xFE, 0xCD, 0x01, 0xFE, 0xFE, 0xCD, 0x01, 0xFE, 0xFE, 0xCD, 0x01, 0xFE,
    0xFE, 0xCD, 0x01, 0xFE, 0xFE, 0xCD, 0x01, 0xFE, 0xFE, 0xCD, 0x01, 0xFE, 0xFE, 0xCD, 0x01, 0xFE,
    0xFE, 0xCD, 0x01, 0xFE, 0xFE, 0xCD, 0x01, 0xFE, 0xFE, 0xCD, 0x01, 0xFE, 0xFE, 0xCD, 0x01, 0xFE,
    0xFE, 0xCD, 0x01, 0xFE, 0xFE, 0xCD, 0x01, 0xFE, 0xFE, 0xCD, 0x01, 0xFE, 0xFE, 0xCD, 0x01, 0xFE,
    0xFE, 0xCD, 0x01, 0xFE, 0xFE, 0xCD, 0x01, 0xFE, 0xFE, 0xCD, 0x01, 0xFE, 0xFE, 0xCD, 0x01, 0xFE,
    0xFE, 0xCD, 0x01, 0xFE, 0xFE, 0xCD, 0x01, 0xFE, 0xFE, 0xCD, 0x01, 0xFE, 0xFE, 0xCD, 0x01, 0xFE,
    0xFE, 0xCD, 0x01, 0xFE, 0xFE, 0xCD, 0x01, 0xFE, 0xFE, 0xCD, 0x01, 0xFE, 0xFE, 0xCD, 0x01, 0xFE,
    0xFE, 0xCD, 0x01, 0xFE, 0xFE, 0xCD, 0x01, 0xFE, 0xFE, 0xCD, 0x01, 0xFE, 0xFE, 0xCD, 0x01, 0xFE,
    0xFE, 0xCD, 0x01, 0xFE, 0xFE, 0xCD, 0x01, 0xFE, 0xFE, 0xCD, 0x01, 0xFE, 0xFE, 0xCD, 0x01, 0xFE,
    0xFE, 0xCD, 0x01, 0xFE, 0xFE, 0xCD, 0x01, 0xFE, 0xFE, 0xCD, 0x01, 0xFE, 0xFE, 0xCD, 0x01, 0xFE,
    0xFE, 0xCD, 0x01, 0xFE, 0xFE, 0xCD, 0x01, 0xFE, 0xFE, 0xCD, 0x01, 0xFE, 0xFE, 0xCD, 0x01, 0xFE,
    0xFE, 0xCD, 0x01, 0xFE, 0xFE, 0xCD, 0x01, 0xFE, 0xFE, 0xCD, 0x01, 0xFE, 0xFE, 0xCD, 0x01, 0xFE,
    0xFE, 0xCD, 0x01, 0xFE, 0xFE, 0xCD, 0x01, 0xFE, 0xFE, 0xCD, 0x01, 0xFE, 0xFE, 0xCD, 0x01, 0xFF,
    0xFE, 0xCD, 0x01, 0xFF, 0xFE, 0xCD, 0x01, 0xFF, 0xFE, 0xCD, 0x01, 0xFF, 0xFE, 0xCD, 0x01, 0xFF,
    0xFE, 0xCD, 0x01, 0xFF, 0xFE, 0xCD, 0x01, 0xFF, 0xFE, 0xCD, 0x01, 0xFF, 0xFE, 0xCD, 0x01, 0xFF,
    0xFE, 0xCD, 0x01, 0xFF, 0xFE, 0xCD, 0x01, 0xFF, 0xFE, 0xCD, 0x01, 0xFF, 0xFE, 0xCD, 0x01, 0xFF,
    0xFE, 0xCD, 0x01, 0xFF, 0xFE, 0xCD, 0x01, 0xFF, 0xFE, 0xCD, 0x01, 0xFF, 0xFE, 0xCD, 0x01, 0xFF,
    0xFE, 0xCD, 0x01, 0xFF, 0xFE, 0xCD, 0x01, 0xFF, 0xFE, 0xCD, 0x01, 0xFF, 0xFE, 0xCD, 0x01, 0xFF,
    0xFE, 0xCD, 0x01, 0xFF, 0xFE, 0xCD, 0x01, 0xFF, 0xFE, 0xCD, 0x01, 0xFF, 0xFE, 0xCD, 0x01, 0xFF,
    0xFE, 0xCD, 0x01, 0xFF, 0xFE, 0xCD, 0x01, 0xFF, 0xFE, 0xCD, 0x01, 0xFF, 0xFE, 0xCD, 0x01, 0xFF,
    0xFE, 0xCD, 0x01, 0xFF, 0xFE, 0xCD, 0x01, 0xFF, 0xFE, 0xCD, 0x01, 0xFF, 0xFE, 0xCD, 0x01, 0xFF,
    0xFE, 0xCD, 0x01, 0xFF, 0xFE, 0xCD, 0x01, 0xFF, 0xFE, 0xCD, 0x01, 0xFF, 0xFE, 0xCD, 0x01, 0xFF,
    0xFE, 0xCD, 0x01, 0xFF, 0xFE, 0xCD, 0x01, 0xFF, 0xFE, 0xCD, 0x01, 0xFF, 0xFE, 0xCD, 0x01, 0xFF,
    0xFE, 0xCD, 0x01, 0xFF, 0xFE, 0xCD, 0x01, 0xFF, 0xFE, 0xCD, 0x01, 0xFF, 0xFE, 0xCD, 0x01, 0xFF,
    0xFE, 0xCD, 0x01, 0xFF, 0xFE, 0xCD, 0x01, 0xFF, 0xFE, 0xCD, 0x01, 0xFF, 0x1E, 0x1D, 0x17, 0xF4,
    0x00, 0x00, 0x00, 0xFF, 0x00, 0x00, 0x00, 0xFF, 0x00, 0x00, 0x00, 0xFF, 0x00, 0x00, 0x00, 0x91,
    0x00, 0x00, 0x00, 0x00, 0x00, 0x00, 0x00, 0x00, 0x00, 0x00, 0x00, 0x00, 0x00, 0x00, 0x00, 0x00,
    0x00, 0x00, 0x00, 0x00, 0x00, 0x00, 0x00, 0x00, 0x00, 0x00, 0x00, 0x00, 0x00, 0x00, 0x00, 0xA9,
    0x08, 0x01, 0x01, 0xFF, 0x08, 0x00, 0x00, 0xFF, 0x08, 0x00, 0x00, 0xFF, 0x08, 0x00, 0x00, 0xFF,
    0xF7, 0x45, 0x29, 0xFF, 0xF7, 0x45, 0x29, 0xFF, 0xF7, 0x45, 0x29, 0xFF, 0xF7, 0x45, 0x29, 0xFF,
    0xF9, 0x47, 0x28, 0xFF, 0xF9, 0x47, 0x28, 0xFF, 0xF9, 0x47, 0x28, 0xFF, 0xF9, 0x47, 0x28, 0xFF,
    0xF9, 0x47, 0x28, 0xFF, 0xF9, 0x47, 0x28, 0xFF, 0xF9, 0x47, 0x28, 0xFF, 0xF9, 0x47, 0x28, 0xFF,
    0xF9, 0x47, 0x28, 0xFF, 0xF9, 0x47, 0x28, 0xFF, 0xF9, 0x47, 0x28, 0xFF, 0xF9, 0x47, 0x28, 0xFF,
    0xF9, 0x47, 0x28, 0xFF, 0xF9, 0x47, 0x28, 0xFF, 0xF9, 0x47, 0x28, 0xFF, 0xF9, 0x47, 0x28, 0xFF,
    0xF9, 0x47, 0x28, 0xFF, 0xF9, 0x47, 0x28, 0xFF, 0xF9, 0x47, 0x28, 0xFF, 0xF9, 0x47, 0x28, 0xFF,
    0xF9, 0x47, 0x28, 0xFF, 0xF9, 0x47, 0x28, 0xFF, 0xF9, 0x47, 0x28, 0xFF, 0xF9, 0x47, 0x28, 0xFF,
    0xF9, 0x47, 0x28, 0xFF, 0xF9, 0x47, 0x28, 0xFF, 0xF9, 0x47, 0x28, 0xFF, 0xF9, 0x47, 0x28, 0xFF,
    0xF9, 0x47, 0x28, 0xFF, 0xF9, 0x47, 0x28, 0xFF, 0xF9, 0x47, 0x28, 0xFF, 0xF9, 0x47, 0x28, 0xFF,
    0xF9, 0x47, 0x28, 0xFF, 0xF9, 0x47, 0x28, 0xFF, 0xF9, 0x47, 0x28, 0xFF, 0xF9, 0x47, 0x28, 0xFF,
    0xF9, 0x47, 0x28, 0xFF, 0xF9, 0x47, 0x28, 0xFF, 0xF9, 0x47, 0x28, 0xFF, 0xF9, 0x47, 0x28, 0xFF,
    0xF9, 0x47, 0x28, 0xFF, 0xF9, 0x47, 0x28, 0xFF, 0xF9, 0x47, 0x28, 0xFF, 0xF9, 0x47, 0x28, 0xFF,
    0xF7, 0x45, 0x29, 0xFF, 0x08, 0x04, 0x00, 0xFF, 0x08, 0x04, 0x00, 0xFF, 0x08, 0x04, 0x00, 0xFF,
    0x2E, 0x2E, 0x2E, 0xFF, 0xFE, 0xCD, 0x01, 0xFF, 0xFE, 0xCD, 0x01, 0xFF, 0xFE, 0xCD, 0x01, 0xFF,
    0xFE, 0xCD, 0x01, 0xFF, 0xFE, 0xCD, 0x01, 0xFE, 0xFE, 0xCD, 0x01, 0xFE, 0xFE, 0xCD, 0x01, 0xFE,
    0xFE, 0xCD, 0x01, 0xFE, 0xFE, 0xCD, 0x01, 0xFE, 0xFE, 0xCD, 0x01, 0xFE, 0xFE, 0xCD, 0x01, 0xFE,
    0xFE, 0xCD, 0x01, 0xFE, 0xFE, 0xCD, 0x01, 0xFE, 0xFE, 0xCD, 0x01, 0xFE, 0xFE, 0xCD, 0x01, 0xFE,
    0xFE, 0xCD, 0x01, 0xFE, 0xFE, 0xCD, 0x01, 0xFE, 0xFE, 0xCD, 0x01, 0xFE, 0xFE, 0xCD, 0x01, 0xFE,
    0xFE, 0xCD, 0x01, 0xFE, 0xFE, 0xCD, 0x01, 0xFE, 0xFE, 0xCD, 0x01, 0xFE, 0xFE, 0xCD, 0x01, 0xFE,
    0xFE, 0xCD, 0x01, 0xFE, 0xFE, 0xCD, 0x01, 0xFE, 0xFE, 0xCD, 0x01, 0xFE, 0xFE, 0xCD, 0x01, 0xFE,
    0xFE, 0xCD, 0x01, 0xFE, 0xFE, 0xCD, 0x01, 0xFE, 0xFE, 0xCD, 0x01, 0xFE, 0xFE, 0xCD, 0x01, 0xFE,
    0xFE, 0xCD, 0x01, 0xFE, 0xFE, 0xCD, 0x01, 0xFE, 0xFE, 0xCD, 0x01, 0xFE, 0xFE, 0xCD, 0x01, 0xFE,
    0xFE, 0xCD, 0x01, 0xFE, 0xFE, 0xCD, 0x01, 0xFE, 0xFE, 0xCD, 0x01, 0xFE, 0xFE, 0xCD, 0x01, 0xFE,
    0xFE, 0xCD, 0x01, 0xFE, 0xFE, 0xCD, 0x01, 0xFE, 0xFE, 0xCD, 0x01, 0xFE, 0xFE, 0xCD, 0x01, 0xFE,
    0xFE, 0xCD, 0x01, 0xFE, 0xFE, 0xCD, 0x01, 0xFE, 0xFE, 0xCD, 0x01, 0xFE, 0xFE, 0xCD, 0x01, 0xFE,
    0xFE, 0xCD, 0x01, 0xFE, 0xFE, 0xCD, 0x01, 0xFE, 0xFE, 0xCD, 0x01, 0xFE, 0xFE, 0xCD, 0x01, 0xFE,
    0xFE, 0xCD, 0x01, 0xFE, 0xFE, 0xCD, 0x01, 0xFE, 0xFE, 0xCD, 0x01, 0xFE, 0xFE, 0xCD, 0x01, 0xFE,
    0xFE, 0xCD, 0x01, 0xFE, 0xFE, 0xCD, 0x01, 0xFE, 0xFE, 0xCD, 0x01, 0xFE, 0xFE, 0xCD, 0x01, 0xFE,
    0xFE, 0xCD, 0x01, 0xFE, 0xFE, 0xCD, 0x01, 0xFE, 0xFE, 0xCD, 0x01, 0xFE, 0xFE, 0xCD, 0x01, 0xFE,
    0xFE, 0xCD, 0x01, 0xFE, 0xFE, 0xCD, 0x01, 0xFE, 0xFE, 0xCD, 0x01, 0xFE, 0xFE, 0xCD, 0x01, 0xFE,
    0xFE, 0xCD, 0x01, 0xFE, 0xFE, 0xCD, 0x01, 0xFE, 0xFE, 0xCD, 0x01, 0xFE, 0xFE, 0xCD, 0x01, 0xFE,
    0xFE, 0xCD, 0x01, 0xFE, 0xFE, 0xCD, 0x01, 0xFE, 0xFE, 0xCD, 0x01, 0xFE, 0xFE, 0xCD, 0x01, 0xFE,
    0xFE, 0xCD, 0x01, 0xFE, 0xFE, 0xCD, 0x01, 0xFE, 0xFE, 0xCD, 0x01, 0xFE, 0xFE, 0xCD, 0x01, 0xFE,
    0xFE, 0xCD, 0x01, 0xFE, 0xFE, 0xCD, 0x01, 0xFE, 0xFE, 0xCD, 0x01, 0xFE, 0xFE, 0xCD, 0x01, 0xFE,
    0xFE, 0xCD, 0x01, 0xFE, 0xFE, 0xCD, 0x01, 0xFE, 0xFE, 0xCD, 0x01, 0xFE, 0xFE, 0xCD, 0x01, 0xFE,
    0xFE, 0xCD, 0x01, 0xFE, 0xFE, 0xCD, 0x01, 0xFE, 0xFE, 0xCD, 0x01, 0xFE, 0xFE, 0xCD, 0x01, 0xFE,
    0xFE, 0xCD, 0x01, 0xFE, 0xFE, 0xCD, 0x01, 0xFE, 0xFE, 0xCD, 0x01, 0xFE, 0xFE, 0xCD, 0x01, 0xFE,
    0xFE, 0xCD, 0x01, 0xFE, 0xFE, 0xCD, 0x01, 0xFE, 0xFE, 0xCD, 0x01, 0xFE, 0xFE, 0xCD, 0x01, 0xFE,
    0xFE, 0xCD, 0x01, 0xFE, 0xFE, 0xCD, 0x01, 0xFE, 0xFE, 0xCD, 0x01, 0xFE, 0xFE, 0xCD, 0x01, 0xFE,
    0xFE, 0xCD, 0x01, 0xFE, 0xFE, 0xCD, 0x01, 0xFE, 0xFE, 0xCD, 0x01, 0xFE, 0xFE, 0xCD, 0x01, 0xFE,
    0xFE, 0xCD, 0x01, 0xFE, 0xFE, 0xCD, 0x01, 0xFE, 0xFE, 0xCD, 0x01, 0xFE, 0xFE, 0xCD, 0x01, 0xFE,
    0xFE, 0xCD, 0x01, 0xFE, 0xFE, 0xCD, 0x01, 0xFE, 0xFE, 0xCD, 0x01, 0xFE, 0xFE, 0xCD, 0x01, 0xFE,
    0xFE, 0xCD, 0x01, 0xFE, 0xFE, 0xCD, 0x01, 0xFE, 0xFE, 0xCD, 0x01, 0xFE, 0xFE, 0xCD, 0x01, 0xFE,
    0xFE, 0xCD, 0x01, 0xFE, 0xFE, 0xCD, 0x01, 0xFE, 0xFE, 0xCD, 0x01, 0xFE, 0xFE, 0xCD, 0x01, 0xFE,
    0xFE, 0xCD, 0x01, 0xFE, 0xFE, 0xCD, 0x01, 0xFE, 0xFE, 0xCD, 0x01, 0xFE, 0xFE, 0xCD, 0x01, 0xFE,
    0xFE, 0xCD, 0x01, 0xFE, 0xFE, 0xCD, 0x01, 0xFE, 0xFE, 0xCD, 0x01, 0xFE, 0xFE, 0xCD, 0x01, 0xFE,
    0xFE, 0xCD, 0x01, 0xFE, 0xFE, 0xCD, 0x01, 0xFE, 0xFE, 0xCD, 0x01, 0xFE, 0xFE, 0xCD, 0x01, 0xFE,
    0xFE, 0xCD, 0x01, 0xFE, 0xFE, 0xCD, 0x01, 0xFE, 0xFE, 0xCD, 0x01, 0xFE, 0xFE, 0xCD, 0x01, 0xFE,
    0xFE, 0xCD, 0x01, 0xFE, 0xFE, 0xCD, 0x01, 0xFE, 0xFE, 0xCD, 0x01, 0xFE, 0xFE, 0xCD, 0x01, 0xFE,
    0xFE, 0xCD, 0x01, 0xFE, 0xFE, 0xCD, 0x01, 0xFE, 0xFE, 0xCD, 0x01, 0xFE, 0xFE, 0xCD, 0x01, 0xFE,
    0xFE, 0xCD, 0x01, 0xFE, 0xFE, 0xCD, 0x01, 0xFE, 0xFE, 0xCD, 0x01, 0xFE, 0xFE, 0xCD, 0x01, 0xFE,
    0xFE, 0xCD, 0x01, 0xFE, 0xFE, 0xCD, 0x01, 0xFE, 0xFE, 0xCD, 0x01, 0xFE, 0xFE, 0xCD, 0x01, 0xFE,
    0xFE, 0xCD, 0x01, 0xFF, 0xFE, 0xCD, 0x01, 0xFF, 0xFE, 0xCD, 0x01, 0xFF, 0xFE, 0xCD, 0x01, 0xFF,
    0xFE, 0xCD, 0x01, 0xFF, 0xFE, 0xCD, 0x01, 0xFF, 0xFE, 0xCD, 0x01, 0xFF, 0xFE, 0xCD, 0x01, 0xFF,
    0xFE, 0xCD, 0x01, 0xFF, 0xFE, 0xCD, 0x01, 0xFF, 0xFE, 0xCD, 0x01, 0xFF, 0xFE, 0xCD, 0x01, 0xFF,
    0xFE, 0xCD, 0x01, 0xFF, 0xFE, 0xCD, 0x01, 0xFF, 0xFE, 0xCD, 0x01, 0xFF, 0xFE, 0xCD, 0x01, 0xFF,
    0xFE, 0xCD, 0x01, 0xFF, 0xFE, 0xCD, 0x01, 0xFF, 0xFE, 0xCD, 0x01, 0xFF, 0xFE, 0xCD, 0x01, 0xFF,
    0xFE, 0xCD, 0x01, 0xFF, 0xFE, 0xCD, 0x01, 0xFF, 0xFE, 0xCD, 0x01, 0xFF, 0xFE, 0xCD, 0x01, 0xFF,
    0xFE, 0xCD, 0x01, 0xFF, 0xFE, 0xCD, 0x01, 0xFF, 0xFE, 0xCD, 0x01, 0xFF, 0xFE, 0xCD, 0x01, 0xFF,
    0xFE, 0xCD, 0x01, 0xFF, 0xFE, 0xCD, 0x01, 0xFF, 0xFE, 0xCD, 0x01, 0xFF, 0xFE, 0xCD, 0x01, 0xFF,
    0xFE, 0xCD, 0x01, 0xFF, 0xFE, 0xCD, 0x01, 0xFF, 0xFE, 0xCD, 0x01, 0xFF, 0xFE, 0xCD, 0x01, 0xFF,
    0xFE, 0xCD, 0x01, 0xFF, 0xFE, 0xCD, 0x01, 0xFF, 0xFE, 0xCD, 0x01, 0xFF, 0xFE, 0xCD, 0x01, 0xFF,
    0xFE, 0xCD, 0x01, 0xFF, 0xFE, 0xCD, 0x01, 0xFF, 0xFE, 0xCD, 0x01, 0xFF, 0xFE, 0xCD, 0x01, 0xFF,
    0xFE, 0xCD, 0x01, 0xFF, 0xFE, 0xCD, 0x01, 0xFF, 0xFE, 0xCD, 0x01, 0xFF, 0x18, 0x18, 0x18, 0xFF,
    0x00, 0x00, 0x00, 0xFF, 0x00, 0x00, 0x00, 0xFF, 0x00, 0x00, 0x00, 0xFF, 0x00, 0x00, 0x00, 0x24,
    0x00, 0x00, 0x00, 0x00, 0x00, 0x00, 0x00, 0x00, 0x00, 0x00, 0x00, 0x00, 0x00, 0x00, 0x00, 0x00,
    0x00, 0x00, 0x00, 0x00, 0x00, 0x00, 0x00, 0x00, 0x00, 0x00, 0x00, 0x00, 0x00, 0x00, 0x00, 0x40,
    0x08, 0x04, 0x04, 0xFF, 0x08, 0x00, 0x00, 0xFF, 0x08, 0x00, 0x00, 0xFF, 0x08, 0x00, 0x00, 0xFF,
    0x7B, 0x24, 0x10, 0xFF, 0xF7, 0x45, 0x29, 0xFF, 0xF7, 0x45, 0x29, 0xFF, 0xF7, 0x45, 0x29, 0xFF,
    0xF9, 0x47, 0x28, 0xFF, 0xF9, 0x47, 0x28, 0xFF, 0xF9, 0x47, 0x28, 0xFF, 0xF9, 0x47, 0x28, 0xFF,
    0xF9, 0x47, 0x28, 0xFF, 0xF9, 0x47, 0x28, 0xFF, 0xF9, 0x47, 0x28, 0xFF, 0xF9, 0x47, 0x28, 0xFF,
    0xF9, 0x47, 0x28, 0xFF, 0xF9, 0x47, 0x28, 0xFF, 0xF9, 0x47, 0x28, 0xFF, 0xF9, 0x47, 0x28, 0xFF,
    0xF9, 0x47, 0x28, 0xFF, 0xF9, 0x47, 0x28, 0xFF, 0xF9, 0x47, 0x28, 0xFF, 0xF9, 0x47, 0x28, 0xFF,
    0xF9, 0x47, 0x28, 0xFF, 0xF9, 0x47, 0x28, 0xFF, 0xF9, 0x47, 0x28, 0xFF, 0xF9, 0x47, 0x28, 0xFF,
    0xF9, 0x47, 0x28, 0xFF, 0xF9, 0x47, 0x28, 0xFF, 0xF9, 0x47, 0x28, 0xFF, 0xF9, 0x47, 0x28, 0xFF,
    0xF9, 0x47, 0x28, 0xFF, 0xF9, 0x47, 0x28, 0xFF, 0xF9, 0x47, 0x28, 0xFF, 0xF9, 0x47, 0x28, 0xFF,
    0xF9, 0x47, 0x28, 0xFF, 0xF9, 0x47, 0x28, 0xFF, 0xF9, 0x47, 0x28, 0xFF, 0xF9, 0x47, 0x28, 0xFF,
    0xF9, 0x47, 0x28, 0xFF, 0xF9, 0x47, 0x28, 0xFF, 0xF9, 0x47, 0x28, 0xFF, 0xF9, 0x47, 0x28, 0xFF,
    0xF9, 0x47, 0x28, 0xFF, 0xF9, 0x47, 0x28, 0xFF, 0xF9, 0x47, 0x28, 0xFF, 0xF9, 0x47, 0x28, 0xFF,
    0xF9, 0x47, 0x28, 0xFF, 0xF9, 0x47, 0x28, 0xFF, 0xF9, 0x47, 0x28, 0xFF, 0xF9, 0x47, 0x28, 0xFF,
    0x57, 0x19, 0x0D, 0xFF, 0x08, 0x04, 0x00, 0xFF, 0x08, 0x04, 0x00, 0xFF, 0x08, 0x04, 0x00, 0xFF,
    0xE0, 0xBD, 0x2C, 0xFF, 0xFE, 0xCD, 0x01, 0xFF, 0xFE, 0xCD, 0x01, 0xFF, 0xFE, 0xCD, 0x01, 0xFF,
    0xFE, 0xCD, 0x01, 0xFE, 0xFE, 0xCD, 0x01, 0xFE, 0xFE, 0xCD, 0x01, 0xFE, 0xFE, 0xCD, 0x01, 0xFE,
    0xFE, 0xCD, 0x01, 0xFE, 0xFE, 0xCD, 0x01, 0xFE, 0xFE, 0xCD, 0x01, 0xFE, 0xFE, 0xCD, 0x01, 0xFE,
    0xFE, 0xCD, 0x01, 0xFE, 0xFE, 0xCD, 0x01, 0xFE, 0xFE, 0xCD, 0x01, 0xFE, 0xFE, 0xCD, 0x01, 0xFE,
    0xFE, 0xCD, 0x01, 0xFE, 0xFE, 0xCD, 0x01, 0xFE, 0xFE, 0xCD, 0x01, 0xFE, 0xFE, 0xCD, 0x01, 0xFE,
    0xFE, 0xCD, 0x01, 0xFE, 0xFE, 0xCD, 0x01, 0xFE, 0xFE, 0xCD, 0x01, 0xFE, 0xFE, 0xCD, 0x01, 0xFE,
    0xFE, 0xCD, 0x01, 0xFE, 0xFE, 0xCD, 0x01, 0xFE, 0xFE, 0xCD, 0x01, 0xFE, 0xFE, 0xCD, 0x01, 0xFE,
    0xFE, 0xCD, 0x01, 0xFE, 0xFE, 0xCD, 0x01, 0xFE, 0xFE, 0xCD, 0x01, 0xFE, 0xFE, 0xCD, 0x01, 0xFE,
    0xFE, 0xCD, 0x01, 0xFE, 0xFE, 0xCD, 0x01, 0xFE, 0xFE, 0xCD, 0x01, 0xFE, 0xFE, 0xCD, 0x01, 0xFE,
    0xFE, 0xCD, 0x01, 0xFE, 0xFE, 0xCD, 0x01, 0xFE, 0xFE, 0xCD, 0x01, 0xFE, 0xFE, 0xCD, 0x01, 0xFE,
    0xFE, 0xCD, 0x01, 0xFE, 0xFE, 0xCD, 0x01, 0xFE, 0xFE, 0xCD, 0x01, 0xFE, 0xFE, 0xCD, 0x01, 0xFE,
    0xFE, 0xCD, 0x01, 0xFE, 0xFE, 0xCD, 0x01, 0xFE, 0xFE, 0xCD, 0x01, 0xFE, 0xFE, 0xCD, 0x01, 0xFE,
    0xFE, 0xCD, 0x01, 0xFE, 0xFE, 0xCD, 0x01, 0xFE, 0xFE, 0xCD, 0x01, 0xFE, 0xFE, 0xCD, 0x01, 0xFE,
    0xFE, 0xCD, 0x01, 0xFE, 0xFE, 0xCD, 0x01, 0xFE, 0xFE, 0xCD, 0x01, 0xFE, 0xFE, 0xCD, 0x01, 0xFE,
    0xFE, 0xCD, 0x01, 0xFE, 0xFE, 0xCD, 0x01, 0xFE, 0xFE, 0xCD, 0x01, 0xFE, 0xFE, 0xCD, 0x01, 0xFE,
    0xFE, 0xCD, 0x01, 0xFE, 0xFE, 0xCD, 0x01, 0xFE, 0xFE, 0xCD, 0x01, 0xFE, 0xFE, 0xCD, 0x01, 0xFE,
    0xFE, 0xCD, 0x01, 0xFE, 0xFE, 0xCD, 0x01, 0xFE, 0xFE, 0xCD, 0x01, 0xFE, 0xFE, 0xCD, 0x01, 0xFE,
    0xFE, 0xCD, 0x01, 0xFE, 0xFE, 0xCD, 0x01, 0xFE, 0xFE, 0xCD, 0x01, 0xFE, 0xFE, 0xCD, 0x01, 0xFE,
    0xFE, 0xCD, 0x01, 0xFE, 0xFE, 0xCD, 0x01, 0xFE, 0xFE, 0xCD, 0x01, 0xFE, 0xFE, 0xCD, 0x01, 0xFE,
    0xFE, 0xCD, 0x01, 0xFE, 0xFE, 0xCD, 0x01, 0xFE, 0xFE, 0xCD, 0x01, 0xFE, 0xFE, 0xCD, 0x01, 0xFE,
    0xFE, 0xCD, 0x01, 0xFE, 0xFE, 0xCD, 0x01, 0xFE, 0xFE, 0xCD, 0x01, 0xFE, 0xFE, 0xCD, 0x01, 0xFE,
    0xFE, 0xCD, 0x01, 0xFE, 0xFE, 0xCD, 0x01, 0xFE, 0xFE, 0xCD, 0x01, 0xFE, 0xFE, 0xCD, 0x01, 0xFE,
    0xFE, 0xCD, 0x01, 0xFE, 0xFE, 0xCD, 0x01, 0xFE, 0xFE, 0xCD, 0x01, 0xFE, 0xFE, 0xCD, 0x01, 0xFE,
    0xFE, 0xCD, 0x01, 0xFE, 0xFE, 0xCD, 0x01, 0xFE, 0xFE, 0xCD, 0x01, 0xFE, 0xFE, 0xCD, 0x01, 0xFE,
    0xFE, 0xCD, 0x01, 0xFE, 0xFE, 0xCD, 0x01, 0xFE, 0xFE, 0xCD, 0x01, 0xFE, 0xFE, 0xCD, 0x01, 0xFE,
    0xFE, 0xCD, 0x01, 0xFE, 0xFE, 0xCD, 0x01, 0xFE, 0xFE, 0xCD, 0x01, 0xFE, 0xFE, 0xCD, 0x01, 0xFE,
    0xFE, 0xCD, 0x01, 0xFE, 0xFE, 0xCD, 0x01, 0xFE, 0xFE, 0xCD, 0x01, 0xFE, 0xFE, 0xCD, 0x01, 0xFE,
    0xFE, 0xCD, 0x01, 0xFE, 0xFE, 0xCD, 0x01, 0xFE, 0xFE, 0xCD, 0x01, 0xFE, 0xFE, 0xCD, 0x01, 0xFE,
    0xFE, 0xCD, 0x01, 0xFE, 0xFE, 0xCD, 0x01, 0xFE, 0xFE, 0xCD, 0x01, 0xFE, 0xFE, 0xCD, 0x01, 0xFE,
    0xFE, 0xCD, 0x01, 0xFE, 0xFE, 0xCD, 0x01, 0xFE, 0xFE, 0xCD, 0x01, 0xFE, 0xFE, 0xCD, 0x01, 0xFE,
    0xFE, 0xCD, 0x01, 0xFE, 0xFE, 0xCD, 0x01, 0xFE, 0xFE, 0xCD, 0x01, 0xFE, 0xFE, 0xCD, 0x01, 0xFE,
    0xFE, 0xCD, 0x01, 0xFE, 0xFE, 0xCD, 0x01, 0xFE, 0xFE, 0xCD, 0x01, 0xFE, 0xFE, 0xCD, 0x01, 0xFE,
    0xFE, 0xCD, 0x01, 0xFE, 0xFE, 0xCD, 0x01, 0xFE, 0xFE, 0xCD, 0x01, 0xFE, 0xFE, 0xCD, 0x01, 0xFE,
    0xFE, 0xCD, 0x01, 0xFE, 0xFE, 0xCD, 0x01, 0xFE, 0xFE, 0xCD, 0x01, 0xFE, 0xFE, 0xCD, 0x01, 0xFE,
    0xFE, 0xCD, 0x01, 0xFE, 0xFE, 0xCD, 0x01, 0xFE, 0xFE, 0xCD, 0x01, 0xFE, 0xFE, 0xCD, 0x01, 0xFE,
    0xFE, 0xCD, 0x01, 0xFE, 0xFE, 0xCD, 0x01, 0xFE, 0xFE, 0xCD, 0x01, 0xFE, 0xFE, 0xCD, 0x01, 0xFE,
    0xFE, 0xCD, 0x01, 0xFE, 0xFE, 0xCD, 0x01, 0xFE, 0xFE, 0xCD, 0x01, 0xFE, 0xFE, 0xCD, 0x01, 0xFE,
    0xFE, 0xCD, 0x01, 0xFE, 0xFE, 0xCD, 0x01, 0xFE, 0xFE, 0xCD, 0x01, 0xFE, 0xFE, 0xCD, 0x01, 0xFE,
    0xFE, 0xCD, 0x01, 0xFE, 0xFE, 0xCD, 0x01, 0xFE, 0xFE, 0xCD, 0x01, 0xFE, 0xFE, 0xCD, 0x01, 0xFE,
    0xFE, 0xCD, 0x01, 0xFE, 0xFE, 0xCD, 0x01, 0xFF, 0xFE, 0xCD, 0x01, 0xFF, 0xFE, 0xCD, 0x01, 0xFF,
    0xFE, 0xCD, 0x01, 0xFF, 0xFE, 0xCD, 0x01, 0xFF, 0xFE, 0xCD, 0x01, 0xFF, 0xFE, 0xCD, 0x01, 0xFF,
    0xFE, 0xCD, 0x01, 0xFF, 0xFE, 0xCD, 0x01, 0xFF, 0xFE, 0xCD, 0x01, 0xFF, 0xFE, 0xCD, 0x01, 0xFF,
    0xFE, 0xCD, 0x01, 0xFF, 0xFE, 0xCD, 0x01, 0xFF, 0xFE, 0xCD, 0x01, 0xFF, 0xFE, 0xCD, 0x01, 0xFF,
    0xFE, 0xCD, 0x01, 0xFF, 0xFE, 0xCD, 0x01, 0xFF, 0xFE, 0xCD, 0x01, 0xFF, 0xFE, 0xCD, 0x01, 0xFF,
    0xFE, 0xCD, 0x01, 0xFF, 0xFE, 0xCD, 0x01, 0xFF, 0xFE, 0xCD, 0x01, 0xFF, 0xFE, 0xCD, 0x01, 0xFF,
    0xFE, 0xCD, 0x01, 0xFF, 0xFE, 0xCD, 0x01, 0xFF, 0xFE, 0xCD, 0x01, 0xFF, 0xFE, 0xCD, 0x01, 0xFF,
    0xFE, 0xCD, 0x01, 0xFF, 0xFE, 0xCD, 0x01, 0xFF, 0xFE, 0xCD, 0x01, 0xFF, 0xFE, 0xCD, 0x01, 0xFF,
    0xFE, 0xCD, 0x01, 0xFF, 0xFE, 0xCD, 0x01, 0xFF, 0xFE, 0xCD, 0x01, 0xFF, 0xFE, 0xCD, 0x01, 0xFF,
    0xFE, 0xCD, 0x01, 0xFF, 0xFE, 0xCD, 0x01, 0xFF, 0xFE, 0xCD, 0x01, 0xFF, 0xFE, 0xCD, 0x01, 0xFF,
    0xFE, 0xCD, 0x01, 0xFF, 0xFE, 0xCD, 0x01, 0xFF, 0xFE, 0xCD, 0x01, 0xFF, 0xFE, 0xCD, 0x01, 0xFF,
    0xFE, 0xCD, 0x01, 0xFF, 0xFE, 0xCD, 0x01, 0xFF, 0x24, 0x22, 0x17, 0xF6, 0x18, 0x18, 0x18, 0xFF,
    0x00, 0x00, 0x00, 0xFF, 0x00, 0x00, 0x00, 0xFF, 0x00, 0x00, 0x00, 0xB6, 0x00, 0x00, 0x00, 0x00,
    0x00, 0x00, 0x00, 0x00, 0x00, 0x00, 0x00, 0x00, 0x00, 0x00, 0x00, 0x00, 0x00, 0x00, 0x00, 0x00,
    0x00, 0x00, 0x00, 0x00, 0x00, 0x00, 0x00, 0x00, 0x00, 0x00, 0x00, 0x00, 0x00, 0x00, 0x00, 0x00,
    0x00, 0x00, 0x00, 0xC4, 0x00, 0x00, 0x00, 0xFF, 0x00, 0x00, 0x00, 0xFF, 0x00, 0x00, 0x00, 0xFF,
    0x10, 0x04, 0x00, 0xFF, 0xFF, 0x49, 0x29, 0xFF, 0xFF, 0x49, 0x29, 0xFF, 0xFF, 0x49, 0x29, 0xFF,
    0xF9, 0x47, 0x28, 0xFF, 0xF9, 0x47, 0x28, 0xFF, 0xF9, 0x47, 0x28, 0xFF, 0xF9, 0x47, 0x28, 0xFF,
    0xF9, 0x47, 0x28, 0xFF, 0xF9, 0x47, 0x28, 0xFF, 0xF9, 0x47, 0x28, 0xFF, 0xF9, 0x47, 0x28, 0xFF,
    0xF9, 0x47, 0x28, 0xFF, 0xF9, 0x47, 0x28, 0xFF, 0xF9, 0x47, 0x28, 0xFF, 0xF9, 0x47, 0x28, 0xFF,
    0xF9, 0x47, 0x28, 0xFF, 0xF9, 0x47, 0x28, 0xFF, 0xF9, 0x47, 0x28, 0xFF, 0xF9, 0x47, 0x28, 0xFF,
    0xF9, 0x47, 0x28, 0xFF, 0xF9, 0x47, 0x28, 0xFF, 0xF9, 0x47, 0x28, 0xFF, 0xF9, 0x47, 0x28, 0xFF,
    0xF9, 0x47, 0x28, 0xFF, 0xF9, 0x47, 0x28, 0xFF, 0xF9, 0x47, 0x28, 0xFF, 0xF9, 0x47, 0x28, 0xFF,
    0xF9, 0x47, 0x28, 0xFF, 0xF9, 0x47, 0x28, 0xFF, 0xF9, 0x47, 0x28, 0xFF, 0xF9, 0x47, 0x28, 0xFF,
    0xF9, 0x47, 0x28, 0xFF, 0xF9, 0x47, 0x28, 0xFF, 0xF9, 0x47, 0x28, 0xFF, 0xF9, 0x47, 0x28, 0xFF,
    0xF9, 0x47, 0x28, 0xFF, 0xF9, 0x47, 0x28, 0xFF, 0xF9, 0x47, 0x28, 0xFF, 0xF9, 0x47, 0x28, 0xFF,
    0xF9, 0x47, 0x28, 0xFF, 0xF9, 0x47, 0x28, 0xFF, 0xF9, 0x47, 0x28, 0xFF, 0xF9, 0x47, 0x28, 0xFF,
    0xF7, 0x45, 0x29, 0xFF, 0xF7, 0x45, 0x29, 0xFF, 0xF7, 0x45, 0x29, 0xFF, 0xF7, 0x45, 0x29, 0xFF,
    0x0D, 0x04, 0x02, 0xFF, 0x00, 0x00, 0x00, 0xFF, 0x00, 0x00, 0x00, 0xFF, 0x0F, 0x0F, 0x0F, 0xFF,
    0xFE, 0xCD, 0x01, 0xFF, 0xFE, 0xCD, 0x01, 0xFF, 0xFE, 0xCD, 0x01, 0xFF, 0xFE, 0xCD, 0x01, 0xFF,
    0xFE, 0xCD, 0x01, 0xFE, 0xFE, 0xCD, 0x01, 0xFE, 0xFE, 0xCD, 0x01, 0xFE, 0xFE, 0xCD, 0x01, 0xFE,
    0xFE, 0xCD, 0x01, 0xFE, 0xFE, 0xCD, 0x01, 0xFE, 0xFE, 0xCD, 0x01, 0xFE, 0xFE, 0xCD, 0x01, 0xFE,
    0xFE, 0xCD, 0x01, 0xFE, 0xFE, 0xCD, 0x01, 0xFE, 0xFE, 0xCD, 0x01, 0xFE, 0xFE, 0xCD, 0x01, 0xFE,
    0xFE, 0xCD, 0x01, 0xFE, 0xFE, 0xCD, 0x01, 0xFE, 0xFE, 0xCD, 0x01, 0xFE, 0xFE, 0xCD, 0x01, 0xFE,
    0xFE, 0xCD, 0x01, 0xFE, 0xFE, 0xCD, 0x01, 0xFE, 0xFE, 0xCD, 0x01, 0xFE, 0xFE, 0xCD, 0x01, 0xFE,
    0xFE, 0xCD, 0x01, 0xFE, 0xFE, 0xCD, 0x01, 0xFE, 0xFE, 0xCD, 0x01, 0xFE, 0xFE, 0xCD, 0x01, 0xFE,
    0xFE, 0xCD, 0x01, 0xFE, 0xFE, 0xCD, 0x01, 0xFE, 0xFE, 0xCD, 0x01, 0xFE, 0xFE, 0xCD, 0x01, 0xFE,
    0xFE, 0xCD, 0x01, 0xFE, 0xFE, 0xCD, 0x01, 0xFE, 0xFE, 0xCD, 0x01, 0xFE, 0xFE, 0xCD, 0x01, 0xFE,
    0xFE, 0xCD, 0x01, 0xFE, 0xFE, 0xCD, 0x01, 0xFE, 0xFE, 0xCD, 0x01, 0xFE, 0xFE, 0xCD, 0x01, 0xFE,
    0xFE, 0xCD, 0x01, 0xFE, 0xFE, 0xCD, 0x01, 0xFE, 0xFE, 0xCD, 0x01, 0xFE, 0xFE, 0xCD, 0x01, 0xFE,
    0xFE, 0xCD, 0x01, 0xFE, 0xFE, 0xCD, 0x01, 0xFE, 0xFE, 0xCD, 0x01, 0xFE, 0xFE, 0xCD, 0x01, 0xFE,
    0xFE, 0xCD, 0x01, 0xFE, 0xFE, 0xCD, 0x01, 0xFE, 0xFE, 0xCD, 0x01, 0xFE, 0xFE, 0xCD, 0x01, 0xFE,
    0xFE, 0xCD, 0x01, 0xFE, 0xFE, 0xCD, 0x01, 0xFE, 0xFE, 0xCD, 0x01, 0xFE, 0xFE, 0xCD, 0x01, 0xFE,
    0xFE, 0xCD, 0x01, 0xFE, 0xFE, 0xCD, 0x01, 0xFE, 0xFE, 0xCD, 0x01, 0xFE, 0xFE, 0xCD, 0x01, 0xFE,
    0xFE, 0xCD, 0x01, 0xFE, 0xFE, 0xCD, 0x01, 0xFE, 0xFE, 0xCD, 0x01, 0xFE, 0xFE, 0xCD, 0x01, 0xFE,
    0xFE, 0xCD, 0x01, 0xFE, 0xFE, 0xCD, 0x01, 0xFE, 0xFE, 0xCD, 0x01, 0xFE, 0xFE, 0xCD, 0x01, 0xFE,
    0xFE, 0xCD, 0x01, 0xFE, 0xFE, 0xCD, 0x01, 0xFE, 0xFE, 0xCD, 0x01, 0xFE, 0xFE, 0xCD, 0x01, 0xFE,
    0xFE, 0xCD, 0x01, 0xFE, 0xFE, 0xCD, 0x01, 0xFE, 0xFE, 0xCD, 0x01, 0xFE, 0xFE, 0xCD, 0x01, 0xFE,
    0xFE, 0xCD, 0x01, 0xFE, 0xFE, 0xCD, 0x01, 0xFE, 0xFE, 0xCD, 0x01, 0xFE, 0xFE, 0xCD, 0x01, 0xFE,
    0xFE, 0xCD, 0x01, 0xFE, 0xFE, 0xCD, 0x01, 0xFE, 0xFE, 0xCD, 0x01, 0xFE, 0xFE, 0xCD, 0x01, 0xFE,
    0xFE, 0xCD, 0x01, 0xFE, 0xFE, 0xCD, 0x01, 0xFE, 0xFE, 0xCD, 0x01, 0xFE, 0xFE, 0xCD, 0x01, 0xFE,
    0xFE, 0xCD, 0x01, 0xFE, 0xFE, 0xCD, 0x01, 0xFE, 0xFE, 0xCD, 0x01, 0xFE, 0xFE, 0xCD, 0x01, 0xFE,
    0xFE, 0xCD, 0x01, 0xFE, 0xFE, 0xCD, 0x01, 0xFE, 0xFE, 0xCD, 0x01, 0xFE, 0xFE, 0xCD, 0x01, 0xFE,
    0xFE, 0xCD, 0x01, 0xFE, 0xFE, 0xCD, 0x01, 0xFE, 0xFE, 0xCD, 0x01, 0xFE, 0xFE, 0xCD, 0x01, 0xFE,
    0xFE, 0xCD, 0x01, 0xFE, 0xFE, 0xCD, 0x01, 0xFE, 0xFE, 0xCD, 0x01, 0xFE, 0xFE, 0xCD, 0x01, 0xFE,
    0xFE, 0xCD, 0x01, 0xFE, 0xFE, 0xCD, 0x01, 0xFE, 0xFE, 0xCD, 0x01, 0xFE, 0xFE, 0xCD, 0x01, 0xFE,
    0xFE, 0xCD, 0x01, 0xFE, 0xFE, 0xCD, 0x01, 0xFE, 0xFE, 0xCD, 0x01, 0xFE, 0xFE, 0xCD, 0x01, 0xFE,
    0xFE, 0xCD, 0x01, 0xFE, 0xFE, 0xCD, 0x01, 0xFE, 0xFE, 0xCD, 0x01, 0xFE, 0xFE, 0xCD, 0x01, 0xFE,
    0xFE, 0xCD, 0x01, 0xFE, 0xFE, 0xCD, 0x01, 0xFE, 0xFE, 0xCD, 0x01, 0xFE, 0xFE, 0xCD, 0x01, 0xFE,
    0xFE, 0xCD, 0x01, 0xFE, 0xFE, 0xCD, 0x01, 0xFE, 0xFE, 0xCD, 0x01, 0xFE, 0xFE, 0xCD, 0x01, 0xFE,
    0xFE, 0xCD, 0x01, 0xFE, 0xFE, 0xCD, 0x01, 0xFE, 0xFE, 0xCD, 0x01, 0xFE, 0xFE, 0xCD, 0x01, 0xFE,
    0xFE, 0xCD, 0x01, 0xFE, 0xFE, 0xCD, 0x01, 0xFE, 0xFE, 0xCD, 0x01, 0xFE, 0xFE, 0xCD, 0x01, 0xFE,
    0xFE, 0xCD, 0x01, 0xFE, 0xFE, 0xCD, 0x01, 0xFE, 0xFE, 0xCD, 0x01, 0xFE, 0xFE, 0xCD, 0x01, 0xFE,
    0xFE, 0xCD, 0x01, 0xFE, 0xFE, 0xCD, 0x01, 0xFE, 0xFE, 0xCD, 0x01, 0xFE, 0xFE, 0xCD, 0x01, 0xFE,
    0xFE, 0xCD, 0x01, 0xFE, 0xFE, 0xCD, 0x01, 0xFE, 0xFE, 0xCD, 0x01, 0xFE, 0xFE, 0xCD, 0x01, 0xFE,
    0xFE, 0xCD, 0x01, 0xFE, 0xFE, 0xCD, 0x01, 0xFE, 0xFE, 0xCD, 0x01, 0xFE, 0xFE, 0xCD, 0x01, 0xFE,
    0xFE, 0xCD, 0x01, 0xFE, 0xFE, 0xCD, 0x01, 0xFE, 0xFE, 0xCD, 0x01, 0xFE, 0xFE, 0xCD, 0x01, 0xFE,
    0xFE, 0xCD, 0x01, 0xFE, 0xFE, 0xCD, 0x01, 0xFE, 0xFE, 0xCD, 0x01, 0xFE, 0xFE, 0xCD, 0x01, 0xFE,
    0xFE, 0xCD, 0x01, 0xFE, 0xFE, 0xCD, 0x01, 0xFF, 0xFE, 0xCD, 0x01, 0xFF, 0xFE, 0xCD, 0x01, 0xFF,
    0xFE, 0xCD, 0x01, 0xFF, 0xFE, 0xCD, 0x01, 0xFF, 0xFE, 0xCD, 0x01, 0xFF, 0xFE, 0xCD, 0x01, 0xFF,
    0xFE, 0xCD, 0x01, 0xFF, 0xFE, 0xCD, 0x01, 0xFF, 0xFE, 0xCD, 0x01, 0xFF, 0xFE, 0xCD, 0x01, 0xFF,
    0xFE, 0xCD, 0x01, 0xFF, 0xFE, 0xCD, 0x01, 0xFF, 0xFE, 0xCD, 0x01, 0xFF, 0xFE, 0xCD, 0x01, 0xFF,
    0xFE, 0xCD, 0x01, 0xFF, 0xFE, 0xCD, 0x01, 0xFF, 0xFE, 0xCD, 0x01, 0xFF, 0xFE, 0xCD, 0x01, 0xFF,
    0xFE, 0xCD, 0x01, 0xFF, 0xFE, 0xCD, 0x01, 0xFF, 0xFE, 0xCD, 0x01, 0xFF, 0xFE, 0xCD, 0x01, 0xFF,
    0xFE, 0xCD, 0x01, 0xFF, 0xFE, 0xCD, 0x01, 0xFF, 0xFE, 0xCD, 0x01, 0xFF, 0xFE, 0xCD, 0x01, 0xFF,
    0xFE, 0xCD, 0x01, 0xFF, 0xFE, 0xCD, 0x01, 0xFF, 0xFE, 0xCD, 0x01, 0xFF, 0xFE, 0xCD, 0x01, 0xFF,
    0xFE, 0xCD, 0x01, 0xFF, 0xFE, 0xCD, 0x01, 0xFF, 0xFE, 0xCD, 0x01, 0xFF, 0xFE, 0xCD, 0x01, 0xFF,
    0xFE, 0xCD, 0x01, 0xFF, 0xFE, 0xCD, 0x01, 0xFF, 0xFE, 0xCD, 0x01, 0xFF, 0xFE, 0xCD, 0x01, 0xFF,
    0xFE, 0xCD, 0x01, 0xFF, 0xFE, 0xCD, 0x01, 0xFF, 0xFE, 0xCD, 0x01, 0xFF, 0xFE, 0xCD, 0x01, 0xFF,
    0xFE, 0xCD, 0x01, 0xFF, 0xE1, 0xBD, 0x39, 0xFF, 0x08, 0x04, 0x08, 0xFF, 0x08, 0x04, 0x08, 0xFF,
    0x00, 0x00, 0x00, 0xFF, 0x00, 0x00, 0x00, 0xFF, 0x00, 0x00, 0x00, 0x40, 0x00, 0x00, 0x00, 0x00,
    0x00, 0x00, 0x00, 0x00, 0x00, 0x00, 0x00, 0x00, 0x00, 0x00, 0x00, 0x00, 0x00, 0x00, 0x00, 0x00,
    0x00, 0x00, 0x00, 0x00, 0x00, 0x00, 0x00, 0x00, 0x00, 0x00, 0x00, 0x00, 0x00, 0x00, 0x00, 0x00,
    0x00, 0x00, 0x00, 0x4C, 0x00, 0x00, 0x00, 0xFF, 0x00, 0x00, 0x00, 0xFF, 0x00, 0x00, 0x00, 0xFF,
    0x10, 0x04, 0x00, 0xFF, 0x5F, 0x1B, 0x0D, 0xFF, 0xFF, 0x49, 0x29, 0xFF, 0xFF, 0x49, 0x29, 0xFF,
    0xF9, 0x47, 0x28, 0xFF, 0xF9, 0x47, 0x28, 0xFF, 0xF9, 0x47, 0x28, 0xFF, 0xF9, 0x47, 0x28, 0xFF,
    0xF9, 0x47, 0x28, 0xFF, 0xF9, 0x47, 0x28, 0xFF, 0xF9, 0x47, 0x28, 0xFF, 0xF9, 0x47, 0x28, 0xFF,
    0xF9, 0x47, 0x28, 0xFF, 0xF9, 0x47, 0x28, 0xFF, 0xF9, 0x47, 0x28, 0xFF, 0xF9, 0x47, 0x28, 0xFF,
    0xF9, 0x47, 0x28, 0xFF, 0xF9, 0x47, 0x28, 0xFF, 0xF9, 0x47, 0x28, 0xFF, 0xF9, 0x47, 0x28, 0xFF,
    0xF9, 0x47, 0x28, 0xFF, 0xF9, 0x47, 0x28, 0xFF, 0xF9, 0x47, 0x28, 0xFF, 0xF9, 0x47, 0x28, 0xFF,
    0xF9, 0x47, 0x28, 0xFF, 0xF9, 0x47, 0x28, 0xFF, 0xF9, 0x47, 0x28, 0xFF, 0xF9, 0x47, 0x28, 0xFF,
    0xF9, 0x47, 0x28, 0xFF, 0xF9, 0x47, 0x28, 0xFF, 0xF9, 0x47, 0x28, 0xFF, 0xF9, 0x47, 0x28, 0xFF,
    0xF9, 0x47, 0x28, 0xFF, 0xF9, 0x47, 0x28, 0xFF, 0xF9, 0x47, 0x28, 0xFF, 0xF9, 0x48, 0x2A, 0xFF,
    0xF9, 0x47, 0x28, 0xFF, 0xF9, 0x47, 0x28, 0xFF, 0xF9, 0x47, 0x28, 0xFF, 0xF9, 0x47, 0x28, 0xFF,
    0xF9, 0x47, 0x28, 0xFF, 0xF9, 0x47, 0x28, 0xFF, 0xF9, 0x47, 0x28, 0xFF, 0xF9, 0x47, 0x28, 0xFF,
    0xF7, 0x45, 0x29, 0xFF, 0xF7, 0x45, 0x29, 0xFF, 0xF7, 0x45, 0x29, 0xFF, 0x62, 0x1C, 0x0D, 0xFF,
    0x00, 0x00, 0x00, 0xFF, 0x00, 0x00, 0x00, 0xFF, 0x00, 0x00, 0x00, 0xFF, 0xBC, 0xA1, 0x2D, 0xFF,
    0xFE, 0xCD, 0x01, 0xFF, 0xFE, 0xCD, 0x01, 0xFF, 0xFE, 0xCD, 0x01, 0xFF, 0xFE, 0xCD, 0x01, 0xFF,
    0xFE, 0xCD, 0x01, 0xFE, 0xFE, 0xCD, 0x01, 0xFE, 0xFE, 0xCD, 0x01, 0xFE, 0xFE, 0xCD, 0x01, 0xFE,
    0xFE, 0xCD, 0x01, 0xFE, 0xFE, 0xCD, 0x01, 0xFE, 0xFE, 0xCD, 0x01, 0xFE, 0xFE, 0xCD, 0x01, 0xFE,
    0xFE, 0xCD, 0x01, 0xFE, 0xFE, 0xCD, 0x01, 0xFE, 0xFE, 0xCD, 0x01, 0xFE, 0xFE, 0xCD, 0x01, 0xFE,
    0xFE, 0xCD, 0x01, 0xFE, 0xFE, 0xCD, 0x01, 0xFE, 0xFE, 0xCD, 0x01, 0xFE, 0xFE, 0xCD, 0x01, 0xFE,
    0xFE, 0xCD, 0x01, 0xFE, 0xFE, 0xCD, 0x01, 0xFE, 0xFE, 0xCD, 0x01, 0xFE, 0xFE, 0xCD, 0x01, 0xFE,
    0xFE, 0xCD, 0x01, 0xFE, 0xFE, 0xCD, 0x01, 0xFE, 0xFE, 0xCD, 0x01, 0xFE, 0xFE, 0xCD, 0x01, 0xFE,
    0xFE, 0xCD, 0x01, 0xFE, 0xFE, 0xCD, 0x01, 0xFE, 0xFE, 0xCD, 0x01, 0xFE, 0xFE, 0xCD, 0x01, 0xFE,
    0xFE, 0xCD, 0x01, 0xFE, 0xFE, 0xCD, 0x01, 0xFE, 0xFE, 0xCD, 0x01, 0xFE, 0xFE, 0xCD, 0x01, 0xFE,
    0xFE, 0xCD, 0x01, 0xFE, 0xFE, 0xCD, 0x01, 0xFE, 0xFE, 0xCD, 0x01, 0xFE, 0xFE, 0xCD, 0x01, 0xFE,
    0xFE, 0xCD, 0x01, 0xFE, 0xFE, 0xCD, 0x01, 0xFE, 0xFE, 0xCD, 0x01, 0xFE, 0xFE, 0xCD, 0x01, 0xFE,
    0xFE, 0xCD, 0x01, 0xFE, 0xFE, 0xCD, 0x01, 0xFE, 0xFE, 0xCD, 0x01, 0xFE, 0xFE, 0xCD, 0x01, 0xFE,
    0xFE, 0xCD, 0x01, 0xFE, 0xFE, 0xCD, 0x01, 0xFE, 0xFE, 0xCD, 0x01, 0xFE, 0xFE, 0xCD, 0x01, 0xFE,
    0xFE, 0xCD, 0x01, 0xFE, 0xFE, 0xCD, 0x01, 0xFE, 0xFE, 0xCD, 0x01, 0xFE, 0xFE, 0xCD, 0x01, 0xFE,
    0xFE, 0xCD, 0x01, 0xFE, 0xFE, 0xCD, 0x01, 0xFE, 0xFE, 0xCD, 0x01, 0xFE, 0xFE, 0xCD, 0x01, 0xFE,
    0xFE, 0xCD, 0x01, 0xFE, 0xFE, 0xCD, 0x01, 0xFE, 0xFE, 0xCD, 0x01, 0xFE, 0xFE, 0xCD, 0x01, 0xFE,
    0xFE, 0xCD, 0x01, 0xFE, 0xFE, 0xCD, 0x01, 0xFE, 0xFE, 0xCD, 0x01, 0xFE, 0xFE, 0xCD, 0x01, 0xFE,
    0xFE, 0xCD, 0x01, 0xFE, 0xFE, 0xCD, 0x01, 0xFE, 0xFE, 0xCD, 0x01, 0xFE, 0xFE, 0xCD, 0x01, 0xFE,
    0xFE, 0xCD, 0x01, 0xFE, 0xFE, 0xCD, 0x01, 0xFE, 0xFE, 0xCD, 0x01, 0xFE, 0xFE, 0xCD, 0x01, 0xFE,
    0xFE, 0xCD, 0x01, 0xFE, 0xFE, 0xCD, 0x01, 0xFE, 0xFE, 0xCD, 0x01, 0xFE, 0xFE, 0xCD, 0x01, 0xFE,
    0xFE, 0xCD, 0x01, 0xFE, 0xFE, 0xCD, 0x01, 0xFE, 0xFE, 0xCD, 0x01, 0xFE, 0xFE, 0xCD, 0x01, 0xFE,
    0xFE, 0xCD, 0x01, 0xFE, 0xFE, 0xCD, 0x01, 0xFE, 0xFE, 0xCD, 0x01, 0xFE, 0xFE, 0xCD, 0x01, 0xFE,
    0xFE, 0xCD, 0x01, 0xFE, 0xFE, 0xCD, 0x01, 0xFE, 0xFE, 0xCD, 0x01, 0xFE, 0xFE, 0xCD, 0x01, 0xFE,
    0xFE, 0xCD, 0x01, 0xFE, 0xFE, 0xCD, 0x01, 0xFE, 0xFE, 0xCD, 0x01, 0xFE, 0xFE, 0xCD, 0x01, 0xFE,
    0xFE, 0xCD, 0x01, 0xFE, 0xFE, 0xCD, 0x01, 0xFE, 0xFE, 0xCD, 0x01, 0xFE, 0xFE, 0xCD, 0x01, 0xFE,
    0xFE, 0xCD, 0x01, 0xFE, 0xFE, 0xCD, 0x01, 0xFE, 0xFE, 0xCD, 0x01, 0xFE, 0xFE, 0xCD, 0x01, 0xFE,
    0xFE, 0xCD, 0x01, 0xFE, 0xFE, 0xCD, 0x01, 0xFE, 0xFE, 0xCD, 0x01, 0xFE, 0xFE, 0xCD, 0x01, 0xFE,
    0xFE, 0xCD, 0x01, 0xFE, 0xFE, 0xCD, 0x01, 0xFE, 0xFE, 0xCD, 0x01, 0xFE, 0xFE, 0xCD, 0x01, 0xFE,
    0xFE, 0xCD, 0x01, 0xFE, 0xFE, 0xCD, 0x01, 0xFE, 0xFE, 0xCD, 0x01, 0xFE, 0xFE, 0xCD, 0x01, 0xFE,
    0xFE, 0xCD, 0x01, 0xFE, 0xFE, 0xCD, 0x01, 0xFE, 0xFE, 0xCD, 0x01, 0xFE, 0xFE, 0xCD, 0x01, 0xFE,
    0xFE, 0xCD, 0x01, 0xFE, 0xFE, 0xCD, 0x01, 0xFE, 0xFE, 0xCD, 0x01, 0xFE, 0xFE, 0xCD, 0x01, 0xFE,
    0xFE, 0xCD, 0x01, 0xFE, 0xFE, 0xCD, 0x01, 0xFE, 0xFE, 0xCD, 0x01, 0xFE, 0xFE, 0xCD, 0x01, 0xFE,
    0xFE, 0xCD, 0x01, 0xFE, 0xFE, 0xCD, 0x01, 0xFE, 0xFE, 0xCD, 0x01, 0xFE, 0xFE, 0xCD, 0x01, 0xFE,
    0xFE, 0xCD, 0x01, 0xFE, 0xFE, 0xCD, 0x01, 0xFE, 0xFE, 0xCD, 0x01, 0xFE, 0xFE, 0xCD, 0x01, 0xFE,
    0xFE, 0xCD, 0x01, 0xFE, 0xFE, 0xCD, 0x01, 0xFE, 0xFE, 0xCD, 0x01, 0xFE, 0xFE, 0xCD, 0x01, 0xFE,
    0xFE, 0xCD, 0x01, 0xFE, 0xFE, 0xCD, 0x01, 0xFE, 0xFE, 0xCD, 0x01, 0xFE, 0xFE, 0xCD, 0x01, 0xFE,
    0xFE, 0xCD, 0x01, 0xFE, 0xFE, 0xCD, 0x01, 0xFE, 0xFE, 0xCD, 0x01, 0xFE, 0xFE, 0xCD, 0x01, 0xFE,
    0xFE, 0xCD, 0x01, 0xFE, 0xFE, 0xCD, 0x01, 0xFE, 0xFE, 0xCD, 0x01, 0xFE, 0xFE, 0xCD, 0x01, 0xFE,
    0xFE, 0xCD, 0x01, 0xFE, 0xFE, 0xCD, 0x01, 0xFE, 0xFE, 0xCD, 0x01, 0xFE, 0xFE, 0xCD, 0x01, 0xFE,
    0xFE, 0xCD, 0x01, 0xFE, 0xFE, 0xCD, 0x01, 0xFE, 0xFE, 0xCD, 0x01, 0xFF, 0xFE, 0xCD, 0x01, 0xFF,
    0xFE, 0xCD, 0x01, 0xFF, 0xFE, 0xCD, 0x01, 0xFF, 0xFE, 0xCD, 0x01, 0xFF, 0xFE, 0xCD, 0x01, 0xFF,
    0xFE, 0xCD, 0x01, 0xFF, 0xFE, 0xCD, 0x01, 0xFF, 0xFE, 0xCD, 0x01, 0xFF, 0xFE, 0xCD, 0x01, 0xFF,
    0xFE, 0xCD, 0x01, 0xFF, 0xFE, 0xCD, 0x01, 0xFF, 0xFE, 0xCD, 0x01, 0xFF, 0xFE, 0xCD, 0x01, 0xFF,
    0xFE, 0xCD, 0x01, 0xFF, 0xFE, 0xCD, 0x01, 0xFF, 0xFE, 0xCD, 0x01, 0xFF, 0xFE, 0xCD, 0x01, 0xFF,
    0xFE, 0xCD, 0x01, 0xFF, 0xFE, 0xCD, 0x01, 0xFF, 0xFE, 0xCD, 0x01, 0xFF, 0xFE, 0xCD, 0x01, 0xFF,
    0xFE, 0xCD, 0x01, 0xFF, 0xFE, 0xCD, 0x01, 0xFF, 0xFE, 0xCD, 0x01, 0xFF, 0xFE, 0xCD, 0x01, 0xFF,
    0xFE, 0xCD, 0x01, 0xFF, 0xFE, 0xCD, 0x01, 0xFF, 0xFE, 0xCD, 0x01, 0xFF, 0xFE, 0xCD, 0x01, 0xFF,
    0xFE, 0xCD, 0x01, 0xFF, 0xFE, 0xCD, 0x01, 0xFF, 0xFE, 0xCD, 0x01, 0xFF, 0xFE, 0xCD, 0x01, 0xFF,
    0xFE, 0xCD, 0x01, 0xFF, 0xFE, 0xCD, 0x01, 0xFF, 0xFE, 0xCD, 0x01, 0xFF, 0xFE, 0xCD, 0x01, 0xFF,
    0xFE, 0xCD, 0x01, 0xFF, 0xFE, 0xCD, 0x01, 0xFF, 0xFE, 0xCD, 0x01, 0xFF, 0xFE, 0xCD, 0x01, 0xFF,
    0xFE, 0xCD, 0x01, 0xFF, 0x13, 0x0D, 0x08, 0xFF, 0x08, 0x04, 0x08, 0xFF, 0x08, 0x04, 0x08, 0xFF,
    0x00, 0x00, 0x00, 0xFF, 0x00, 0x00, 0x00, 0xE0, 0x00, 0x00, 0x00, 0x00, 0x00, 0x00, 0x00, 0x00,
    0x00, 0x00, 0x00, 0x00, 0x00, 0x00, 0x00, 0x00, 0x00, 0x00, 0x00, 0x00, 0x00, 0x00, 0x00, 0x00,
    0x00, 0x00, 0x00, 0x00, 0x00, 0x00, 0x00, 0x00, 0x00, 0x00, 0x00, 0x00, 0x00, 0x00, 0x00, 0x00,
    0x00, 0x00, 0x00, 0x00, 0x00, 0x00, 0x00, 0xC4, 0x00, 0x00, 0x00, 0xFF, 0x00, 0x00, 0x00, 0xFF,
    0x10, 0x04, 0x00, 0xFF, 0x10, 0x04, 0x00, 0xFF, 0xAF, 0x32, 0x1B, 0xFF, 0xFF, 0x49, 0x29, 0xFF,
    0xF9, 0x47, 0x28, 0xFF, 0xF9, 0x47, 0x28, 0xFF, 0xF9, 0x47, 0x28, 0xFF, 0xF9, 0x47, 0x28, 0xFF,
    0xF8, 0x46, 0x25, 0xFF, 0xF9, 0x47, 0x28, 0xFF, 0xF9, 0x47, 0x28, 0xFF, 0xF9, 0x47, 0x28, 0xFF,
    0xF9, 0x47, 0x28, 0xFF, 0xF9, 0x47, 0x28, 0xFF, 0xF9, 0x47, 0x28, 0xFF, 0xF9, 0x47, 0x28, 0xFF,
    0xF9, 0x47, 0x28, 0xFF, 0xF9, 0x47, 0x28, 0xFF, 0xF9, 0x47, 0x28, 0xFF, 0xF9, 0x47, 0x28, 0xFF,
    0xF9, 0x47, 0x28, 0xFF, 0xF9, 0x47, 0x28, 0xFF, 0xF9, 0x47, 0x28, 0xFF, 0xF9, 0x47, 0x28, 0xFF,
    0xF9, 0x47, 0x28, 0xFF, 0xF9, 0x47, 0x28, 0xFF, 0xF9, 0x47, 0x28, 0xFF, 0xF9, 0x47, 0x28, 0xFF,
    0xF9, 0x47, 0x28, 0xFF, 0xF9, 0x47, 0x28, 0xFF, 0xF9, 0x47, 0x28, 0xFF, 0xF9, 0x47, 0x28, 0xFF,
    0xF9, 0x48, 0x29, 0xFF, 0xF9, 0x48, 0x29, 0xFF, 0xF8, 0x4A, 0x2C, 0xFF, 0xF7, 0x4C, 0x2F, 0xFF,
    0xF9, 0x47, 0x28, 0xFF, 0xF9, 0x47, 0x28, 0xFF, 0xF9, 0x47, 0x28, 0xFF, 0xF9, 0x47, 0x28, 0xFF,
    0xF9, 0x47, 0x28, 0xFF, 0xF9, 0x47, 0x28, 0xFF, 0xF9, 0x47, 0x28, 0xFF, 0xF9, 0x47, 0x28, 0xFF,
    0xF7, 0x45, 0x29, 0xFF, 0xF7, 0x45, 0x29, 0xFF, 0xAC, 0x30, 0x1B, 0xFF, 0x18, 0x08, 0x00, 0xFF,
    0x00, 0x00, 0x00, 0xFF, 0x00, 0x00, 0x00, 0xFF, 0x0F, 0x0F, 0x0F, 0xFF, 0xFE, 0xCD, 0x01, 0xFF,
    0xFE, 0xCD, 0x01, 0xFF, 0xFE, 0xCD, 0x01, 0xFF, 0xFE, 0xCD, 0x01, 0xFF, 0xFE, 0xCD, 0x01, 0xFE,
    0xFE, 0xCD, 0x01, 0xFE, 0xFE, 0xCD, 0x01, 0xFE, 0xFE, 0xCD, 0x01, 0xFE, 0xFE, 0xCD, 0x01, 0xFE,
    0xFE, 0xCD, 0x01, 0xFE, 0xFE, 0xCD, 0x01, 0xFE, 0xFE, 0xCD, 0x01, 0xFE, 0xFE, 0xCD, 0x01, 0xFE,
    0xFE, 0xCD, 0x01, 0xFE, 0xFE, 0xCD, 0x01, 0xFE, 0xFE, 0xCD, 0x01, 0xFE, 0xFE, 0xCD, 0x01, 0xFE,
    0xFE, 0xCD, 0x01, 0xFE, 0xFE, 0xCD, 0x01, 0xFE, 0xFE, 0xCD, 0x01, 0xFE, 0xFE, 0xCD, 0x01, 0xFE,
    0xFE, 0xCD, 0x01, 0xFE, 0xFE, 0xCD, 0x01, 0xFE, 0xFE, 0xCD, 0x01, 0xFE, 0xFE, 0xCD, 0x01, 0xFE,
    0xFE, 0xCD, 0x01, 0xFE, 0xFE, 0xCD, 0x01, 0xFE, 0xFE, 0xCD, 0x01, 0xFE, 0xFE, 0xCD, 0x01, 0xFE,
    0xFE, 0xCD, 0x01, 0xFE, 0xFE, 0xCD, 0x01, 0xFE, 0xFE, 0xCD, 0x01, 0xFE, 0xFE, 0xCD, 0x01, 0xFE,
    0xFE, 0xCD, 0x01, 0xFE, 0xFE, 0xCD, 0x01, 0xFE, 0xFE, 0xCD, 0x01, 0xFE, 0xFE, 0xCD, 0x01, 0xFE,
    0xFE, 0xCD, 0x01, 0xFE, 0xFE, 0xCD, 0x01, 0xFE, 0xFE, 0xCD, 0x01, 0xFE, 0xFE, 0xCD, 0x01, 0xFE,
    0xFE, 0xCD, 0x01, 0xFE, 0xFE, 0xCD, 0x01, 0xFE, 0xFE, 0xCD, 0x01, 0xFE, 0xFE, 0xCD, 0x01, 0xFE,
    0xFE, 0xCD, 0x01, 0xFE, 0xFE, 0xCD, 0x01, 0xFE, 0xFE, 0xCD, 0x01, 0xFE, 0xFE, 0xCD, 0x01, 0xFE,
    0xFE, 0xCD, 0x01, 0xFE, 0xFE, 0xCD, 0x01, 0xFE, 0xFE, 0xCD, 0x01, 0xFE, 0xFE, 0xCD, 0x01, 0xFE,
    0xFE, 0xCD, 0x01, 0xFE, 0xFE, 0xCD, 0x01, 0xFE, 0xFE, 0xCD, 0x01, 0xFE, 0xFE, 0xCD, 0x01, 0xFE,
    0xFE, 0xCD, 0x01, 0xFE, 0xFE, 0xCD, 0x01, 0xFE, 0xFE, 0xCD, 0x01, 0xFE, 0xFE, 0xCD, 0x01, 0xFE,
    0xFE, 0xCD, 0x01, 0xFE, 0xFE, 0xCD, 0x01, 0xFE, 0xFE, 0xCD, 0x01, 0xFE, 0xFE, 0xCD, 0x01, 0xFE,
    0xFE, 0xCD, 0x01, 0xFE, 0xFE, 0xCD, 0x01, 0xFE, 0xFE, 0xCD, 0x01, 0xFE, 0xFE, 0xCD, 0x01, 0xFE,
    0xFE, 0xCD, 0x01, 0xFE, 0xFE, 0xCD, 0x01, 0xFE, 0xFE, 0xCD, 0x01, 0xFE, 0xFE, 0xCD, 0x01, 0xFE,
    0xFE, 0xCD, 0x01, 0xFE, 0xFE, 0xCD, 0x01, 0xFE, 0xFE, 0xCD, 0x01, 0xFE, 0xFE, 0xCD, 0x01, 0xFE,
    0xFE, 0xCD, 0x01, 0xFE, 0xFE, 0xCD, 0x01, 0xFE, 0xFE, 0xCD, 0x01, 0xFE, 0xFE, 0xCD, 0x01, 0xFE,
    0xFE, 0xCD, 0x01, 0xFE, 0xFE, 0xCD, 0x01, 0xFE, 0xFE, 0xCD, 0x01, 0xFE, 0xFE, 0xCD, 0x01, 0xFE,
    0xFE, 0xCD, 0x01, 0xFE, 0xFE, 0xCD, 0x01, 0xFE, 0xFE, 0xCD, 0x01, 0xFE, 0xFE, 0xCD, 0x01, 0xFE,
    0xFE, 0xCD, 0x01, 0xFE, 0xFE, 0xCD, 0x01, 0xFE, 0xFE, 0xCD, 0x01, 0xFE, 0xFE, 0xCD, 0x01, 0xFE,
    0xFE, 0xCD, 0x01, 0xFE, 0xFE, 0xCD, 0x01, 0xFE, 0xFE, 0xCD, 0x01, 0xFE, 0xFE, 0xCD, 0x01, 0xFE,
    0xFE, 0xCD, 0x01, 0xFE, 0xFE, 0xCD, 0x01, 0xFE, 0xFE, 0xCD, 0x01, 0xFE, 0xFE, 0xCD, 0x01, 0xFE,
    0xFE, 0xCD, 0x01, 0xFE, 0xFE, 0xCD, 0x01, 0xFE, 0xFE, 0xCD, 0x01, 0xFE, 0xFE, 0xCD, 0x01, 0xFE,
    0xFE, 0xCD, 0x01, 0xFE, 0xFE, 0xCD, 0x01, 0xFE, 0xFE, 0xCD, 0x01, 0xFE, 0xFE, 0xCD, 0x01, 0xFE,
    0xFE, 0xCD, 0x01, 0xFE, 0xFE, 0xCD, 0x01, 0xFE, 0xFE, 0xCD, 0x01, 0xFE, 0xFE, 0xCD, 0x01, 0xFE,
    0xFE, 0xCD, 0x01, 0xFE, 0xFE, 0xCD, 0x01, 0xFE, 0xFE, 0xCD, 0x01, 0xFE, 0xFE, 0xCD, 0x01, 0xFE,
    0xFE, 0xCD, 0x01, 0xFE, 0xFE, 0xCD, 0x01, 0xFE, 0xFE, 0xCD, 0x01, 0xFE, 0xFE, 0xCD, 0x01, 0xFE,
    0xFE, 0xCD, 0x01, 0xFE, 0xFE, 0xCD, 0x01, 0xFE, 0xFE, 0xCD, 0x01, 0xFE, 0xFE, 0xCD, 0x01, 0xFE,
    0xFE, 0xCD, 0x01, 0xFE, 0xFE, 0xCD, 0x01, 0xFE, 0xFE, 0xCD, 0x01, 0xFE, 0xFE, 0xCD, 0x01, 0xFE,
    0xFE, 0xCD, 0x01, 0xFE, 0xFE, 0xCD, 0x01, 0xFE, 0xFE, 0xCD, 0x01, 0xFE, 0xFE, 0xCD, 0x01, 0xFE,
    0xFE, 0xCD, 0x01, 0xFE, 0xFE, 0xCD, 0x01, 0xFE, 0xFE, 0xCD, 0x01, 0xFE, 0xFE, 0xCD, 0x01, 0xFE,
    0xFE, 0xCD, 0x01, 0xFE, 0xFE, 0xCD, 0x01, 0xFE, 0xFE, 0xCD, 0x01, 0xFE, 0xFE, 0xCD, 0x01, 0xFE,
    0xFE, 0xCD, 0x01, 0xFE, 0xFE, 0xCD, 0x01, 0xFE, 0xFE, 0xCD, 0x01, 0xFE, 0xFE, 0xCD, 0x01, 0xFE,
    0xFE, 0xCD, 0x01, 0xFE, 0xFE, 0xCD, 0x01, 0xFE, 0xFE, 0xCD, 0x01, 0xFE, 0xFE, 0xCD, 0x01, 0xFE,
    0xFE, 0xCD, 0x01, 0xFE, 0xFE, 0xCD, 0x01, 0xFE, 0xFE, 0xCD, 0x01, 0xFE, 0xFE, 0xCD, 0x01, 0xFE,
    0xFE, 0xCD, 0x01, 0xFE, 0xFE, 0xCD, 0x01, 0xFE, 0xFE, 0xCD, 0x01, 0xFE, 0xFE, 0xCD, 0x01, 0xFE,
    0xFE, 0xCD, 0x01, 0xFE, 0xFE, 0xCD, 0x01, 0xFE, 0xFE, 0xCD, 0x01, 0xFE, 0xFE, 0xCD, 0x01, 0xFF,
    0xFE, 0xCD, 0x01, 0xFF, 0xFE, 0xCD, 0x01, 0xFF, 0xFE, 0xCD, 0x01, 0xFF, 0xFE, 0xCD, 0x01, 0xFF,
    0xFE, 0xCD, 0x01, 0xFF, 0xFE, 0xCD, 0x01, 0xFF, 0xFE, 0xCD, 0x01, 0xFF, 0xFE, 0xCD, 0x01, 0xFF,
    0xFE, 0xCD, 0x01, 0xFF, 0xFE, 0xCD, 0x01, 0xFF, 0xFE, 0xCD, 0x01, 0xFF, 0xFE, 0xCD, 0x01, 0xFF,
    0xFE, 0xCD, 0x01, 0xFF, 0xFE, 0xCD, 0x01, 0xFF, 0xFE, 0xCD, 0x01, 0xFF, 0xFE, 0xCD, 0x01, 0xFF,
    0xFE, 0xCD, 0x01, 0xFF, 0xFE, 0xCD, 0x01, 0xFF, 0xFE, 0xCD, 0x01, 0xFF, 0xFE, 0xCD, 0x01, 0xFF,
    0xFE, 0xCD, 0x01, 0xFF, 0xFE, 0xCD, 0x01, 0xFF, 0xFE, 0xCD, 0x01, 0xFF, 0xFE, 0xCD, 0x01, 0xFF,
    0xFE, 0xCD, 0x01, 0xFF, 0xFE, 0xCD, 0x01, 0xFF, 0xFE, 0xCD, 0x01, 0xFF, 0xFE, 0xCD, 0x01, 0xFF,
    0xFE, 0xCD, 0x01, 0xFF, 0xFE, 0xCD, 0x01, 0xFF, 0xFE, 0xCD, 0x01, 0xFF, 0xFE, 0xCD, 0x01, 0xFF,
    0xFE, 0xCD, 0x01, 0xFF, 0xFE, 0xCD, 0x01, 0xFF, 0xFE, 0xCD, 0x01, 0xFF, 0xFE, 0xCD, 0x01, 0xFF,
    0xFE, 0xCD, 0x01, 0xFF, 0xFE, 0xCD, 0x01, 0xFF, 0xFE, 0xCD, 0x01, 0xFF, 0xFE, 0xCD, 0x01, 0xFF,
    0xBF, 0x9E, 0x21, 0xFF, 0x0A, 0x06, 0x08, 0xFF, 0x08, 0x04, 0x08, 0xFF, 0x08, 0x04, 0x08, 0xFF,
    0x00, 0x00, 0x00, 0xFF, 0x00, 0x00, 0x00, 0x40, 0x00, 0x00, 0x00, 0x00, 0x00, 0x00, 0x00, 0x00,
    0x00, 0x00, 0x00, 0x00, 0x00, 0x00, 0x00, 0x00, 0x00, 0x00, 0x00, 0x00, 0x00, 0x00, 0x00, 0x00,
    0x00, 0x00, 0x00, 0x00, 0x00, 0x00, 0x00, 0x00, 0x00, 0x00, 0x00, 0x00, 0x00, 0x00, 0x00, 0x00,
    0x00, 0x00, 0x00, 0x00, 0x00, 0x00, 0x00, 0x30, 0x00, 0x00, 0x00, 0xFF, 0x00, 0x00, 0x00, 0xFF,
    0x10, 0x04, 0x00, 0xFF, 0x10, 0x04, 0x00, 0xFF, 0x10, 0x04, 0x00, 0xFF, 0xFF, 0x49, 0x29, 0xFF,
    0xF9, 0x47, 0x28, 0xFF, 0xF9, 0x47, 0x28, 0xFF, 0xF9, 0x47, 0x28, 0xFF, 0xF9, 0x47, 0x28, 0xFF,
    0xF7, 0x45, 0x22, 0xFF, 0xF8, 0x46, 0x26, 0xFF, 0xF9, 0x47, 0x28, 0xFF, 0xF9, 0x47, 0x28, 0xFF,
    0xF9, 0x47, 0x28, 0xFF, 0xF9, 0x47, 0x28, 0xFF, 0xF9, 0x47, 0x28, 0xFF, 0xF9, 0x47, 0x28, 0xFF,
    0xF9, 0x47, 0x28, 0xFF, 0xF9, 0x47, 0x28, 0xFF, 0xF9, 0x47, 0x28, 0xFF, 0xF9, 0x47, 0x28, 0xFF,
    0xF9, 0x47, 0x28, 0xFF, 0xF9, 0x47, 0x28, 0xFF, 0xF9, 0x47, 0x28, 0xFF, 0xF9, 0x47, 0x28, 0xFF,
    0xF9, 0x47, 0x28, 0xFF, 0xF9, 0x47, 0x28, 0xFF, 0xF9, 0x47, 0x28, 0xFF, 0xF9, 0x47, 0x28, 0xFF,
    0xF9, 0x47, 0x28, 0xFF, 0xF9, 0x47, 0x28, 0xFF, 0xF9, 0x47, 0x28, 0xFF, 0xF9, 0x47, 0x28, 0xFF,
    0xF9, 0x48, 0x2A, 0xFF, 0xF8, 0x4B, 0x2F, 0xFF, 0xF7, 0x4D, 0x31, 0xFF, 0xF7, 0x4D, 0x31, 0xFF,
    0xF9, 0x47, 0x28, 0xFF, 0xF9, 0x47, 0x28, 0xFF, 0xF9, 0x47, 0x28, 0xFF, 0xF9, 0x47, 0x28, 0xFF,
    0xF9, 0x47, 0x28, 0xFF, 0xF9, 0x47, 0x28, 0xFF, 0xF9, 0x47, 0x28, 0xFF, 0xF9, 0x47, 0x28, 0xFF,
    0xF7, 0x45, 0x29, 0xFF, 0xF7, 0x45, 0x29, 0xFF, 0x18, 0x08, 0x00, 0xFF, 0x18, 0x08, 0x00, 0xFF,
    0x00, 0x00, 0x00, 0xFF, 0x00, 0x00, 0x00, 0xFF, 0xE0, 0xBD, 0x2B, 0xFF, 0xFE, 0xCD, 0x01, 0xFF,
    0xFE, 0xCD, 0x01, 0xFF, 0xFE, 0xCD, 0x01, 0xFF, 0xFE, 0xCD, 0x01, 0xFF, 0xFE, 0xCD, 0x01, 0xFE,
    0xFE, 0xCD, 0x01, 0xFE, 0xFE, 0xCD, 0x01, 0xFE, 0xFE, 0xCD, 0x01, 0xFE, 0xFE, 0xCD, 0x01, 0xFE,
    0xFE, 0xCD, 0x01, 0xFE, 0xFE, 0xCD, 0x01, 0xFE, 0xFE, 0xCD, 0x01, 0xFE, 0xFE, 0xCD, 0x01, 0xFE,
    0xFE, 0xCD, 0x01, 0xFE, 0xFE, 0xCD, 0x01, 0xFE, 0xFE, 0xCD, 0x01, 0xFE, 0xFE, 0xCD, 0x01, 0xFE,
    0xFE, 0xCD, 0x01, 0xFE, 0xFE, 0xCD, 0x01, 0xFE, 0xFE, 0xCD, 0x01, 0xFE, 0xFE, 0xCD, 0x01, 0xFE,
    0xFE, 0xCD, 0x01, 0xFE, 0xFE, 0xCD, 0x01, 0xFE, 0xFE, 0xCD, 0x01, 0xFE, 0xFE, 0xCD, 0x01, 0xFE,
    0xFE, 0xCD, 0x01, 0xFE, 0xFE, 0xCD, 0x01, 0xFE, 0xFE, 0xCD, 0x01, 0xFE, 0xFE, 0xCD, 0x01, 0xFE,
    0xFE, 0xCD, 0x01, 0xFE, 0xFE, 0xCD, 0x01, 0xFE, 0xFE, 0xCD, 0x01, 0xFE, 0xFE, 0xCD, 0x01, 0xFE,
    0xFE, 0xCD, 0x01, 0xFE, 0xFE, 0xCD, 0x01, 0xFE, 0xFE, 0xCD, 0x01, 0xFE, 0xFE, 0xCD, 0x01, 0xFE,
    0xFE, 0xCD, 0x01, 0xFE, 0xFE, 0xCD, 0x01, 0xFE, 0xFE, 0xCD, 0x01, 0xFE, 0xFE, 0xCD, 0x01, 0xFE,
    0xFE, 0xCD, 0x01, 0xFE, 0xFE, 0xCD, 0x01, 0xFE, 0xFE, 0xCD, 0x01, 0xFE, 0xFE, 0xCD, 0x01, 0xFE,
    0xFE, 0xCD, 0x01, 0xFE, 0xFE, 0xCD, 0x01, 0xFE, 0xFE, 0xCD, 0x01, 0xFE, 0xFE, 0xCD, 0x01, 0xFE,
    0xFE, 0xCD, 0x01, 0xFE, 0xFE, 0xCD, 0x01, 0xFE, 0xFE, 0xCD, 0x01, 0xFE, 0xFE, 0xCD, 0x01, 0xFE,
    0xFE, 0xCD, 0x01, 0xFE, 0xFE, 0xCD, 0x01, 0xFE, 0xFE, 0xCD, 0x01, 0xFE, 0xFE, 0xCD, 0x01, 0xFE,
    0xFE, 0xCD, 0x01, 0xFE, 0xFE, 0xCD, 0x01, 0xFE, 0xFE, 0xCD, 0x01, 0xFE, 0xFE, 0xCD, 0x01, 0xFE,
    0xFE, 0xCD, 0x01, 0xFE, 0xFE, 0xCD, 0x01, 0xFE, 0xFE, 0xCD, 0x01, 0xFE, 0xFE, 0xCD, 0x01, 0xFE,
    0xFE, 0xCD, 0x01, 0xFE, 0xFE, 0xCD, 0x01, 0xFE, 0xFE, 0xCD, 0x01, 0xFE, 0xFE, 0xCD, 0x01, 0xFE,
    0xFE, 0xCD, 0x01, 0xFE, 0xFE, 0xCD, 0x01, 0xFE, 0xFE, 0xCD, 0x01, 0xFE, 0xFE, 0xCD, 0x01, 0xFE,
    0xFE, 0xCD, 0x01, 0xFE, 0xFE, 0xCD, 0x01, 0xFE, 0xFE, 0xCD, 0x01, 0xFE, 0xFE, 0xCD, 0x01, 0xFE,
    0xFE, 0xCD, 0x01, 0xFE, 0xFE, 0xCD, 0x01, 0xFE, 0xFE, 0xCD, 0x01, 0xFE, 0xFE, 0xCD, 0x01, 0xFE,
    0xFE, 0xCD, 0x01, 0xFE, 0xFE, 0xCD, 0x01, 0xFE, 0xFE, 0xCD, 0x01, 0xFE, 0xFE, 0xCD, 0x01, 0xFE,
    0xFE, 0xCD, 0x01, 0xFE, 0xFE, 0xCD, 0x01, 0xFE, 0xFE, 0xCD, 0x01, 0xFE, 0xFE, 0xCD, 0x01, 0xFE,
    0xFE, 0xCD, 0x01, 0xFE, 0xFE, 0xCD, 0x01, 0xFE, 0xFE, 0xCD, 0x01, 0xFE, 0xFE, 0xCD, 0x01, 0xFE,
    0xFE, 0xCD, 0x01, 0xFE, 0xFE, 0xCD, 0x01, 0xFE, 0xFE, 0xCD, 0x01, 0xFE, 0xFE, 0xCD, 0x01, 0xFE,
    0xFE, 0xCD, 0x01, 0xFE, 0xFE, 0xCD, 0x01, 0xFE, 0xFE, 0xCD, 0x01, 0xFE, 0xFE, 0xCD, 0x01, 0xFE,
    0xFE, 0xCD, 0x01, 0xFE, 0xFE, 0xCD, 0x01, 0xFE, 0xFE, 0xCD, 0x01, 0xFE, 0xFE, 0xCD, 0x01, 0xFE,
    0xFE, 0xCD, 0x01, 0xFE, 0xFE, 0xCD, 0x01, 0xFE, 0xFE, 0xCD, 0x01, 0xFE, 0xFE, 0xCD, 0x01, 0xFE,
    0xFE, 0xCD, 0x01, 0xFE, 0xFE, 0xCD, 0x01, 0xFE, 0xFE, 0xCD, 0x01, 0xFE, 0xFE, 0xCD, 0x01, 0xFE,
    0xFE, 0xCD, 0x01, 0xFE, 0xFE, 0xCD, 0x01, 0xFE, 0xFE, 0xCD, 0x01, 0xFE, 0xFE, 0xCD, 0x01, 0xFE,
    0xFE, 0xCD, 0x01, 0xFE, 0xFE, 0xCD, 0x01, 0xFE, 0xFE, 0xCD, 0x01, 0xFE, 0xFE, 0xCD, 0x01, 0xFE,
    0xFE, 0xCD, 0x01, 0xFE, 0xFE, 0xCD, 0x01, 0xFE, 0xFE, 0xCD, 0x01, 0xFE, 0xFE, 0xCD, 0x01, 0xFE,
    0xFE, 0xCD, 0x01, 0xFE, 0xFE, 0xCD, 0x01, 0xFE, 0xFE, 0xCD, 0x01, 0xFE, 0xFE, 0xCD, 0x01, 0xFE,
    0xFE, 0xCD, 0x01, 0xFE, 0xFE, 0xCD, 0x01, 0xFE, 0xFE, 0xCD, 0x01, 0xFE, 0xFE, 0xCD, 0x01, 0xFE,
    0xFE, 0xCD, 0x01, 0xFE, 0xFE, 0xCD, 0x01, 0xFE, 0xFE, 0xCD, 0x01, 0xFE, 0xFE, 0xCD, 0x01, 0xFE,
    0xFE, 0xCD, 0x01, 0xFE, 0xFE, 0xCD, 0x01, 0xFE, 0xFE, 0xCD, 0x01, 0xFE, 0xFE, 0xCD, 0x01, 0xFE,
    0xFE, 0xCD, 0x01, 0xFE, 0xFE, 0xCD, 0x01, 0xFE, 0xFE, 0xCD, 0x01, 0xFE, 0xFE, 0xCD, 0x01, 0xFE,
    0xFE, 0xCD, 0x01, 0xFE, 0xFE, 0xCD, 0x01, 0xFE, 0xFE, 0xCD, 0x01, 0xFE, 0xFE, 0xCD, 0x01, 0xFE,
    0xFE, 0xCD, 0x01, 0xFE, 0xFE, 0xCD, 0x01, 0xFE, 0xFE, 0xCD, 0x01, 0xFE, 0xFE, 0xCD, 0x01, 0xFE,
    0xFE, 0xCD, 0x01, 0xFE, 0xFE, 0xCD, 0x01, 0xFE, 0xFE, 0xCD, 0x01, 0xFE, 0xFE, 0xCD, 0x01, 0xFE,
    0xFE, 0xCD, 0x01, 0xFE, 0xFE, 0xCD, 0x01, 0xFE, 0xFE, 0xCD, 0x01, 0xFE, 0xFE, 0xCD, 0x01, 0xFF,
    0xFE, 0xCD, 0x01, 0xFF, 0xFE, 0xCD, 0x01, 0xFF, 0xFE, 0xCD, 0x01, 0xFF, 0xFE, 0xCD, 0x01, 0xFF,
    0xFE, 0xCD, 0x01, 0xFF, 0xFE, 0xCD, 0x01, 0xFF, 0xFE, 0xCD, 0x01, 0xFF, 0xFE, 0xCD, 0x01, 0xFF,
    0xFE, 0xCD, 0x01, 0xFF, 0xFE, 0xCD, 0x01, 0xFF, 0xFE, 0xCD, 0x01, 0xFF, 0xFE, 0xCD, 0x01, 0xFF,
    0xFE, 0xCD, 0x01, 0xFF, 0xFE, 0xCD, 0x01, 0xFF, 0xFE, 0xCD, 0x01, 0xFF, 0xFE, 0xCD, 0x01, 0xFF,
    0xFE, 0xCD, 0x01, 0xFF, 0xFE, 0xCD, 0x01, 0xFF, 0xFE, 0xCD, 0x01, 0xFF, 0xFE, 0xCD, 0x01, 0xFF,
    0xFE, 0xCD, 0x01, 0xFF, 0xFE, 0xCD, 0x01, 0xFF, 0xFE, 0xCD, 0x01, 0xFF, 0xFE, 0xCD, 0x01, 0xFF,
    0xFE, 0xCD, 0x01, 0xFF, 0xFE, 0xCD, 0x01, 0xFF, 0xFE, 0xCD, 0x01, 0xFF, 0xFE, 0xCD, 0x01, 0xFF,
    0xFE, 0xCD, 0x01, 0xFF, 0xFE, 0xCD, 0x01, 0xFF, 0xFE, 0xCD, 0x01, 0xFF, 0xFE, 0xCD, 0x01, 0xFF,
    0xFE, 0xCD, 0x01, 0xFF, 0xFE, 0xCD, 0x01, 0xFF, 0xFE, 0xCD, 0x01, 0xFF, 0xFE, 0xCD, 0x01, 0xFF,
    0xFE, 0xCD, 0x01, 0xFF, 0xFE, 0xCD, 0x01, 0xFF, 0xFE, 0xCD, 0x01, 0xFF, 0xE3, 0xC1, 0x3B, 0xFF,
    0x0A, 0x06, 0x08, 0xFF, 0x08, 0x04, 0x08, 0xFF, 0x08, 0x04, 0x08, 0xFF, 0x08, 0x04, 0x08, 0xFF,
    0x00, 0x00, 0x00, 0xC0, 0x00, 0x00, 0x00, 0x00, 0x00, 0x00, 0x00, 0x00, 0x00, 0x00, 0x00, 0x00,
    0x00, 0x00, 0x00, 0x00, 0x00, 0x00, 0x00, 0x00, 0x00, 0x00, 0x00, 0x00, 0x00, 0x00, 0x00, 0x00,
    0x00, 0x00, 0x00, 0x00, 0x00, 0x00, 0x00, 0x00, 0x00, 0x00, 0x00, 0x00, 0x00, 0x00, 0x00, 0x00,
    0x00, 0x00, 0x00, 0x00, 0x00, 0x00, 0x00, 0x00, 0x00, 0x00, 0x00, 0x90, 0x00, 0x00, 0x00, 0xFF,
    0x00, 0x00, 0x00, 0xFF, 0x00, 0x00, 0x00, 0xFF, 0x00, 0x00, 0x00, 0xFF, 0x5D, 0x1A, 0x10, 0xFF,
    0xF7, 0x45, 0x29, 0xFF, 0xF7, 0x45, 0x29, 0xFF, 0xF7, 0x45, 0x29, 0xFF, 0xF7, 0x45, 0x29, 0xFF,
    0xF9, 0x47, 0x28, 0xFF, 0xF9, 0x47, 0x28, 0xFF, 0xF9, 0x47, 0x28, 0xFF, 0xF9, 0x47, 0x28, 0xFF,
    0xF9, 0x47, 0x28, 0xFF, 0xF9, 0x47, 0x28, 0xFF, 0xF9, 0x47, 0x28, 0xFF, 0xF9, 0x47, 0x28, 0xFF,
    0xF9, 0x47, 0x28, 0xFF, 0xF9, 0x47, 0x28, 0xFF, 0xF9, 0x47, 0x28, 0xFF, 0xF9, 0x47, 0x28, 0xFF,
    0xF9, 0x47, 0x28, 0xFF, 0xF9, 0x47, 0x28, 0xFF, 0xF9, 0x47, 0x28, 0xFF, 0xF9, 0x47, 0x28, 0xFF,
    0xF9, 0x47, 0x28, 0xFF, 0xF9, 0x47, 0x28, 0xFF, 0xF9, 0x47, 0x28, 0xFF, 0xF9, 0x47, 0x28, 0xFF,
    0xF9, 0x47, 0x28, 0xFF, 0xF9, 0x47, 0x28, 0xFF, 0xF9, 0x47, 0x28, 0xFF, 0xF9, 0x47, 0x28, 0xFF,
    0xF9, 0x47, 0x28, 0xFF, 0xF9, 0x47, 0x28, 0xFF, 0xF9, 0x47, 0x28, 0xFF, 0xF9, 0x47, 0x28, 0xFF,
    0xF9, 0x47, 0x28, 0xFF, 0xF9, 0x47, 0x28, 0xFF, 0xF9, 0x47, 0x28, 0xFF, 0xF9, 0x47, 0x28, 0xFF,
    0xF7, 0x45, 0x29, 0xFF, 0xF7, 0x45, 0x29, 0xFF, 0xF7, 0x45, 0x29, 0xFF, 0xF7, 0x45, 0x29, 0xFF,
    0xEF, 0x45, 0x29, 0xFF, 0x4F, 0x17, 0x0D, 0xFF, 0x00, 0x00, 0x00, 0xFF, 0x00, 0x00, 0x00, 0xFF,
    0x00, 0x00, 0x00, 0xFF, 0x35, 0x35, 0x35, 0xFF, 0xFE, 0xCD, 0x01, 0xFF, 0xFE, 0xCD, 0x01, 0xFF,
    0xFE, 0xCD, 0x01, 0xFF, 0xFE, 0xCD, 0x01, 0xFF, 0xFE, 0xCD, 0x01, 0xFE, 0xFE, 0xCD, 0x01, 0xFE,
    0xFE, 0xCD, 0x01, 0xFE, 0xFE, 0xCD, 0x01, 0xFE, 0xFE, 0xCD, 0x01, 0xFE, 0xFE, 0xCD, 0x01, 0xFE,
    0xFE, 0xCD, 0x01, 0xFE, 0xFE, 0xCD, 0x01, 0xFE, 0xFE, 0xCD, 0x01, 0xFE, 0xFE, 0xCD, 0x01, 0xFE,
    0xFE, 0xCD, 0x01, 0xFE, 0xFE, 0xCD, 0x01, 0xFE, 0xFE, 0xCD, 0x01, 0xFE, 0xFE, 0xCD, 0x01, 0xFE,
    0xFE, 0xCD, 0x01, 0xFE, 0xFE, 0xCD, 0x01, 0xFE, 0xFE, 0xCD, 0x01, 0xFE, 0xFE, 0xCD, 0x01, 0xFE,
    0xFE, 0xCD, 0x01, 0xFE, 0xFE, 0xCD, 0x01, 0xFE, 0xFE, 0xCD, 0x01, 0xFE, 0xFE, 0xCD, 0x01, 0xFE,
    0xFE, 0xCD, 0x01, 0xFE, 0xFE, 0xCD, 0x01, 0xFE, 0xFE, 0xCD, 0x01, 0xFE, 0xFE, 0xCD, 0x01, 0xFE,
    0xFE, 0xCD, 0x01, 0xFE, 0xFE, 0xCD, 0x01, 0xFE, 0xFE, 0xCD, 0x01, 0xFE, 0xFE, 0xCD, 0x01, 0xFE,
    0xFE, 0xCD, 0x01, 0xFE, 0xFE, 0xCD, 0x01, 0xFE, 0xFE, 0xCD, 0x01, 0xFE, 0xFE, 0xCD, 0x01, 0xFE,
    0xFE, 0xCD, 0x01, 0xFE, 0xFE, 0xCD, 0x01, 0xFE, 0xFE, 0xCD, 0x01, 0xFE, 0xFE, 0xCD, 0x01, 0xFE,
    0xFE, 0xCD, 0x01, 0xFE, 0xFE, 0xCD, 0x01, 0xFE, 0xFE, 0xCD, 0x01, 0xFE, 0xFE, 0xCD, 0x01, 0xFE,
    0xFE, 0xCD, 0x01, 0xFE, 0xFE, 0xCD, 0x01, 0xFE, 0xFE, 0xCD, 0x01, 0xFE, 0xFE, 0xCD, 0x01, 0xFE,
    0xFE, 0xCD, 0x01, 0xFE, 0xFE, 0xCD, 0x01, 0xFE, 0xFE, 0xCD, 0x01, 0xFE, 0xFE, 0xCD, 0x01, 0xFE,
    0xFE, 0xCD, 0x01, 0xFE, 0xFE, 0xCD, 0x01, 0xFE, 0xFE, 0xCD, 0x01, 0xFE, 0xFE, 0xCD, 0x01, 0xFE,
    0xFE, 0xCD, 0x01, 0xFE, 0xFE, 0xCD, 0x01, 0xFE, 0xFE, 0xCD, 0x01, 0xFE, 0xFE, 0xCD, 0x01, 0xFE,
    0xFE, 0xCD, 0x01, 0xFE, 0xFE, 0xCD, 0x01, 0xFE, 0xFE, 0xCD, 0x01, 0xFE, 0xFE, 0xCD, 0x01, 0xFE,
    0xFE, 0xCD, 0x01, 0xFE, 0xFE, 0xCD, 0x01, 0xFE, 0xFE, 0xCD, 0x01, 0xFE, 0xFE, 0xCD, 0x01, 0xFE,
    0xFE, 0xCD, 0x01, 0xFE, 0xFE, 0xCD, 0x01, 0xFE, 0xFE, 0xCD, 0x01, 0xFE, 0xFE, 0xCD, 0x01, 0xFE,
    0xFE, 0xCD, 0x01, 0xFE, 0xFE, 0xCD, 0x01, 0xFE, 0xFE, 0xCD, 0x01, 0xFE, 0xFE, 0xCD, 0x01, 0xFE,
    0xFE, 0xCD, 0x01, 0xFE, 0xFE, 0xCD, 0x01, 0xFE, 0xFE, 0xCD, 0x01, 0xFE, 0xFE, 0xCD, 0x01, 0xFE,
    0xFE, 0xCD, 0x01, 0xFE, 0xFE, 0xCD, 0x01, 0xFE, 0xFE, 0xCD, 0x01, 0xFE, 0xFE, 0xCD, 0x01, 0xFE,
    0xFE, 0xCD, 0x01, 0xFE, 0xFE, 0xCD, 0x01, 0xFE, 0xFE, 0xCD, 0x01, 0xFE, 0xFE, 0xCD, 0x01, 0xFE,
    0xFE, 0xCD, 0x01, 0xFE, 0xFE, 0xCD, 0x01, 0xFE, 0xFE, 0xCD, 0x01, 0xFE, 0xFE, 0xCD, 0x01, 0xFE,
    0xFE, 0xCD, 0x01, 0xFE, 0xFE, 0xCD, 0x01, 0xFE, 0xFE, 0xCD, 0x01, 0xFE, 0xFE, 0xCD, 0x01, 0xFE,
    0xFE, 0xCD, 0x01, 0xFE, 0xFE, 0xCD, 0x01, 0xFE, 0xFE, 0xCD, 0x01, 0xFE, 0xFE, 0xCD, 0x01, 0xFE,
    0xFE, 0xCD, 0x01, 0xFE, 0xFE, 0xCD, 0x01, 0xFE, 0xFE, 0xCD, 0x01, 0xFE, 0xFE, 0xCD, 0x01, 0xFE,
    0xFE, 0xCD, 0x01, 0xFE, 0xFE, 0xCD, 0x01, 0xFE, 0xFE, 0xCD, 0x01, 0xFE, 0xFE, 0xCD, 0x01, 0xFE,
    0xFE, 0xCD, 0x01, 0xFE, 0xFE, 0xCD, 0x01, 0xFE, 0xFE, 0xCD, 0x01, 0xFE, 0xFE, 0xCD, 0x01, 0xFE,
    0xFE, 0xCD, 0x01, 0xFE, 0xFE, 0xCD, 0x01, 0xFE, 0xFE, 0xCD, 0x01, 0xFE, 0xFE, 0xCD, 0x01, 0xFE,
    0xFE, 0xCD, 0x01, 0xFE, 0xFE, 0xCD, 0x01, 0xFE, 0xFE, 0xCD, 0x01, 0xFE, 0xFE, 0xCD, 0x01, 0xFE,
    0xFE, 0xCD, 0x01, 0xFE, 0xFE, 0xCD, 0x01, 0xFE, 0xFE, 0xCD, 0x01, 0xFE, 0xFE, 0xCD, 0x01, 0xFE,
    0xFE, 0xCD, 0x01, 0xFE, 0xFE, 0xCD, 0x01, 0xFE, 0xFE, 0xCD, 0x01, 0xFE, 0xFE, 0xCD, 0x01, 0xFE,
    0xFE, 0xCD, 0x01, 0xFE, 0xFE, 0xCD, 0x01, 0xFE, 0xFE, 0xCD, 0x01, 0xFE, 0xFE, 0xCD, 0x01, 0xFE,
    0xFE, 0xCD, 0x01, 0xFE, 0xFE, 0xCD, 0x01, 0xFE, 0xFE, 0xCD, 0x01, 0xFE, 0xFE, 0xCD, 0x01, 0xFE,
    0xFE, 0xCD, 0x01, 0xFE, 0xFE, 0xCD, 0x01, 0xFE, 0xFE, 0xCD, 0x01, 0xFE, 0xFE, 0xCD, 0x01, 0xFE,
    0xFE, 0xCD, 0x01, 0xFE, 0xFE, 0xCD, 0x01, 0xFE, 0xFE, 0xCD, 0x01, 0xFE, 0xFE, 0xCD, 0x01, 0xFE,
    0xFE, 0xCD, 0x01, 0xFE, 0xFE, 0xCD, 0x01, 0xFE, 0xFE, 0xCD, 0x01, 0xFE, 0xFE, 0xCD, 0x01, 0xFE,
    0xFE, 0xCD, 0x01, 0xFE, 0xFE, 0xCD, 0x01, 0xFE, 0xFE, 0xCD, 0x01, 0xFE, 0xFE, 0xCD, 0x01, 0xFE,
    0xFE, 0xCD, 0x01, 0xFE, 0xFE, 0xCD, 0x01, 0xFE, 0xFE, 0xCD, 0x01, 0xFE, 0xFE, 0xCD, 0x01, 0xFE,
    0xFE, 0xCD, 0x01, 0xFE, 0xFE, 0xCD, 0x01, 0xFE, 0xFE, 0xCD, 0x01, 0xFE, 0xFE, 0xCD, 0x01, 0xFE,
    0xFE, 0xCD, 0x01, 0xFF, 0xFE, 0xCD, 0x01, 0xFF, 0xFE, 0xCD, 0x01, 0xFF, 0xFE, 0xCD, 0x01, 0xFF,
    0xFE, 0xCD, 0x01, 0xFF, 0xFE, 0xCD, 0x01, 0xFF, 0xFE, 0xCD, 0x01, 0xFF, 0xFE, 0xCD, 0x01, 0xFF,
    0xFE, 0xCD, 0x01, 0xFF, 0xFE, 0xCD, 0x01, 0xFF, 0xFE, 0xCD, 0x01, 0xFF, 0xFE, 0xCD, 0x01, 0xFF,
    0xFE, 0xCD, 0x01, 0xFF, 0xFE, 0xCD, 0x01, 0xFF, 0xFE, 0xCD, 0x01, 0xFF, 0xFE, 0xCD, 0x01, 0xFF,
    0xFE, 0xCD, 0x01, 0xFF, 0xFE, 0xCD, 0x01, 0xFF, 0xFE, 0xCD, 0x01, 0xFF, 0xFE, 0xCD, 0x01, 0xFF,
    0xFE, 0xCD, 0x01, 0xFF, 0xFE, 0xCD, 0x01, 0xFF, 0xFE, 0xCD, 0x01, 0xFF, 0xFE, 0xCD, 0x01, 0xFF,
    0xFE, 0xCD, 0x01, 0xFF, 0xFE, 0xCD, 0x01, 0xFF, 0xFE, 0xCD, 0x01, 0xFF, 0xFE, 0xCD, 0x01, 0xFF,
    0xFE, 0xCD, 0x01, 0xFF, 0xFE, 0xCD, 0x01, 0xFF, 0xFE, 0xCD, 0x01, 0xFF, 0xFE, 0xCD, 0x01, 0xFF,
    0xFE, 0xCD, 0x01, 0xFF, 0xFE, 0xCD, 0x01, 0xFF, 0xFE, 0xCD, 0x01, 0xFF, 0xFE, 0xCD, 0x01, 0xFF,
    0xFE, 0xCD, 0x01, 0xFF, 0xFE, 0xCD, 0x01, 0xFF, 0xEC, 0xC5, 0x24, 0xFF, 0x10, 0x10, 0x10, 0xFF,
    0x00, 0x00, 0x00, 0xFF, 0x00, 0x00, 0x00, 0xFF, 0x00, 0x00, 0x00, 0xFF, 0x00, 0x00, 0x00, 0xF0,
    0x00, 0x00, 0x00, 0x20, 0x00, 0x00, 0x00, 0x00, 0x00, 0x00, 0x00, 0x00, 0x00, 0x00, 0x00, 0x00,
    0x00, 0x00, 0x00, 0x00, 0x00, 0x00, 0x00, 0x00, 0x00, 0x00, 0x00, 0x00, 0x00, 0x00, 0x00, 0x00,
    0x00, 0x00, 0x00, 0x00, 0x00, 0x00, 0x00, 0x00, 0x00, 0x00, 0x00, 0x00, 0x00, 0x00, 0x00, 0x00,
    0x00, 0x00, 0x00, 0x00, 0x00, 0x00, 0x00, 0x00, 0x00, 0x00, 0x00, 0x00, 0x00, 0x00, 0x00, 0xD9,
    0x00, 0x00, 0x00, 0xFF, 0x00, 0x00, 0x00, 0xFF, 0x00, 0x00, 0x00, 0xFF, 0x00, 0x00, 0x00, 0xFF,
    0xA4, 0x2E, 0x1B, 0xFF, 0xF7, 0x45, 0x29, 0xFF, 0xF7, 0x45, 0x29, 0xFF, 0xF7, 0x45, 0x29, 0xFF,
    0xF9, 0x47, 0x28, 0xFF, 0xF9, 0x47, 0x28, 0xFF, 0xF9, 0x47, 0x28, 0xFF, 0xF9, 0x47, 0x28, 0xFF,
    0xF9, 0x47, 0x28, 0xFF, 0xF9, 0x47, 0x28, 0xFF, 0xF9, 0x47, 0x28, 0xFF, 0xF9, 0x47, 0x28, 0xFF,
    0xF9, 0x47, 0x28, 0xFF, 0xF9, 0x47, 0x28, 0xFF, 0xF9, 0x47, 0x28, 0xFF, 0xF9, 0x47, 0x28, 0xFF,
    0xF9, 0x47, 0x28, 0xFF, 0xF9, 0x47, 0x28, 0xFF, 0xF9, 0x47, 0x28, 0xFF, 0xF9, 0x47, 0x28, 0xFF,
    0xF9, 0x47, 0x28, 0xFF, 0xF9, 0x47, 0x28, 0xFF, 0xF9, 0x47, 0x28, 0xFF, 0xF9, 0x47, 0x28, 0xFF,
    0xF9, 0x47, 0x28, 0xFF, 0xF9, 0x47, 0x28, 0xFF, 0xF9, 0x47, 0x28, 0xFF, 0xF8, 0x47, 0x28, 0xFF,
    0xF9, 0x47, 0x28, 0xFF, 0xF9, 0x47, 0x28, 0xFF, 0xF9, 0x47, 0x28, 0xFF, 0xF9, 0x47, 0x28, 0xFF,
    0xF9, 0x47, 0x28, 0xFF, 0xF9, 0x47, 0x28, 0xFF, 0xF9, 0x47, 0x28, 0xFF, 0xF9, 0x47, 0x28, 0xFF,
    0xF7, 0x45, 0x29, 0xFF, 0xF7, 0x45, 0x29, 0xFF, 0xF7, 0x45, 0x29, 0xFF, 0xF7, 0x45, 0x29, 0xFF,
    0x9F, 0x2E, 0x1B, 0xFF, 0x00, 0x00, 0x00, 0xFF, 0x00, 0x00, 0x00, 0xFF, 0x00, 0x00, 0x00, 0xFF,
    0x0F, 0x0F, 0x0F, 0xFF, 0xFE, 0xCC, 0x01, 0xFF, 0xFE, 0xCD, 0x01, 0xFF, 0xFE, 0xCD, 0x01, 0xFF,
    0xFE, 0xCD, 0x01, 0xFF, 0xFE, 0xCD, 0x01, 0xFE, 0xFE, 0xCD, 0x01, 0xFE, 0xFE, 0xCD, 0x01, 0xFE,
    0xFE, 0xCD, 0x01, 0xFE, 0xFE, 0xCD, 0x01, 0xFE, 0xFE, 0xCD, 0x01, 0xFE, 0xFE, 0xCD, 0x01, 0xFE,
    0xFE, 0xCD, 0x01, 0xFE, 0xFE, 0xCD, 0x01, 0xFE, 0xFE, 0xCD, 0x01, 0xFE, 0xFE, 0xCD, 0x01, 0xFE,
    0xFE, 0xCD, 0x01, 0xFE, 0xFE, 0xCD, 0x01, 0xFE, 0xFE, 0xCD, 0x01, 0xFE, 0xFE, 0xCD, 0x01, 0xFE,
    0xFE, 0xCD, 0x01, 0xFE, 0xFE, 0xCD, 0x01, 0xFE, 0xFE, 0xCD, 0x01, 0xFE, 0xFE, 0xCD, 0x01, 0xFE,
    0xFE, 0xCD, 0x01, 0xFE, 0xFE, 0xCD, 0x01, 0xFE, 0xFE, 0xCD, 0x01, 0xFE, 0xFE, 0xCD, 0x01, 0xFE,
    0xFE, 0xCD, 0x01, 0xFE, 0xFE, 0xCD, 0x01, 0xFE, 0xFE, 0xCD, 0x01, 0xFE, 0xFE, 0xCD, 0x01, 0xFE,
    0xFE, 0xCD, 0x01, 0xFE, 0xFE, 0xCD, 0x01, 0xFE, 0xFE, 0xCD, 0x01, 0xFE, 0xFE, 0xCD, 0x01, 0xFE,
    0xFE, 0xCD, 0x01, 0xFE, 0xFE, 0xCD, 0x01, 0xFE, 0xFE, 0xCD, 0x01, 0xFE, 0xFE, 0xCD, 0x01, 0xFE,
    0xFE, 0xCD, 0x01, 0xFE, 0xFE, 0xCD, 0x01, 0xFE, 0xFE, 0xCD, 0x01, 0xFE, 0xFE, 0xCD, 0x01, 0xFE,
    0xFE, 0xCD, 0x01, 0xFE, 0xFE, 0xCD, 0x01, 0xFE, 0xFE, 0xCD, 0x01, 0xFE, 0xFE, 0xCD, 0x01, 0xFE,
    0xFE, 0xCD, 0x01, 0xFE, 0xFE, 0xCD, 0x01, 0xFE, 0xFE, 0xCD, 0x01, 0xFE, 0xFE, 0xCD, 0x01, 0xFE,
    0xFE, 0xCD, 0x01, 0xFE, 0xFE, 0xCD, 0x01, 0xFE, 0xFE, 0xCD, 0x01, 0xFE, 0xFE, 0xCD, 0x01, 0xFE,
    0xFE, 0xCD, 0x01, 0xFE, 0xFE, 0xCD, 0x01, 0xFE, 0xFE, 0xCD, 0x01, 0xFE, 0xFE, 0xCD, 0x01, 0xFE,
    0xFE, 0xCD, 0x01, 0xFE, 0xFE, 0xCD, 0x01, 0xFE, 0xFE, 0xCD, 0x01, 0xFE, 0xFE, 0xCD, 0x01, 0xFE,
    0xFE, 0xCD, 0x01, 0xFE, 0xFE, 0xCD, 0x01, 0xFE, 0xFE, 0xCD, 0x01, 0xFE, 0xFE, 0xCD, 0x01, 0xFE,
    0xFE, 0xCD, 0x01, 0xFE, 0xFE, 0xCD, 0x01, 0xFE, 0xFE, 0xCD, 0x01, 0xFE, 0xFE, 0xCD, 0x01, 0xFE,
    0xFE, 0xCD, 0x01, 0xFE, 0xFE, 0xCD, 0x01, 0xFE, 0xFE, 0xCD, 0x01, 0xFE, 0xFE, 0xCD, 0x01, 0xFE,
    0xFE, 0xCD, 0x01, 0xFE, 0xFE, 0xCD, 0x01, 0xFE, 0xFE, 0xCD, 0x01, 0xFE, 0xFE, 0xCD, 0x01, 0xFE,
    0xFE, 0xCD, 0x01, 0xFE, 0xFE, 0xCD, 0x01, 0xFE, 0xFE, 0xCD, 0x01, 0xFE, 0xFE, 0xCD, 0x01, 0xFE,
    0xFE, 0xCD, 0x01, 0xFE, 0xFE, 0xCD, 0x01, 0xFE, 0xFE, 0xCD, 0x01, 0xFE, 0xFE, 0xCD, 0x01, 0xFE,
    0xFE, 0xCD, 0x01, 0xFE, 0xFE, 0xCD, 0x01, 0xFE, 0xFE, 0xCD, 0x01, 0xFE, 0xFE, 0xCD, 0x01, 0xFE,
    0xFE, 0xCD, 0x01, 0xFE, 0xFE, 0xCD, 0x01, 0xFE, 0xFE, 0xCD, 0x01, 0xFE, 0xFE, 0xCD, 0x01, 0xFE,
    0xFE, 0xCD, 0x01, 0xFE, 0xFE, 0xCD, 0x01, 0xFE, 0xFE, 0xCD, 0x01, 0xFE, 0xFE, 0xCD, 0x01, 0xFE,
    0xFE, 0xCD, 0x01, 0xFE, 0xFE, 0xCD, 0x01, 0xFE, 0xFE, 0xCD, 0x01, 0xFE, 0xFE, 0xCD, 0x01, 0xFE,
    0xFE, 0xCD, 0x01, 0xFE, 0xFE, 0xCD, 0x01, 0xFE, 0xFE, 0xCD, 0x01, 0xFE, 0xFE, 0xCD, 0x01, 0xFE,
    0xFE, 0xCD, 0x01, 0xFE, 0xFE, 0xCD, 0x01, 0xFE, 0xFE, 0xCD, 0x01, 0xFE, 0xFE, 0xCD, 0x01, 0xFE,
    0xFE, 0xCD, 0x01, 0xFE, 0xFE, 0xCD, 0x01, 0xFE, 0xFE, 0xCD, 0x01, 0xFE, 0xFE, 0xCD, 0x01, 0xFE,
    0xFE, 0xCD, 0x01, 0xFE, 0xFE, 0xCD, 0x01, 0xFE, 0xFE, 0xCD, 0x01, 0xFE, 0xFE, 0xCD, 0x01, 0xFE,
    0xFE, 0xCD, 0x01, 0xFE, 0xFE, 0xCD, 0x01, 0xFE, 0xFE, 0xCD, 0x01, 0xFE, 0xFE, 0xCD, 0x01, 0xFE,
    0xFE, 0xCD, 0x01, 0xFE, 0xFE, 0xCD, 0x01, 0xFE, 0xFE, 0xCD, 0x01, 0xFE, 0xFE, 0xCD, 0x01, 0xFE,
    0xFE, 0xCD, 0x01, 0xFE, 0xFE, 0xCD, 0x01, 0xFE, 0xFE, 0xCD, 0x01, 0xFE, 0xFE, 0xCD, 0x01, 0xFE,
    0xFE, 0xCD, 0x01, 0xFE, 0xFE, 0xCD, 0x01, 0xFE, 0xFE, 0xCD, 0x01, 0xFE, 0xFE, 0xCD, 0x01, 0xFE,
    0xFE, 0xCD, 0x01, 0xFE, 0xFE, 0xCD, 0x01, 0xFE, 0xFE, 0xCD, 0x01, 0xFE, 0xFE, 0xCD, 0x01, 0xFE,
    0xFE, 0xCD, 0x01, 0xFE, 0xFE, 0xCD, 0x01, 0xFE, 0xFE, 0xCD, 0x01, 0xFE, 0xFE, 0xCD, 0x01, 0xFE,
    0xFE, 0xCD, 0x01, 0xFE, 0xFE, 0xCD, 0x01, 0xFE, 0xFE, 0xCD, 0x01, 0xFE, 0xFE, 0xCD, 0x01, 0xFE,
    0xFE, 0xCD, 0x01, 0xFE, 0xFE, 0xCD, 0x01, 0xFE, 0xFE, 0xCD, 0x01, 0xFE, 0xFE, 0xCD, 0x01, 0xFE,
    0xFE, 0xCD, 0x01, 0xFE, 0xFE, 0xCD, 0x01, 0xFE, 0xFE, 0xCD, 0x01, 0xFE, 0xFE, 0xCD, 0x01, 0xFE,
    0xFE, 0xCD, 0x01, 0xFE, 0xFE, 0xCD, 0x01, 0xFE, 0xFE, 0xCD, 0x01, 0xFE, 0xFE, 0xCD, 0x01, 0xFE,
    0xFE, 0xCD, 0x01, 0xFE, 0xFE, 0xCD, 0x01, 0xFE, 0xFE, 0xCD, 0x01, 0xFE, 0xFE, 0xCD, 0x01, 0xFE,
    0xFE, 0xCD, 0x01, 0xFE, 0xFE, 0xCD, 0x01, 0xFE, 0xFE, 0xCD, 0x01, 0xFF, 0xFE, 0xCD, 0x01, 0xFF,
    0xFE, 0xCD, 0x01, 0xFF, 0xFE, 0xCD, 0x01, 0xFF, 0xFE, 0xCD, 0x01, 0xFF, 0xFE, 0xCD, 0x01, 0xFF,
    0xFE, 0xCD, 0x01, 0xFF, 0xFE, 0xCD, 0x01, 0xFF, 0xFE, 0xCD, 0x01, 0xFF, 0xFE, 0xCD, 0x01, 0xFF,
    0xFE, 0xCD, 0x01, 0xFF, 0xFE, 0xCD, 0x01, 0xFF, 0xFE, 0xCD, 0x01, 0xFF, 0xFE, 0xCD, 0x01, 0xFF,
    0xFE, 0xCD, 0x01, 0xFF, 0xFE, 0xCD, 0x01, 0xFF, 0xFE, 0xCD, 0x01, 0xFF, 0xFE, 0xCD, 0x01, 0xFF,
    0xFE, 0xCD, 0x01, 0xFF, 0xFE, 0xCD, 0x01, 0xFF, 0xFE, 0xCD, 0x01, 0xFF, 0xFE, 0xCD, 0x01, 0xFF,
    0xFE, 0xCD, 0x01, 0xFF, 0xFE, 0xCD, 0x01, 0xFF, 0xFE, 0xCD, 0x01, 0xFF, 0xFE, 0xCD, 0x01, 0xFF,
    0xFE, 0xCD, 0x01, 0xFF, 0xFE, 0xCD, 0x01, 0xFF, 0xFE, 0xCD, 0x01, 0xFF, 0xFE, 0xCD, 0x01, 0xFF,
    0xFE, 0xCD, 0x01, 0xFF, 0xFE, 0xCD, 0x01, 0xFF, 0xFE, 0xCD, 0x01, 0xFF, 0xFE, 0xCD, 0x01, 0xFF,
    0xFE, 0xCD, 0x01, 0xFF, 0xFE, 0xCD, 0x01, 0xFF, 0x1A, 0x18, 0x0F, 0xFF, 0x10, 0x10, 0x10, 0xFF,
    0x00, 0x00, 0x00, 0xFF, 0x00, 0x00, 0x00, 0xFF, 0x00, 0x00, 0x00, 0xFF, 0x00, 0x00, 0x00, 0x60,
    0x00, 0x00, 0x00, 0x00, 0x00, 0x00, 0x00, 0x00, 0x00, 0x00, 0x00, 0x00, 0x00, 0x00, 0x00, 0x00,
    0x00, 0x00, 0x00, 0x00, 0x00, 0x00, 0x00, 0x00, 0x00, 0x00, 0x00, 0x00, 0x00, 0x00, 0x00, 0x00,
    0x00, 0x00, 0x00, 0x00, 0x00, 0x00, 0x00, 0x00, 0x00, 0x00, 0x00, 0x00, 0x00, 0x00, 0x00, 0x00,
    0x00, 0x00, 0x00, 0x00, 0x00, 0x00, 0x00, 0x00, 0x00, 0x00, 0x00, 0x00, 0x00, 0x00, 0x00, 0x30,
    0x00, 0x00, 0x00, 0xF7, 0x00, 0x00, 0x00, 0xFF, 0x00, 0x00, 0x00, 0xFF, 0x00, 0x00, 0x00, 0xFF,
    0x00, 0x00, 0x00, 0xFF, 0xA4, 0x2E, 0x1B, 0xFF, 0xF7, 0x45, 0x29, 0xFF, 0xF7, 0x45, 0x29, 0xFF,
    0xF9, 0x47, 0x28, 0xFF, 0xF9, 0x47, 0x28, 0xFF, 0xF9, 0x47, 0x28, 0xFF, 0xF9, 0x47, 0x28, 0xFF,
    0xF8, 0x47, 0x28, 0xFF, 0xF8, 0x47, 0x28, 0xFF, 0xF9, 0x47, 0x28, 0xFF, 0xF9, 0x47, 0x28, 0xFF,
    0xF9, 0x47, 0x28, 0xFF, 0xF9, 0x47, 0x28, 0xFF, 0xF9, 0x47, 0x28, 0xFF, 0xF9, 0x47, 0x28, 0xFF,
    0xF9, 0x47, 0x28, 0xFF, 0xF9, 0x47, 0x28, 0xFF, 0xF9, 0x47, 0x28, 0xFF, 0xF9, 0x47, 0x28, 0xFF,
    0xF9, 0x47, 0x28, 0xFF, 0xF9, 0x47, 0x28, 0xFF, 0xF9, 0x47, 0x28, 0xFF, 0xF9, 0x47, 0x28, 0xFF,
    0xF9, 0x47, 0x28, 0xFF, 0xF8, 0x47, 0x28, 0xFF, 0xF8, 0x47, 0x28, 0xFF, 0xF7, 0x47, 0x28, 0xFF,
    0xF9, 0x47, 0x28, 0xFF, 0xF9, 0x47, 0x28, 0xFF, 0xF9, 0x47, 0x28, 0xFF, 0xF9, 0x47, 0x28, 0xFF,
    0xF9, 0x47, 0x28, 0xFF, 0xF9, 0x47, 0x28, 0xFF, 0xF9, 0x47, 0x28, 0xFF, 0xF9, 0x47, 0x28, 0xFF,
    0xF7, 0x45, 0x29, 0xFF, 0xF7, 0x45, 0x29, 0xFF, 0xF7, 0x45, 0x29, 0xFF, 0xA4, 0x2E, 0x1B, 0xFF,
    0x00, 0x00, 0x00, 0xFF, 0x00, 0x00, 0x00, 0xFF, 0x00, 0x00, 0x00, 0xFF, 0x00, 0x00, 0x00, 0xFF,
    0xE5, 0xC2, 0x30, 0xFF, 0xFE, 0xCD, 0x01, 0xFF, 0xFE, 0xCD, 0x01, 0xFF, 0xFE, 0xCD, 0x01, 0xFF,
    0xFE, 0xCD, 0x01, 0xFF, 0xFE, 0xCD, 0x01, 0xFE, 0xFE, 0xCD, 0x01, 0xFE, 0xFE, 0xCD, 0x01, 0xFE,
    0xFE, 0xCD, 0x01, 0xFE, 0xFE, 0xCD, 0x01, 0xFE, 0xFE, 0xCD, 0x01, 0xFE, 0xFE, 0xCD, 0x01, 0xFE,
    0xFE, 0xCD, 0x01, 0xFE, 0xFE, 0xCD, 0x01, 0xFE, 0xFE, 0xCD, 0x01, 0xFE, 0xFE, 0xCD, 0x01, 0xFE,
    0xFE, 0xCD, 0x01, 0xFE, 0xFE, 0xCD, 0x01, 0xFE, 0xFE, 0xCD, 0x01, 0xFE, 0xFE, 0xCD, 0x01, 0xFE,
    0xFE, 0xCD, 0x01, 0xFE, 0xFE, 0xCD, 0x01, 0xFE, 0xFE, 0xCD, 0x01, 0xFE, 0xFE, 0xCD, 0x01, 0xFE,
    0xFE, 0xCD, 0x01, 0xFE, 0xFE, 0xCD, 0x01, 0xFE, 0xFE, 0xCD, 0x01, 0xFE, 0xFE, 0xCD, 0x01, 0xFE,
    0xFE, 0xCD, 0x01, 0xFE, 0xFE, 0xCD, 0x01, 0xFE, 0xFE, 0xCD, 0x01, 0xFE, 0xFE, 0xCD, 0x01, 0xFE,
    0xFE, 0xCD, 0x01, 0xFE, 0xFE, 0xCD, 0x01, 0xFE, 0xFE, 0xCD, 0x01, 0xFE, 0xFE, 0xCD, 0x01, 0xFE,
    0xFE, 0xCD, 0x01, 0xFE, 0xFE, 0xCD, 0x01, 0xFE, 0xFE, 0xCD, 0x01, 0xFE, 0xFE, 0xCD, 0x01, 0xFE,
    0xFE, 0xCD, 0x01, 0xFE, 0xFE, 0xCD, 0x01, 0xFE, 0xFE, 0xCD, 0x01, 0xFE, 0xFE, 0xCD, 0x01, 0xFE,
    0xFE, 0xCD, 0x01, 0xFE, 0xFE, 0xCD, 0x01, 0xFE, 0xFE, 0xCD, 0x01, 0xFE, 0xFE, 0xCD, 0x01, 0xFE,
    0xFE, 0xCD, 0x01, 0xFE, 0xFE, 0xCD, 0x01, 0xFE, 0xFE, 0xCD, 0x01, 0xFE, 0xFE, 0xCD, 0x01, 0xFE,
    0xFE, 0xCD, 0x01, 0xFE, 0xFE, 0xCD, 0x01, 0xFE, 0xFE, 0xCD, 0x01, 0xFE, 0xFE, 0xCD, 0x01, 0xFE,
    0xFE, 0xCD, 0x01, 0xFE, 0xFE, 0xCD, 0x01, 0xFE, 0xFE, 0xCD, 0x01, 0xFE, 0xFE, 0xCD, 0x01, 0xFE,
    0xFE, 0xCD, 0x01, 0xFE, 0xFE, 0xCD, 0x01, 0xFE, 0xFE, 0xCD, 0x01, 0xFE, 0xFE, 0xCD, 0x01, 0xFE,
    0xFE, 0xCD, 0x01, 0xFE, 0xFE, 0xCD, 0x01, 0xFE, 0xFE, 0xCD, 0x01, 0xFE, 0xFE, 0xCD, 0x01, 0xFE,
    0xFE, 0xCD, 0x01, 0xFE, 0xFE, 0xCD, 0x01, 0xFE, 0xFE, 0xCD, 0x01, 0xFE, 0xFE, 0xCD, 0x01, 0xFE,
    0xFE, 0xCD, 0x01, 0xFE, 0xFE, 0xCD, 0x01, 0xFE, 0xFE, 0xCD, 0x01, 0xFE, 0xFE, 0xCD, 0x01, 0xFE,
    0xFE, 0xCD, 0x01, 0xFE, 0xFE, 0xCD, 0x01, 0xFE, 0xFE, 0xCD, 0x01, 0xFE, 0xFE, 0xCD, 0x01, 0xFE,
    0xFE, 0xCD, 0x01, 0xFE, 0xFE, 0xCD, 0x01, 0xFE, 0xFE, 0xCD, 0x01, 0xFE, 0xFE, 0xCD, 0x01, 0xFE,
    0xFE, 0xCD, 0x01, 0xFE, 0xFE, 0xCD, 0x01, 0xFE, 0xFE, 0xCD, 0x01, 0xFE, 0xFE, 0xCD, 0x01, 0xFE,
    0xFE, 0xCD, 0x01, 0xFE, 0xFE, 0xCD, 0x01, 0xFE, 0xFE, 0xCD, 0x01, 0xFE, 0xFE, 0xCD, 0x01, 0xFE,
    0xFE, 0xCD, 0x01, 0xFE, 0xFE, 0xCD, 0x01, 0xFE, 0xFE, 0xCD, 0x01, 0xFE, 0xFE, 0xCD, 0x01, 0xFE,
    0xFE, 0xCD, 0x01, 0xFE, 0xFE, 0xCD, 0x01, 0xFE, 0xFE, 0xCD, 0x01, 0xFE, 0xFE, 0xCD, 0x01, 0xFE,
    0xFE, 0xCD, 0x01, 0xFE, 0xFE, 0xCD, 0x01, 0xFE, 0xFE, 0xCD, 0x01, 0xFE, 0xFE, 0xCD, 0x01, 0xFE,
    0xFE, 0xCD, 0x01, 0xFE, 0xFE, 0xCD, 0x01, 0xFE, 0xFE, 0xCD, 0x01, 0xFE, 0xFE, 0xCD, 0x01, 0xFE,
    0xFE, 0xCD, 0x01, 0xFE, 0xFE, 0xCD, 0x01, 0xFE, 0xFE, 0xCD, 0x01, 0xFE, 0xFE, 0xCD, 0x01, 0xFE,
    0xFE, 0xCD, 0x01, 0xFE, 0xFE, 0xCD, 0x01, 0xFE, 0xFE, 0xCD, 0x01, 0xFE, 0xFE, 0xCD, 0x01, 0xFE,
    0xFE, 0xCD, 0x01, 0xFE, 0xFE, 0xCD, 0x01, 0xFE, 0xFE, 0xCD, 0x01, 0xFE, 0xFE, 0xCD, 0x01, 0xFE,
    0xFE, 0xCD, 0x01, 0xFE, 0xFE, 0xCD, 0x01, 0xFE, 0xFE, 0xCD, 0x01, 0xFE, 0xFE, 0xCD, 0x01, 0xFE,
    0xFE, 0xCD, 0x01, 0xFE, 0xFE, 0xCD, 0x01, 0xFE, 0xFE, 0xCD, 0x01, 0xFE, 0xFE, 0xCD, 0x01, 0xFE,
    0xFE, 0xCD, 0x01, 0xFE, 0xFE, 0xCD, 0x01, 0xFE, 0xFE, 0xCD, 0x01, 0xFE, 0xFE, 0xCD, 0x01, 0xFE,
    0xFE, 0xCD, 0x01, 0xFE, 0xFE, 0xCD, 0x01, 0xFE, 0xFE, 0xCD, 0x01, 0xFE, 0xFE, 0xCD, 0x01, 0xFE,
    0xFE, 0xCD, 0x01, 0xFE, 0xFE, 0xCD, 0x01, 0xFE, 0xFE, 0xCD, 0x01, 0xFE, 0xFE, 0xCD, 0x01, 0xFE,
    0xFE, 0xCD, 0x01, 0xFE, 0xFE, 0xCD, 0x01, 0xFE, 0xFE, 0xCD, 0x01, 0xFE, 0xFE, 0xCD, 0x01, 0xFE,
    0xFE, 0xCD, 0x01, 0xFE, 0xFE, 0xCD, 0x01, 0xFE, 0xFE, 0xCD, 0x01, 0xFE, 0xFE, 0xCD, 0x01, 0xFE,
    0xFE, 0xCD, 0x01, 0xFE, 0xFE, 0xCD, 0x01, 0xFE, 0xFE, 0xCD, 0x01, 0xFE, 0xFE, 0xCD, 0x01, 0xFE,
    0xFE, 0xCD, 0x01, 0xFE, 0xFE, 0xCD, 0x01, 0xFE, 0xFE, 0xCD, 0x01, 0xFE, 0xFE, 0xCD, 0x01, 0xFE,
    0xFE, 0xCD, 0x01, 0xFE, 0xFE, 0xCD, 0x01, 0xFE, 0xFE, 0xCD, 0x01, 0xFE, 0xFE, 0xCD, 0x01, 0xFE,
    0xFE, 0xCD, 0x01, 0xFE, 0xFE, 0xCD, 0x01, 0xFE, 0xFE, 0xCD, 0x01, 0xFE, 0xFE, 0xCD, 0x01, 0xFE,
    0xFE, 0xCD, 0x01, 0xFE, 0xFE, 0xCD, 0x01, 0xFE, 0xFE, 0xCD, 0x01, 0xFE, 0xFE, 0xCD, 0x01, 0xFE,
    0xFE, 0xCD, 0x01, 0xFF, 0xFE, 0xCD, 0x01, 0xFF, 0xFE, 0xCD, 0x01, 0xFF, 0xFE, 0xCD, 0x01, 0xFF,
    0xFE, 0xCD, 0x01, 0xFF, 0xFE, 0xCD, 0x01, 0xFF, 0xFE, 0xCD, 0x01, 0xFF, 0xFE, 0xCD, 0x01, 0xFF,
    0xFE, 0xCD, 0x01, 0xFF, 0xFE, 0xCD, 0x01, 0xFF, 0xFE, 0xCD, 0x01, 0xFF, 0xFE, 0xCD, 0x01, 0xFF,
    0xFE, 0xCD, 0x01, 0xFF, 0xFE, 0xCD, 0x01, 0xFF, 0xFE, 0xCD, 0x01, 0xFF, 0xFE, 0xCD, 0x01, 0xFF,
    0xFE, 0xCD, 0x01, 0xFF, 0xFE, 0xCD, 0x01, 0xFF, 0xFE, 0xCD, 0x01, 0xFF, 0xFE, 0xCD, 0x01, 0xFF,
    0xFE, 0xCD, 0x01, 0xFF, 0xFE, 0xCD, 0x01, 0xFF, 0xFE, 0xCD, 0x01, 0xFF, 0xFE, 0xCD, 0x01, 0xFF,
    0xFE, 0xCD, 0x01, 0xFF, 0xFE, 0xCD, 0x01, 0xFF, 0xFE, 0xCD, 0x01, 0xFF, 0xFE, 0xCD, 0x01, 0xFF,
    0xFE, 0xCD, 0x01, 0xFF, 0xFE, 0xCD, 0x01, 0xFF, 0xFE, 0xCD, 0x01, 0xFF, 0xFE, 0xCD, 0x01, 0xFF,
    0xFE, 0xCD, 0x01, 0xFF, 0x1A, 0x18, 0x0F, 0xFF, 0x10, 0x10, 0x10, 0xFF, 0x10, 0x10, 0x10, 0xFF,
    0x00, 0x00, 0x00, 0xFF, 0x00, 0x00, 0x00, 0xFF, 0x00, 0x00, 0x00, 0x99, 0x00, 0x00, 0x00, 0x00,
    0x00, 0x00, 0x00, 0x00, 0x00, 0x00, 0x00, 0x00, 0x00, 0x00, 0x00, 0x00, 0x00, 0x00, 0x00, 0x00,
    0x00, 0x00, 0x00, 0x00, 0x00, 0x00, 0x00, 0x00, 0x00, 0x00, 0x00, 0x00, 0x00, 0x00, 0x00, 0x00,
    0x00, 0x00, 0x00, 0x00, 0x00, 0x00, 0x00, 0x00, 0x00, 0x00, 0x00, 0x00, 0x00, 0x00, 0x00, 0x00,
    0x00, 0x00, 0x00, 0x00, 0x00, 0x00, 0x00, 0x00, 0x00, 0x00, 0x00, 0x00, 0x00, 0x00, 0x00, 0x00,
    0x00, 0x00, 0x00, 0x40, 0x00, 0x00, 0x00, 0xFF, 0x00, 0x00, 0x00, 0xFF, 0x00, 0x00, 0x00, 0xFF,
    0x00, 0x00, 0x00, 0xFF, 0x00, 0x00, 0x00, 0xFF, 0xA4, 0x2E, 0x1B, 0xFF, 0xF7, 0x45, 0x29, 0xFF,
    0xF9, 0x47, 0x28, 0xFF, 0xF9, 0x47, 0x28, 0xFF, 0xF9, 0x47, 0x28, 0xFF, 0xF9, 0x47, 0x28, 0xFF,
    0xF7, 0x47, 0x28, 0xFF, 0xF7, 0x47, 0x28, 0xFF, 0xF7, 0x47, 0x28, 0xFF, 0xF8, 0x47, 0x28, 0xFF,
    0xF8, 0x47, 0x28, 0xFF, 0xF8, 0x47, 0x28, 0xFF, 0xF9, 0x47, 0x28, 0xFF, 0xF9, 0x47, 0x28, 0xFF,
    0xF9, 0x47, 0x28, 0xFF, 0xF9, 0x47, 0x28, 0xFF, 0xF9, 0x47, 0x28, 0xFF, 0xF9, 0x47, 0x28, 0xFF,
    0xF7, 0x47, 0x26, 0xFF, 0xF7, 0x47, 0x26, 0xFF, 0xF7, 0x47, 0x26, 0xFF, 0xF7, 0x47, 0x26, 0xFF,
    0xF7, 0x47, 0x28, 0xFF, 0xF7, 0x47, 0x28, 0xFF, 0xF7, 0x47, 0x28, 0xFF, 0xF7, 0x47, 0x28, 0xFF,
    0xF9, 0x47, 0x28, 0xFF, 0xF9, 0x47, 0x28, 0xFF, 0xF9, 0x47, 0x28, 0xFF, 0xF9, 0x47, 0x28, 0xFF,
    0xF9, 0x47, 0x28, 0xFF, 0xF9, 0x47, 0x28, 0xFF, 0xF9, 0x47, 0x28, 0xFF, 0xF9, 0x47, 0x28, 0xFF,
    0xF7, 0x45, 0x29, 0xFF, 0xF7, 0x45, 0x29, 0xFF, 0xA4, 0x2E, 0x1B, 0xFF, 0x00, 0x00, 0x00, 0xFF,
    0x00, 0x00, 0x00, 0xFF, 0x00, 0x00, 0x00, 0xFF, 0x00, 0x00, 0x00, 0xFF, 0x94, 0x84, 0x3E, 0xFF,
    0xFE, 0xCD, 0x01, 0xFF, 0xFE, 0xCD, 0x01, 0xFF, 0xFE, 0xCD, 0x01, 0xFF, 0xFE, 0xCD, 0x01, 0xFF,
    0xFE, 0xCD, 0x01, 0xFE, 0xFE, 0xCD, 0x01, 0xFE, 0xFE, 0xCD, 0x01, 0xFE, 0xFE, 0xCD, 0x01, 0xFE,
    0xFE, 0xCD, 0x01, 0xFE, 0xFE, 0xCD, 0x01, 0xFE, 0xFE, 0xCD, 0x01, 0xFE, 0xFE, 0xCD, 0x01, 0xFE,
    0xFE, 0xCD, 0x01, 0xFE, 0xFE, 0xCD, 0x01, 0xFE, 0xFE, 0xCD, 0x01, 0xFE, 0xFE, 0xCD, 0x01, 0xFE,
    0xFE, 0xCD, 0x01, 0xFE, 0xFE, 0xCD, 0x01, 0xFE, 0xFE, 0xCD, 0x01, 0xFE, 0xFE, 0xCD, 0x01, 0xFE,
    0xFE, 0xCD, 0x01, 0xFE, 0xFE, 0xCD, 0x01, 0xFE, 0xFE, 0xCD, 0x01, 0xFE, 0xFE, 0xCD, 0x01, 0xFE,
    0xFE, 0xCD, 0x01, 0xFE, 0xFE, 0xCD, 0x01, 0xFE, 0xFE, 0xCD, 0x01, 0xFE, 0xFE, 0xCD, 0x01, 0xFE,
    0xFE, 0xCD, 0x01, 0xFE, 0xFE, 0xCD, 0x01, 0xFE, 0xFE, 0xCD, 0x01, 0xFE, 0xFE, 0xCD, 0x01, 0xFE,
    0xFE, 0xCD, 0x01, 0xFE, 0xFE, 0xCD, 0x01, 0xFE, 0xFE, 0xCD, 0x01, 0xFE, 0xFE, 0xCD, 0x01, 0xFE,
    0xFE, 0xCD, 0x01, 0xFE, 0xFE, 0xCD, 0x01, 0xFE, 0xFE, 0xCD, 0x01, 0xFE, 0xFE, 0xCD, 0x01, 0xFE,
    0xFE, 0xCD, 0x01, 0xFE, 0xFE, 0xCD, 0x01, 0xFE, 0xFE, 0xCD, 0x01, 0xFE, 0xFE, 0xCD, 0x01, 0xFE,
    0xFE, 0xCD, 0x01, 0xFE, 0xFE, 0xCD, 0x01, 0xFE, 0xFE, 0xCD, 0x01, 0xFE, 0xFE, 0xCD, 0x01, 0xFE,
    0xFE, 0xCD, 0x01, 0xFE, 0xFE, 0xCD, 0x01, 0xFE, 0xFE, 0xCD, 0x01, 0xFE, 0xFE, 0xCD, 0x01, 0xFE,
    0xFE, 0xCD, 0x01, 0xFE, 0xFE, 0xCD, 0x01, 0xFE, 0xFE, 0xCD, 0x01, 0xFE, 0xFE, 0xCD, 0x01, 0xFE,
    0xFE, 0xCD, 0x01, 0xFE, 0xFE, 0xCD, 0x01, 0xFE, 0xFE, 0xCD, 0x01, 0xFE, 0xFE, 0xCD, 0x01, 0xFE,
    0xFE, 0xCD, 0x01, 0xFE, 0xFE, 0xCD, 0x01, 0xFE, 0xFE, 0xCD, 0x01, 0xFE, 0xFE, 0xCD, 0x01, 0xFE,
    0xFE, 0xCD, 0x01, 0xFE, 0xFE, 0xCD, 0x01, 0xFE, 0xFE, 0xCD, 0x01, 0xFE, 0xFE, 0xCD, 0x01, 0xFE,
    0xFE, 0xCD, 0x01, 0xFE, 0xFE, 0xCD, 0x01, 0xFE, 0xFE, 0xCD, 0x01, 0xFE, 0xFE, 0xCD, 0x01, 0xFE,
    0xFE, 0xCD, 0x01, 0xFE, 0xFE, 0xCD, 0x01, 0xFE, 0xFE, 0xCD, 0x01, 0xFE, 0xFE, 0xCD, 0x01, 0xFE,
    0xFE, 0xCD, 0x01, 0xFE, 0xFE, 0xCD, 0x01, 0xFE, 0xFE, 0xCD, 0x01, 0xFE, 0xFE, 0xCD, 0x01, 0xFE,
    0xFE, 0xCD, 0x01, 0xFE, 0xFE, 0xCD, 0x01, 0xFE, 0xFE, 0xCD, 0x01, 0xFE, 0xFE, 0xCD, 0x01, 0xFE,
    0xFE, 0xCD, 0x01, 0xFE, 0xFE, 0xCD, 0x01, 0xFE, 0xFE, 0xCD, 0x01, 0xFE, 0xFE, 0xCD, 0x01, 0xFE,
    0xFE, 0xCD, 0x01, 0xFE, 0xFE, 0xCD, 0x01, 0xFE, 0xFE, 0xCD, 0x01, 0xFE, 0xFE, 0xCD, 0x01, 0xFE,
    0xFE, 0xCD, 0x01, 0xFE, 0xFE, 0xCD, 0x01, 0xFE, 0xFE, 0xCD, 0x01, 0xFE, 0xFE, 0xCD, 0x01, 0xFE,
    0xFE, 0xCD, 0x01, 0xFE, 0xFE, 0xCD, 0x01, 0xFE, 0xFE, 0xCD, 0x01, 0xFE, 0xFE, 0xCD, 0x01, 0xFE,
    0xFE, 0xCD, 0x01, 0xFE, 0xFE, 0xCD, 0x01, 0xFE, 0xFE, 0xCD, 0x01, 0xFE, 0xFE, 0xCD, 0x01, 0xFE,
    0xFE, 0xCD, 0x01, 0xFE, 0xFE, 0xCD, 0x01, 0xFE, 0xFE, 0xCD, 0x01, 0xFE, 0xFE, 0xCD, 0x01, 0xFE,
    0xFE, 0xCD, 0x01, 0xFE, 0xFE, 0xCD, 0x01, 0xFE, 0xFE, 0xCD, 0x01, 0xFE, 0xFE, 0xCD, 0x01, 0xFE,
    0xFE, 0xCD, 0x01, 0xFE, 0xFE, 0xCD, 0x01, 0xFE, 0xFE, 0xCD, 0x01, 0xFE, 0xFE, 0xCD, 0x01, 0xFE,
    0xFE, 0xCD, 0x01, 0xFE, 0xFE, 0xCD, 0x01, 0xFE, 0xFE, 0xCD, 0x01, 0xFE, 0xFE, 0xCD, 0x01, 0xFE,
    0xFE, 0xCD, 0x01, 0xFE, 0xFE, 0xCD, 0x01, 0xFE, 0xFE, 0xCD, 0x01, 0xFE, 0xFE, 0xCD, 0x01, 0xFE,
    0xFE, 0xCD, 0x01, 0xFE, 0xFE, 0xCD, 0x01, 0xFE, 0xFE, 0xCD, 0x01, 0xFE, 0xFE, 0xCD, 0x01, 0xFE,
    0xFE, 0xCD, 0x01, 0xFE, 0xFE, 0xCD, 0x01, 0xFE, 0xFE, 0xCD, 0x01, 0xFE, 0xFE, 0xCD, 0x01, 0xFE,
    0xFE, 0xCD, 0x01, 0xFE, 0xFE, 0xCD, 0x01, 0xFE, 0xFE, 0xCD, 0x01, 0xFE, 0xFE, 0xCD, 0x01, 0xFE,
    0xFE, 0xCD, 0x01, 0xFE, 0xFE, 0xCD, 0x01, 0xFE, 0xFE, 0xCD, 0x01, 0xFE, 0xFE, 0xCD, 0x01, 0xFE,
    0xFE, 0xCD, 0x01, 0xFE, 0xFE, 0xCD, 0x01, 0xFE, 0xFE, 0xCD, 0x01, 0xFE, 0xFE, 0xCD, 0x01, 0xFE,
    0xFE, 0xCD, 0x01, 0xFE, 0xFE, 0xCD, 0x01, 0xFE, 0xFE, 0xCD, 0x01, 0xFE, 0xFE, 0xCD, 0x01, 0xFE,
    0xFE, 0xCD, 0x01, 0xFE, 0xFE, 0xCD, 0x01, 0xFE, 0xFE, 0xCD, 0x01, 0xFE, 0xFE, 0xCD, 0x01, 0xFE,
    0xFE, 0xCD, 0x01, 0xFE, 0xFE, 0xCD, 0x01, 0xFE, 0xFE, 0xCD, 0x01, 0xFE, 0xFE, 0xCD, 0x01, 0xFE,
    0xFE, 0xCD, 0x01, 0xFE, 0xFE, 0xCD, 0x01, 0xFE, 0xFE, 0xCD, 0x01, 0xFE, 0xFE, 0xCD, 0x01, 0xFE,
    0xFE, 0xCD, 0x01, 0xFE, 0xFE, 0xCD, 0x01, 0xFE, 0xFE, 0xCD, 0x01, 0xFE, 0xFE, 0xCD, 0x01, 0xFE,
    0xFE, 0xCD, 0x01, 0xFE, 0xFE, 0xCD, 0x01, 0xFE, 0xFE, 0xCD, 0x01, 0xFE, 0xFE, 0xCD, 0x01, 0xFE,
    0xFE, 0xCD, 0x01, 0xFE, 0xFE, 0xCD, 0x01, 0xFF, 0xFE, 0xCD, 0x01, 0xFF, 0xFE, 0xCD, 0x01, 0xFF,
    0xFE, 0xCD, 0x01, 0xFF, 0xFE, 0xCD, 0x01, 0xFF, 0xFE, 0xCD, 0x01, 0xFF, 0xFE, 0xCD, 0x01, 0xFF,
    0xFE, 0xCD, 0x01, 0xFF, 0xFE, 0xCD, 0x01, 0xFF, 0xFE, 0xCD, 0x01, 0xFF, 0xFE, 0xCD, 0x01, 0xFF,
    0xFE, 0xCD, 0x01, 0xFF, 0xFE, 0xCD, 0x01, 0xFF, 0xFE, 0xCD, 0x01, 0xFF, 0xFE, 0xCD, 0x01, 0xFF,
    0xFE, 0xCD, 0x01, 0xFF, 0xFE, 0xCD, 0x01, 0xFF, 0xFE, 0xCD, 0x01, 0xFF, 0xFE, 0xCD, 0x01, 0xFF,
    0xFE, 0xCD, 0x01, 0xFF, 0xFE, 0xCD, 0x01, 0xFF, 0xFE, 0xCD, 0x01, 0xFF, 0xFE, 0xCD, 0x01, 0xFF,
    0xFE, 0xCD, 0x01, 0xFF, 0xFE, 0xCD, 0x01, 0xFF, 0xFE, 0xCD, 0x01, 0xFF, 0xFE, 0xCD, 0x01, 0xFF,
    0xFE, 0xCD, 0x01, 0xFF, 0xFE, 0xCD, 0x01, 0xFF, 0xFE, 0xCD, 0x01, 0xFF, 0xFE, 0xCD, 0x01, 0xFF,
    0x1A, 0x18, 0x0F, 0xFF, 0x10, 0x10, 0x10, 0xFF, 0x10, 0x10, 0x10, 0xFF, 0x10, 0x10, 0x10, 0xFF,
    0x00, 0x00, 0x00, 0xFF, 0x00, 0x00, 0x00, 0xD3, 0x00, 0x00, 0x00, 0x00, 0x00, 0x00, 0x00, 0x00,
    0x00, 0x00, 0x00, 0x00, 0x00, 0x00, 0x00, 0x00, 0x00, 0x00, 0x00, 0x00, 0x00, 0x00, 0x00, 0x00,
    0x00, 0x00, 0x00, 0x00, 0x00, 0x00, 0x00, 0x00, 0x00, 0x00, 0x00, 0x00, 0x00, 0x00, 0x00, 0x00,
    0x00, 0x00, 0x00, 0x00, 0x00, 0x00, 0x00, 0x00, 0x00, 0x00, 0x00, 0x00, 0x00, 0x00, 0x00, 0x00,
    0x00, 0x00, 0x00, 0x00, 0x00, 0x00, 0x00, 0x00, 0x00, 0x00, 0x00, 0x00, 0x00, 0x00, 0x00, 0x00,
    0x00, 0x00, 0x00, 0x00, 0x00, 0x00, 0x00, 0x60, 0x00, 0x00, 0x00, 0xFF, 0x00, 0x00, 0x00, 0xFF,
    0x00, 0x00, 0x00, 0xFF, 0x00, 0x00, 0x00, 0xFF, 0x00, 0x00, 0x00, 0xFF, 0x7B, 0x24, 0x10, 0xFF,
    0xEF, 0x45, 0x29, 0xFF, 0xEF, 0x45, 0x29, 0xFF, 0xEF, 0x45, 0x29, 0xFF, 0xEF, 0x45, 0x29, 0xFF,
    0xF7, 0x49, 0x29, 0xFF, 0xF7, 0x49, 0x29, 0xFF, 0xF7, 0x49, 0x29, 0xFF, 0xF7, 0x49, 0x29, 0xFF,
    0xF9, 0x47, 0x28, 0xFF, 0xF9, 0x47, 0x28, 0xFF, 0xF9, 0x47, 0x28, 0xFF, 0xF9, 0x47, 0x28, 0xFF,
    0xF9, 0x47, 0x28, 0xFF, 0xF9, 0x47, 0x28, 0xFF, 0xF9, 0x47, 0x28, 0xFF, 0xF9, 0x47, 0x28, 0xFF,
    0xF9, 0x47, 0x28, 0xFF, 0xF9, 0x47, 0x28, 0xFF, 0xF9, 0x47, 0x28, 0xFF, 0xF9, 0x47, 0x28, 0xFF,
    0xF9, 0x47, 0x28, 0xFF, 0xF9, 0x47, 0x28, 0xFF, 0xF9, 0x47, 0x28, 0xFF, 0xF9, 0x47, 0x28, 0xFF,
    0xF9, 0x47, 0x28, 0xFF, 0xF9, 0x47, 0x28, 0xFF, 0xF9, 0x47, 0x28, 0xFF, 0xF9, 0x47, 0x28, 0xFF,
    0xF7, 0x45, 0x29, 0xFF, 0xF7, 0x45, 0x29, 0xFF, 0xF7, 0x45, 0x29, 0xFF, 0xF7, 0x45, 0x29, 0xFF,
    0xF7, 0x49, 0x29, 0xFF, 0x52, 0x18, 0x0D, 0xFF, 0x00, 0x00, 0x00, 0xFF, 0x00, 0x00, 0x00, 0xFF,
    0x00, 0x00, 0x00, 0xFF, 0x00, 0x00, 0x00, 0xFF, 0x94, 0x84, 0x3E, 0xFF, 0xFE, 0xCD, 0x01, 0xFF,
    0xFE, 0xCD, 0x01, 0xFF, 0xFE, 0xCD, 0x01, 0xFF, 0xFE, 0xCD, 0x01, 0xFF, 0xFE, 0xCD, 0x01, 0xFE,
    0xFE, 0xCD, 0x01, 0xFE, 0xFE, 0xCD, 0x01, 0xFE, 0xFE, 0xCD, 0x01, 0xFE, 0xFE, 0xCD, 0x01, 0xFE,
    0xFE, 0xCD, 0x01, 0xFE, 0xFE, 0xCD, 0x01, 0xFE, 0xFE, 0xCD, 0x01, 0xFE, 0xFE, 0xCD, 0x01, 0xFE,
    0xFE, 0xCD, 0x01, 0xFE, 0xFE, 0xCD, 0x01, 0xFE, 0xFE, 0xCD, 0x01, 0xFE, 0xFE, 0xCD, 0x01, 0xFE,
    0xFE, 0xCD, 0x01, 0xFE, 0xFE, 0xCD, 0x01, 0xFE, 0xFE, 0xCD, 0x01, 0xFE, 0xFE, 0xCD, 0x01, 0xFE,
    0xFE, 0xCD, 0x01, 0xFE, 0xFE, 0xCD, 0x01, 0xFE, 0xFE, 0xCD, 0x01, 0xFE, 0xFE, 0xCD, 0x01, 0xFE,
    0xFE, 0xCD, 0x01, 0xFE, 0xFE, 0xCD, 0x01, 0xFE, 0xFE, 0xCD, 0x01, 0xFE, 0xFE, 0xCD, 0x01, 0xFE,
    0xFE, 0xCD, 0x01, 0xFE, 0xFE, 0xCD, 0x01, 0xFE, 0xFE, 0xCD, 0x01, 0xFE, 0xFE, 0xCD, 0x01, 0xFE,
    0xFE, 0xCD, 0x01, 0xFE, 0xFE, 0xCD, 0x01, 0xFE, 0xFE, 0xCD, 0x01, 0xFE, 0xFE, 0xCD, 0x01, 0xFE,
    0xFE, 0xCD, 0x01, 0xFE, 0xFE, 0xCD, 0x01, 0xFE, 0xFE, 0xCD, 0x01, 0xFE, 0xFE, 0xCD, 0x01, 0xFE,
    0xFE, 0xCD, 0x01, 0xFE, 0xFE, 0xCD, 0x01, 0xFE, 0xFE, 0xCD, 0x01, 0xFE, 0xFE, 0xCD, 0x01, 0xFE,
    0xFE, 0xCD, 0x01, 0xFE, 0xFE, 0xCD, 0x01, 0xFE, 0xFE, 0xCD, 0x01, 0xFE, 0xFE, 0xCD, 0x01, 0xFE,
    0xFE, 0xCD, 0x01, 0xFE, 0xFE, 0xCD, 0x01, 0xFE, 0xFE, 0xCD, 0x01, 0xFE, 0xFE, 0xCD, 0x01, 0xFE,
    0xFE, 0xCD, 0x01, 0xFE, 0xFE, 0xCD, 0x01, 0xFE, 0xFE, 0xCD, 0x01, 0xFE, 0xFE, 0xCD, 0x01, 0xFE,
    0xFE, 0xCD, 0x01, 0xFE, 0xFE, 0xCD, 0x01, 0xFE, 0xFE, 0xCD, 0x01, 0xFE, 0xFE, 0xCD, 0x01, 0xFE,
    0xFE, 0xCD, 0x01, 0xFE, 0xFE, 0xCD, 0x01, 0xFE, 0xFE, 0xCD, 0x01, 0xFE, 0xFE, 0xCD, 0x01, 0xFE,
    0xFE, 0xCD, 0x01, 0xFE, 0xFE, 0xCD, 0x01, 0xFE, 0xFE, 0xCD, 0x01, 0xFE, 0xFE, 0xCD, 0x01, 0xFE,
    0xFE, 0xCD, 0x01, 0xFE, 0xFE, 0xCD, 0x01, 0xFE, 0xFE, 0xCD, 0x01, 0xFE, 0xFE, 0xCD, 0x01, 0xFE,
    0xFE, 0xCD, 0x01, 0xFE, 0xFE, 0xCD, 0x01, 0xFE, 0xFE, 0xCD, 0x01, 0xFE, 0xFE, 0xCD, 0x01, 0xFE,
    0xFE, 0xCD, 0x01, 0xFE, 0xFE, 0xCD, 0x01, 0xFE, 0xFE, 0xCD, 0x01, 0xFE, 0xFE, 0xCD, 0x01, 0xFE,
    0xFE, 0xCD, 0x01, 0xFE, 0xFE, 0xCD, 0x01, 0xFE, 0xFE, 0xCD, 0x01, 0xFE, 0xFE, 0xCD, 0x01, 0xFE,
    0xFE, 0xCD, 0x01, 0xFE, 0xFE, 0xCD, 0x01, 0xFE, 0xFE, 0xCD, 0x01, 0xFE, 0xFE, 0xCD, 0x01, 0xFE,
    0xFE, 0xCD, 0x01, 0xFE, 0xFE, 0xCD, 0x01, 0xFE, 0xFE, 0xCD, 0x01, 0xFE, 0xFE, 0xCD, 0x01, 0xFE,
    0xFE, 0xCD, 0x01, 0xFE, 0xFE, 0xCD, 0x01, 0xFE, 0xFE, 0xCD, 0x01, 0xFE, 0xFE, 0xCD, 0x01, 0xFE,
    0xFE, 0xCD, 0x01, 0xFE, 0xFE, 0xCD, 0x01, 0xFE, 0xFE, 0xCD, 0x01, 0xFE, 0xFE, 0xCD, 0x01, 0xFE,
    0xFE, 0xCD, 0x01, 0xFE, 0xFE, 0xCD, 0x01, 0xFE, 0xFE, 0xCD, 0x01, 0xFE, 0xFE, 0xCD, 0x01, 0xFE,
    0xFE, 0xCD, 0x01, 0xFE, 0xFE, 0xCD, 0x01, 0xFE, 0xFE, 0xCD, 0x01, 0xFE, 0xFE, 0xCD, 0x01, 0xFE,
    0xFE, 0xCD, 0x01, 0xFE, 0xFE, 0xCD, 0x01, 0xFE, 0xFE, 0xCD, 0x01, 0xFE, 0xFE, 0xCD, 0x01, 0xFE,
    0xFE, 0xCD, 0x01, 0xFE, 0xFE, 0xCD, 0x01, 0xFE, 0xFE, 0xCD, 0x01, 0xFE, 0xFE, 0xCD, 0x01, 0xFE,
    0xFE, 0xCD, 0x01, 0xFE, 0xFE, 0xCD, 0x01, 0xFE, 0xFE, 0xCD, 0x01, 0xFE, 0xFE, 0xCD, 0x01, 0xFE,
    0xFE, 0xCD, 0x01, 0xFE, 0xFE, 0xCD, 0x01, 0xFE, 0xFE, 0xCD, 0x01, 0xFE, 0xFE, 0xCD, 0x01, 0xFE,
    0xFE, 0xCD, 0x01, 0xFE, 0xFE, 0xCD, 0x01, 0xFE, 0xFE, 0xCD, 0x01, 0xFE, 0xFE, 0xCD, 0x01, 0xFE,
    0xFE, 0xCD, 0x01, 0xFE, 0xFE, 0xCD, 0x01, 0xFE, 0xFE, 0xCD, 0x01, 0xFE, 0xFE, 0xCD, 0x01, 0xFE,
    0xFE, 0xCD, 0x01, 0xFE, 0xFE, 0xCD, 0x01, 0xFE, 0xFE, 0xCD, 0x01, 0xFE, 0xFE, 0xCD, 0x01, 0xFE,
    0xFE, 0xCD, 0x01, 0xFE, 0xFE, 0xCD, 0x01, 0xFE, 0xFE, 0xCD, 0x01, 0xFE, 0xFE, 0xCD, 0x01, 0xFE,
    0xFE, 0xCD, 0x01, 0xFE, 0xFE, 0xCD, 0x01, 0xFE, 0xFE, 0xCD, 0x01, 0xFE, 0xFE, 0xCD, 0x01, 0xFE,
    0xFE, 0xCD, 0x01, 0xFE, 0xFE, 0xCD, 0x01, 0xFE, 0xFE, 0xCD, 0x01, 0xFE, 0xFE, 0xCD, 0x01, 0xFE,
    0xFE, 0xCD, 0x01, 0xFE, 0xFE, 0xCD, 0x01, 0xFE, 0xFE, 0xCD, 0x01, 0xFE, 0xFE, 0xCD, 0x01, 0xFE,
    0xFE, 0xCD, 0x01, 0xFE, 0xFE, 0xCD, 0x01, 0xFE, 0xFE, 0xCD, 0x01, 0xFE, 0xFE, 0xCD, 0x01, 0xFE,
    0xFE, 0xCD, 0x01, 0xFE, 0xFE, 0xCD, 0x01, 0xFE, 0xFE, 0xCD, 0x01, 0xFE, 0xFE, 0xCD, 0x01, 0xFE,
    0xFE, 0xCD, 0x01, 0xFE, 0xFE, 0xCD, 0x01, 0xFE, 0xFE, 0xCD, 0x01, 0xFE, 0xFE, 0xCD, 0x01, 0xFE,
    0xFE, 0xCD, 0x01, 0xFE, 0xFE, 0xCD, 0x01, 0xFE, 0xFE, 0xCD, 0x01, 0xFE, 0xFE, 0xCD, 0x01, 0xFE,
    0xFE, 0xCD, 0x01, 0xFE, 0xFE, 0xCD, 0x01, 0xFE, 0xFE, 0xCD, 0x01, 0xFE, 0xFE, 0xCD, 0x01, 0xFF,
    0xFE, 0xCD, 0x01, 0xFF, 0xFE, 0xCD, 0x01, 0xFF, 0xFE, 0xCD, 0x01, 0xFF, 0xFE, 0xCD, 0x01, 0xFF,
    0xFE, 0xCD, 0x01, 0xFF, 0xFE, 0xCD, 0x01, 0xFF, 0xFE, 0xCD, 0x01, 0xFF, 0xFE, 0xCD, 0x01, 0xFF,
    0xFE, 0xCD, 0x01, 0xFF, 0xFE, 0xCD, 0x01, 0xFF, 0xFE, 0xCD, 0x01, 0xFF, 0xFE, 0xCD, 0x01, 0xFF,
    0xFE, 0xCD, 0x01, 0xFF, 0xFE, 0xCD, 0x01, 0xFF, 0xFE, 0xCD, 0x01, 0xFF, 0xFE, 0xCD, 0x01, 0xFF,
    0xFE, 0xCD, 0x01, 0xFF, 0xFE, 0xCD, 0x01, 0xFF, 0xFE, 0xCD, 0x01, 0xFF, 0xFE, 0xCD, 0x01, 0xFF,
    0xFE, 0xCD, 0x01, 0xFF, 0xFE, 0xCD, 0x01, 0xFF, 0xFE, 0xCD, 0x01, 0xFF, 0xFE, 0xCD, 0x01, 0xFF,
    0xFE, 0xCD, 0x01, 0xFF, 0xFE, 0xCD, 0x01, 0xFF, 0xDF, 0xBE, 0x37, 0xFF, 0x08, 0x08, 0x08, 0xFF,
    0x00, 0x00, 0x00, 0xFF, 0x00, 0x00, 0x00, 0xFF, 0x00, 0x00, 0x00, 0xFF, 0x00, 0x00, 0x00, 0xFF,
    0x00, 0x00, 0x00, 0xD0, 0x00, 0x00, 0x00, 0x10, 0x00, 0x00, 0x00, 0x00, 0x00, 0x00, 0x00, 0x00,
    0x00, 0x00, 0x00, 0x00, 0x00, 0x00, 0x00, 0x00, 0x00, 0x00, 0x00, 0x00, 0x00, 0x00, 0x00, 0x00,
    0x00, 0x00, 0x00, 0x00, 0x00, 0x00, 0x00, 0x00, 0x00, 0x00, 0x00, 0x00, 0x00, 0x00, 0x00, 0x00,
    0x00, 0x00, 0x00, 0x00, 0x00, 0x00, 0x00, 0x00, 0x00, 0x00, 0x00, 0x00, 0x00, 0x00, 0x00, 0x00,
    0x00, 0x00, 0x00, 0x00, 0x00, 0x00, 0x00, 0x00, 0x00, 0x00, 0x00, 0x00, 0x00, 0x00, 0x00, 0x00,
    0x00, 0x00, 0x00, 0x00, 0x00, 0x00, 0x00, 0x00, 0x00, 0x00, 0x00, 0x6A, 0x00, 0x00, 0x00, 0xFF,
    0x00, 0x00, 0x00, 0xFF, 0x00, 0x00, 0x00, 0xFF, 0x00, 0x00, 0x00, 0xFF, 0x00, 0x00, 0x00, 0xFF,
    0x4F, 0x17, 0x0D, 0xFF, 0xEF, 0x45, 0x29, 0xFF, 0xEF, 0x45, 0x29, 0xFF, 0xEF, 0x45, 0x29, 0xFF,
    0xF7, 0x49, 0x29, 0xFF, 0xF7, 0x49, 0x29, 0xFF, 0xF7, 0x49, 0x29, 0xFF, 0xF7, 0x49, 0x29, 0xFF,
    0xF9, 0x47, 0x28, 0xFF, 0xF9, 0x47, 0x28, 0xFF, 0xF9, 0x47, 0x28, 0xFF, 0xF9, 0x47, 0x28, 0xFF,
    0xF9, 0x47, 0x28, 0xFF, 0xF9, 0x47, 0x28, 0xFF, 0xF9, 0x47, 0x28, 0xFF, 0xF9, 0x47, 0x28, 0xFF,
    0xF9, 0x47, 0x28, 0xFF, 0xF9, 0x47, 0x28, 0xFF, 0xF9, 0x47, 0x28, 0xFF, 0xF9, 0x47, 0x28, 0xFF,
    0xF9, 0x47, 0x28, 0xFF, 0xF9, 0x47, 0x28, 0xFF, 0xF9, 0x47, 0x28, 0xFF, 0xF9, 0x47, 0x28, 0xFF,
    0xF9, 0x47, 0x28, 0xFF, 0xF9, 0x47, 0x28, 0xFF, 0xF9, 0x47, 0x28, 0xFF, 0xF9, 0x47, 0x28, 0xFF,
    0xF7, 0x45, 0x29, 0xFF, 0xF7, 0x45, 0x29, 0xFF, 0xF7, 0x45, 0x29, 0xFF, 0xF7, 0x45, 0x29, 0xFF,
    0x52, 0x18, 0x0D, 0xFF, 0x00, 0x00, 0x00, 0xFF, 0x00, 0x00, 0x00, 0xFF, 0x00, 0x00, 0x00, 0xFF,
    0x00, 0x00, 0x00, 0xFF, 0x94, 0x84, 0x3E, 0xFF, 0xFE, 0xCD, 0x01, 0xFF, 0xFE, 0xCD, 0x01, 0xFF,
    0xFE, 0xCD, 0x01, 0xFF, 0xFE, 0xCD, 0x01, 0xFF, 0xFE, 0xCD, 0x01, 0xFE, 0xFE, 0xCD, 0x01, 0xFE,
    0xFE, 0xCD, 0x01, 0xFE, 0xFE, 0xCD, 0x01, 0xFE, 0xFE, 0xCD, 0x01, 0xFE, 0xFE, 0xCD, 0x01, 0xFE,
    0xFE, 0xCD, 0x01, 0xFE, 0xFE, 0xCD, 0x01, 0xFE, 0xFE, 0xCD, 0x01, 0xFE, 0xFE, 0xCD, 0x01, 0xFE,
    0xFE, 0xCD, 0x01, 0xFE, 0xFE, 0xCD, 0x01, 0xFE, 0xFE, 0xCD, 0x01, 0xFE, 0xFE, 0xCD, 0x01, 0xFE,
    0xFE, 0xCD, 0x01, 0xFE, 0xFE, 0xCD, 0x01, 0xFE, 0xFE, 0xCD, 0x01, 0xFE, 0xFE, 0xCD, 0x01, 0xFE,
    0xFE, 0xCD, 0x01, 0xFE, 0xFE, 0xCD, 0x01, 0xFE, 0xFE, 0xCD, 0x01, 0xFE, 0xFE, 0xCD, 0x01, 0xFE,
    0xFE, 0xCD, 0x01, 0xFE, 0xFE, 0xCD, 0x01, 0xFE, 0xFE, 0xCD, 0x01, 0xFE, 0xFE, 0xCD, 0x01, 0xFE,
    0xFE, 0xCD, 0x01, 0xFE, 0xFE, 0xCD, 0x01, 0xFE, 0xFE, 0xCD, 0x01, 0xFE, 0xFE, 0xCD, 0x01, 0xFE,
    0xFE, 0xCD, 0x01, 0xFE, 0xFE, 0xCD, 0x01, 0xFE, 0xFE, 0xCD, 0x01, 0xFE, 0xFE, 0xCD, 0x01, 0xFE,
    0xFE, 0xCD, 0x01, 0xFE, 0xFE, 0xCD, 0x01, 0xFE, 0xFE, 0xCD, 0x01, 0xFE, 0xFE, 0xCD, 0x01, 0xFE,
    0xFE, 0xCD, 0x01, 0xFE, 0xFE, 0xCD, 0x01, 0xFE, 0xFE, 0xCD, 0x01, 0xFE, 0xFE, 0xCD, 0x01, 0xFE,
    0xFE, 0xCD, 0x01, 0xFE, 0xFE, 0xCD, 0x01, 0xFE, 0xFE, 0xCD, 0x01, 0xFE, 0xFE, 0xCD, 0x01, 0xFE,
    0xFE, 0xCD, 0x01, 0xFE, 0xFE, 0xCD, 0x01, 0xFE, 0xFE, 0xCD, 0x01, 0xFE, 0xFE, 0xCD, 0x01, 0xFE,
    0xFE, 0xCD, 0x01, 0xFE, 0xFE, 0xCD, 0x01, 0xFE, 0xFE, 0xCD, 0x01, 0xFE, 0xFE, 0xCD, 0x01, 0xFE,
    0xFE, 0xCD, 0x01, 0xFE, 0xFE, 0xCD, 0x01, 0xFE, 0xFE, 0xCD, 0x01, 0xFE, 0xFE, 0xCD, 0x01, 0xFE,
    0xFE, 0xCD, 0x01, 0xFE, 0xFE, 0xCD, 0x01, 0xFE, 0xFE, 0xCD, 0x01, 0xFE, 0xFE, 0xCD, 0x01, 0xFE,
    0xFE, 0xCD, 0x01, 0xFE, 0xFE, 0xCD, 0x01, 0xFE, 0xFE, 0xCD, 0x01, 0xFE, 0xFE, 0xCD, 0x01, 0xFE,
    0xFE, 0xCD, 0x01, 0xFE, 0xFE, 0xCD, 0x01, 0xFE, 0xFE, 0xCD, 0x01, 0xFE, 0xFE, 0xCD, 0x01, 0xFE,
    0xFE, 0xCD, 0x01, 0xFE, 0xFE, 0xCD, 0x01, 0xFE, 0xFE, 0xCD, 0x01, 0xFE, 0xFE, 0xCD, 0x01, 0xFE,
    0xFE, 0xCD, 0x01, 0xFE, 0xFE, 0xCD, 0x01, 0xFE, 0xFE, 0xCD, 0x01, 0xFE, 0xFE, 0xCD, 0x01, 0xFE,
    0xFE, 0xCD, 0x01, 0xFE, 0xFE, 0xCD, 0x01, 0xFE, 0xFE, 0xCD, 0x01, 0xFE, 0xFE, 0xCD, 0x01, 0xFE,
    0xFE, 0xCD, 0x01, 0xFE, 0xFE, 0xCD, 0x01, 0xFE, 0xFE, 0xCD, 0x01, 0xFE, 0xFE, 0xCD, 0x01, 0xFE,
    0xFE, 0xCD, 0x01, 0xFE, 0xFE, 0xCD, 0x01, 0xFE, 0xFE, 0xCD, 0x01, 0xFE, 0xFE, 0xCD, 0x01, 0xFE,
    0xFE, 0xCD, 0x01, 0xFE, 0xFE, 0xCD, 0x01, 0xFE, 0xFE, 0xCD, 0x01, 0xFE, 0xFE, 0xCD, 0x01, 0xFE,
    0xFE, 0xCD, 0x01, 0xFE, 0xFE, 0xCD, 0x01, 0xFE, 0xFE, 0xCD, 0x01, 0xFE, 0xFE, 0xCD, 0x01, 0xFE,
    0xFE, 0xCD, 0x01, 0xFE, 0xFE, 0xCD, 0x01, 0xFE, 0xFE, 0xCD, 0x01, 0xFE, 0xFE, 0xCD, 0x01, 0xFE,
    0xFE, 0xCD, 0x01, 0xFE, 0xFE, 0xCD, 0x01, 0xFE, 0xFE, 0xCD, 0x01, 0xFE, 0xFE, 0xCD, 0x01, 0xFE,
    0xFE, 0xCD, 0x01, 0xFE, 0xFE, 0xCD, 0x01, 0xFE, 0xFE, 0xCD, 0x01, 0xFE, 0xFE, 0xCD, 0x01, 0xFE,
    0xFE, 0xCD, 0x01, 0xFE, 0xFE, 0xCD, 0x01, 0xFE, 0xFE, 0xCD, 0x01, 0xFE, 0xFE, 0xCD, 0x01, 0xFE,
    0xFE, 0xCD, 0x01, 0xFE, 0xFE, 0xCD, 0x01, 0xFE, 0xFE, 0xCD, 0x01, 0xFE, 0xFE, 0xCD, 0x01, 0xFE,
    0xFE, 0xCD, 0x01, 0xFE, 0xFE, 0xCD, 0x01, 0xFE, 0xFE, 0xCD, 0x01, 0xFE, 0xFE, 0xCD, 0x01, 0xFE,
    0xFE, 0xCD, 0x01, 0xFE, 0xFE, 0xCD, 0x01, 0xFE, 0xFE, 0xCD, 0x01, 0xFE, 0xFE, 0xCD, 0x01, 0xFE,
    0xFE, 0xCD, 0x01, 0xFE, 0xFE, 0xCD, 0x01, 0xFE, 0xFE, 0xCD, 0x01, 0xFE, 0xFE, 0xCD, 0x01, 0xFE,
    0xFE, 0xCD, 0x01, 0xFE, 0xFE, 0xCD, 0x01, 0xFE, 0xFE, 0xCD, 0x01, 0xFE, 0xFE, 0xCD, 0x01, 0xFE,
    0xFE, 0xCD, 0x01, 0xFE, 0xFE, 0xCD, 0x01, 0xFE, 0xFE, 0xCD, 0x01, 0xFE, 0xFE, 0xCD, 0x01, 0xFE,
    0xFE, 0xCD, 0x01, 0xFE, 0xFE, 0xCD, 0x01, 0xFE, 0xFE, 0xCD, 0x01, 0xFE, 0xFE, 0xCD, 0x01, 0xFE,
    0xFE, 0xCD, 0x01, 0xFE, 0xFE, 0xCD, 0x01, 0xFE, 0xFE, 0xCD, 0x01, 0xFE, 0xFE, 0xCD, 0x01, 0xFE,
    0xFE, 0xCD, 0x01, 0xFE, 0xFE, 0xCD, 0x01, 0xFE, 0xFE, 0xCD, 0x01, 0xFE, 0xFE, 0xCD, 0x01, 0xFE,
    0xFE, 0xCD, 0x01, 0xFE, 0xFE, 0xCD, 0x01, 0xFE, 0xFE, 0xCD, 0x01, 0xFE, 0xFE, 0xCD, 0x01, 0xFE,
    0xFE, 0xCD, 0x01, 0xFE, 0xFE, 0xCD, 0x01, 0xFE, 0xFE, 0xCD, 0x01, 0xFE, 0xFE, 0xCD, 0x01, 0xFE,
    0xFE, 0xCD, 0x01, 0xFE, 0xFE, 0xCD, 0x01, 0xFE, 0xFE, 0xCD, 0x01, 0xFE, 0xFE, 0xCD, 0x01, 0xFE,
    0xFE, 0xCD, 0x01, 0xFE, 0xFE, 0xCD, 0x01, 0xFE, 0xFE, 0xCD, 0x01, 0xFE, 0xFE, 0xCD, 0x01, 0xFE,
    0xFE, 0xCD, 0x01, 0xFE, 0xFE, 0xCD, 0x01, 0xFE, 0xFE, 0xCD, 0x01, 0xFE, 0xFE, 0xCD, 0x01, 0xFE,
    0xFE, 0xCD, 0x01, 0xFE, 0xFE, 0xCD, 0x01, 0xFF, 0xFE, 0xCD, 0x01, 0xFF, 0xFE, 0xCD, 0x01, 0xFF,
    0xFE, 0xCD, 0x01, 0xFF, 0xFE, 0xCD, 0x01, 0xFF, 0xFE, 0xCD, 0x01, 0xFF, 0xFE, 0xCD, 0x01, 0xFF,
    0xFE, 0xCD, 0x01, 0xFF, 0xFE, 0xCD, 0x01, 0xFF, 0xFE, 0xCD, 0x01, 0xFF, 0xFE, 0xCD, 0x01, 0xFF,
    0xFE, 0xCD, 0x01, 0xFF, 0xFE, 0xCD, 0x01, 0xFF, 0xFE, 0xCD, 0x01, 0xFF, 0xFE, 0xCD, 0x01, 0xFF,
    0xFE, 0xCD, 0x01, 0xFF, 0xFE, 0xCD, 0x01, 0xFF, 0xFE, 0xCD, 0x01, 0xFF, 0xFE, 0xCD, 0x01, 0xFF,
    0xFE, 0xCD, 0x01, 0xFF, 0xFE, 0xCD, 0x01, 0xFF, 0xFE, 0xCD, 0x01, 0xFF, 0xFE, 0xCD, 0x01, 0xFF,
    0xFE, 0xCD, 0x01, 0xFF, 0xBF, 0xA0, 0x20, 0xFF, 0x0C, 0x0B, 0x08, 0xFF, 0x08, 0x08, 0x08, 0xFF,
    0x00, 0x00, 0x00, 0xFF, 0x00, 0x00, 0x00, 0xFF, 0x00, 0x00, 0x00, 0xFF, 0x00, 0x00, 0x00, 0xD0,
    0x00, 0x00, 0x00, 0x10, 0x00, 0x00, 0x00, 0x00, 0x00, 0x00, 0x00, 0x00, 0x00, 0x00, 0x00, 0x00,
    0x00, 0x00, 0x00, 0x00, 0x00, 0x00, 0x00, 0x00, 0x00, 0x00, 0x00, 0x00, 0x00, 0x00, 0x00, 0x00,
    0x00, 0x00, 0x00, 0x00, 0x00, 0x00, 0x00, 0x00, 0x00, 0x00, 0x00, 0x00, 0x00, 0x00, 0x00, 0x00,
    0x00, 0x00, 0x00, 0x00, 0x00, 0x00, 0x00, 0x00, 0x00, 0x00, 0x00, 0x00, 0x00, 0x00, 0x00, 0x00,
    0x00, 0x00, 0x00, 0x00, 0x00, 0x00, 0x00, 0x00, 0x00, 0x00, 0x00, 0x00, 0x00, 0x00, 0x00, 0x00,
    0x00, 0x00, 0x00, 0x00, 0x00, 0x00, 0x00, 0x00, 0x00, 0x00, 0x00, 0x00, 0x00, 0x00, 0x00, 0x60,
    0x00, 0x00, 0x00, 0xFF, 0x00, 0x00, 0x00, 0xFF, 0x00, 0x00, 0x00, 0xFF, 0x00, 0x00, 0x00, 0xFF,
    0x00, 0x00, 0x00, 0xFF, 0x00, 0x00, 0x00, 0xFF, 0x9F, 0x2E, 0x1B, 0xFF, 0xEF, 0x45, 0x29, 0xFF,
    0xF7, 0x49, 0x29, 0xFF, 0xF7, 0x49, 0x29, 0xFF, 0xF7, 0x49, 0x29, 0xFF, 0xF7, 0x49, 0x29, 0xFF,
    0xF9, 0x47, 0x28, 0xFF, 0xF9, 0x47, 0x28, 0xFF, 0xF9, 0x47, 0x28, 0xFF, 0xF9, 0x47, 0x28, 0xFF,
    0xF9, 0x47, 0x28, 0xFF, 0xF9, 0x47, 0x28, 0xFF, 0xF9, 0x47, 0x28, 0xFF, 0xF9, 0x47, 0x28, 0xFF,
    0xF9, 0x47, 0x28, 0xFF, 0xF9, 0x47, 0x28, 0xFF, 0xF9, 0x47, 0x28, 0xFF, 0xF9, 0x47, 0x28, 0xFF,
    0xF9, 0x47, 0x28, 0xFF, 0xF9, 0x47, 0x28, 0xFF, 0xF9, 0x47, 0x28, 0xFF, 0xF9, 0x47, 0x28, 0xFF,
    0xF9, 0x47, 0x28, 0xFF, 0xF9, 0x47, 0x28, 0xFF, 0xF9, 0x47, 0x28, 0xFF, 0xF9, 0x47, 0x28, 0xFF,
    0xF7, 0x45, 0x29, 0xFF, 0xF7, 0x45, 0x29, 0xFF, 0xA4, 0x2E, 0x1B, 0xFF, 0x00, 0x00, 0x00, 0xFF,
    0x00, 0x00, 0x00, 0xFF, 0x00, 0x00, 0x00, 0xFF, 0x00, 0x00, 0x00, 0xFF, 0x00, 0x00, 0x00, 0xFF,
    0x94, 0x84, 0x3E, 0xFF, 0xFE, 0xCD, 0x01, 0xFF, 0xFE, 0xCD, 0x01, 0xFF, 0xFE, 0xCD, 0x01, 0xFF,
    0xFE, 0xCD, 0x01, 0xFF, 0xFE, 0xCD, 0x01, 0xFE, 0xFE, 0xCD, 0x01, 0xFE, 0xFE, 0xCD, 0x01, 0xFE,
    0xFE, 0xCD, 0x01, 0xFE, 0xFE, 0xCD, 0x01, 0xFE, 0xFE, 0xCD, 0x01, 0xFE, 0xFE, 0xCD, 0x01, 0xFE,
    0xFE, 0xCD, 0x01, 0xFE, 0xFE, 0xCD, 0x01, 0xFE, 0xFE, 0xCD, 0x01, 0xFE, 0xFE, 0xCD, 0x01, 0xFE,
    0xFE, 0xCD, 0x01, 0xFE, 0xFE, 0xCD, 0x01, 0xFE, 0xFE, 0xCD, 0x01, 0xFE, 0xFE, 0xCD, 0x01, 0xFE,
    0xFE, 0xCD, 0x01, 0xFE, 0xFE, 0xCD, 0x01, 0xFE, 0xFE, 0xCD, 0x01, 0xFE, 0xFE, 0xCD, 0x01, 0xFE,
    0xFE, 0xCD, 0x01, 0xFE, 0xFE, 0xCD, 0x01, 0xFE, 0xFE, 0xCD, 0x01, 0xFE, 0xFE, 0xCD, 0x01, 0xFE,
    0xFE, 0xCD, 0x01, 0xFE, 0xFE, 0xCD, 0x01, 0xFE, 0xFE, 0xCD, 0x01, 0xFE, 0xFE, 0xCD, 0x01, 0xFE,
    0xFE, 0xCD, 0x01, 0xFE, 0xFE, 0xCD, 0x01, 0xFE, 0xFE, 0xCD, 0x01, 0xFE, 0xFE, 0xCD, 0x01, 0xFE,
    0xFE, 0xCD, 0x01, 0xFE, 0xFE, 0xCD, 0x01, 0xFE, 0xFE, 0xCD, 0x01, 0xFE, 0xFE, 0xCD, 0x01, 0xFE,
    0xFE, 0xCD, 0x01, 0xFE, 0xFE, 0xCD, 0x01, 0xFE, 0xFE, 0xCD, 0x01, 0xFE, 0xFE, 0xCD, 0x01, 0xFE,
    0xFE, 0xCD, 0x01, 0xFE, 0xFE, 0xCD, 0x01, 0xFE, 0xFE, 0xCD, 0x01, 0xFE, 0xFE, 0xCD, 0x01, 0xFE,
    0xFE, 0xCD, 0x01, 0xFE, 0xFE, 0xCD, 0x01, 0xFE, 0xFE, 0xCD, 0x01, 0xFE, 0xFE, 0xCD, 0x01, 0xFE,
    0xFE, 0xCD, 0x01, 0xFE, 0xFE, 0xCD, 0x01, 0xFE, 0xFE, 0xCD, 0x01, 0xFE, 0xFE, 0xCD, 0x01, 0xFE,
    0xFE, 0xCD, 0x01, 0xFE, 0xFE, 0xCD, 0x01, 0xFE, 0xFE, 0xCD, 0x01, 0xFE, 0xFE, 0xCD, 0x01, 0xFE,
    0xFE, 0xCD, 0x01, 0xFE, 0xFE, 0xCD, 0x01, 0xFE, 0xFE, 0xCD, 0x01, 0xFE, 0xFE, 0xCD, 0x01, 0xFE,
    0xFE, 0xCD, 0x01, 0xFE, 0xFE, 0xCD, 0x01, 0xFE, 0xFE, 0xCD, 0x01, 0xFE, 0xFE, 0xCD, 0x01, 0xFE,
    0xFE, 0xCD, 0x01, 0xFE, 0xFE, 0xCD, 0x01, 0xFE, 0xFE, 0xCD, 0x01, 0xFE, 0xFE, 0xCD, 0x01, 0xFE,
    0xFE, 0xCD, 0x01, 0xFE, 0xFE, 0xCD, 0x01, 0xFE, 0xFE, 0xCD, 0x01, 0xFE, 0xFE, 0xCD, 0x01, 0xFE,
    0xFE, 0xCD, 0x01, 0xFE, 0xFE, 0xCD, 0x01, 0xFE, 0xFE, 0xCD, 0x01, 0xFE, 0xFE, 0xCD, 0x01, 0xFE,
    0xFE, 0xCD, 0x01, 0xFE, 0xFE, 0xCD, 0x01, 0xFE, 0xFE, 0xCD, 0x01, 0xFE, 0xFE, 0xCD, 0x01, 0xFE,
    0xFE, 0xCD, 0x01, 0xFE, 0xFE, 0xCD, 0x01, 0xFE, 0xFE, 0xCD, 0x01, 0xFE, 0xFE, 0xCD, 0x01, 0xFE,
    0xFE, 0xCD, 0x01, 0xFE, 0xFE, 0xCD, 0x01, 0xFE, 0xFE, 0xCD, 0x01, 0xFE, 0xFE, 0xCD, 0x01, 0xFE,
    0xFE, 0xCD, 0x01, 0xFE, 0xFE, 0xCD, 0x01, 0xFE, 0xFE, 0xCD, 0x01, 0xFE, 0xFE, 0xCD, 0x01, 0xFE,
    0xFE, 0xCD, 0x01, 0xFE, 0xFE, 0xCD, 0x01, 0xFE, 0xFE, 0xCD, 0x01, 0xFE, 0xFE, 0xCD, 0x01, 0xFE,
    0xFE, 0xCD, 0x01, 0xFE, 0xFE, 0xCD, 0x01, 0xFE, 0xFE, 0xCD, 0x01, 0xFE, 0xFE, 0xCD, 0x01, 0xFE,
    0xFE, 0xCD, 0x01, 0xFE, 0xFE, 0xCD, 0x01, 0xFE, 0xFE, 0xCD, 0x01, 0xFE, 0xFE, 0xCD, 0x01, 0xFE,
    0xFE, 0xCD, 0x01, 0xFE, 0xFE, 0xCD, 0x01, 0xFE, 0xFE, 0xCD, 0x01, 0xFE, 0xFE, 0xCD, 0x01, 0xFE,
    0xFE, 0xCD, 0x01, 0xFE, 0xFE, 0xCD, 0x01, 0xFE, 0xFE, 0xCD, 0x01, 0xFE, 0xFE, 0xCD, 0x01, 0xFE,
    0xFE, 0xCD, 0x01, 0xFE, 0xFE, 0xCD, 0x01, 0xFE, 0xFE, 0xCD, 0x01, 0xFE, 0xFE, 0xCD, 0x01, 0xFE,
    0xFE, 0xCD, 0x01, 0xFE, 0xFE, 0xCD, 0x01, 0xFE, 0xFE, 0xCD, 0x01, 0xFE, 0xFE, 0xCD, 0x01, 0xFE,
    0xFE, 0xCD, 0x01, 0xFE, 0xFE, 0xCD, 0x01, 0xFE, 0xFE, 0xCD, 0x01, 0xFE, 0xFE, 0xCD, 0x01, 0xFE,
    0xFE, 0xCD, 0x01, 0xFE, 0xFE, 0xCD, 0x01, 0xFE, 0xFE, 0xCD, 0x01, 0xFE, 0xFE, 0xCD, 0x01, 0xFE,
    0xFE, 0xCD, 0x01, 0xFE, 0xFE, 0xCD, 0x01, 0xFE, 0xFE, 0xCD, 0x01, 0xFE, 0xFE, 0xCD, 0x01, 0xFE,
    0xFE, 0xCD, 0x01, 0xFE, 0xFE, 0xCD, 0x01, 0xFE, 0xFE, 0xCD, 0x01, 0xFE, 0xFE, 0xCD, 0x01, 0xFE,
    0xFE, 0xCD, 0x01, 0xFE, 0xFE, 0xCD, 0x01, 0xFE, 0xFE, 0xCD, 0x01, 0xFE, 0xFE, 0xCD, 0x01, 0xFE,
    0xFE, 0xCD, 0x01, 0xFE, 0xFE, 0xCD, 0x01, 0xFE, 0xFE, 0xCD, 0x01, 0xFE, 0xFE, 0xCD, 0x01, 0xFE,
    0xFE, 0xCD, 0x01, 0xFE, 0xFE, 0xCD, 0x01, 0xFE, 0xFE, 0xCD, 0x01, 0xFE, 0xFE, 0xCD, 0x01, 0xFE,
    0xFE, 0xCD, 0x01, 0xFE, 0xFE, 0xCD, 0x01, 0xFE, 0xFE, 0xCD, 0x01, 0xFE, 0xFE, 0xCD, 0x01, 0xFE,
    0xFE, 0xCD, 0x01, 0xFE, 0xFE, 0xCD, 0x01, 0xFE, 0xFE, 0xCD, 0x01, 0xFE, 0xFE, 0xCD, 0x01, 0xFE,
    0xFE, 0xCD, 0x01, 0xFE, 0xFE, 0xCD, 0x01, 0xFE, 0xFE, 0xCD, 0x01, 0xFE, 0xFE, 0xCD, 0x01, 0xFE,
    0xFE, 0xCD, 0x01, 0xFE, 0xFE, 0xCD, 0x01, 0xFE, 0xFE, 0xCD, 0x01, 0xFE, 0xFE, 0xCD, 0x01, 0xFE,
    0xFE, 0xCD, 0x01, 0xFE, 0xFE, 0xCD, 0x01, 0xFE, 0xFE, 0xCD, 0x01, 0xFE, 0xFE, 0xCD, 0x01, 0xFE,
    0xFE, 0xCD, 0x01, 0xFE, 0xFE, 0xCD, 0x01, 0xFE, 0xFE, 0xCD, 0x01, 0xFE, 0xFE, 0xCD, 0x01, 0xFE,
    0xFE, 0xCD, 0x01, 0xFE, 0xFE, 0xCD, 0x01, 0xFE, 0xFE, 0xCD, 0x01, 0xFF, 0xFE, 0xCD, 0x01, 0xFF,
    0xFE, 0xCD, 0x01, 0xFF, 0xFE, 0xCD, 0x01, 0xFF, 0xFE, 0xCD, 0x01, 0xFF, 0xFE, 0xCD, 0x01, 0xFF,
    0xFE, 0xCD, 0x01, 0xFF, 0xFE, 0xCD, 0x01, 0xFF, 0xFE, 0xCD, 0x01, 0xFF, 0xFE, 0xCD, 0x01, 0xFF,
    0xFE, 0xCD, 0x01, 0xFF, 0xFE, 0xCD, 0x01, 0xFF, 0xFE, 0xCD, 0x01, 0xFF, 0xFE, 0xCD, 0x01, 0xFF,
    0xFE, 0xCD, 0x01, 0xFF, 0xFE, 0xCD, 0x01, 0xFF, 0xFE, 0xCD, 0x01, 0xFF, 0xFE, 0xCD, 0x01, 0xFF,
    0xFE, 0xCD, 0x01, 0xFF, 0xFE, 0xCD, 0x01, 0xFF, 0xFE, 0xCD, 0x01, 0xFF, 0xEA, 0xC2, 0x26, 0xFF,
    0x12, 0x10, 0x08, 0xFF, 0x0C, 0x0B, 0x08, 0xFF, 0x08, 0x08, 0x08, 0xFF, 0x08, 0x08, 0x08, 0xFF,
    0x00, 0x00, 0x00, 0xFF, 0x00, 0x00, 0x00, 0xFF, 0x00, 0x00, 0x00, 0xD0, 0x00, 0x00, 0x00, 0x10,
    0x00, 0x00, 0x00, 0x00, 0x00, 0x00, 0x00, 0x00, 0x00, 0x00, 0x00, 0x00, 0x00, 0x00, 0x00, 0x00,
    0x00, 0x00, 0x00, 0x00, 0x00, 0x00, 0x00, 0x00, 0x00, 0x00, 0x00, 0x00, 0x00, 0x00, 0x00, 0x00,
    0x00, 0x00, 0x00, 0x00, 0x00, 0x00, 0x00, 0x00, 0x00, 0x00, 0x00, 0x00, 0x00, 0x00, 0x00, 0x00,
    0x00, 0x00, 0x00, 0x00, 0x00, 0x00, 0x00, 0x00, 0x00, 0x00, 0x00, 0x00, 0x00, 0x00, 0x00, 0x00,
    0x00, 0x00, 0x00, 0x00, 0x00, 0x00, 0x00, 0x00, 0x00, 0x00, 0x00, 0x00, 0x00, 0x00, 0x00, 0x00,
    0x00, 0x00, 0x00, 0x00, 0x00, 0x00, 0x00, 0x00, 0x00, 0x00, 0x00, 0x00, 0x00, 0x00, 0x00, 0x00,
    0x00, 0x00, 0x00, 0x30, 0x00, 0x00, 0x00, 0xF2, 0x00, 0x00, 0x00, 0xFF, 0x00, 0x00, 0x00, 0xFF,
    0x00, 0x00, 0x00, 0xFF, 0x00, 0x00, 0x00, 0xFF, 0x00, 0x00, 0x00, 0xFF, 0x4F, 0x17, 0x0D, 0xFF,
    0xB7, 0x36, 0x1E, 0xFF, 0xF7, 0x49, 0x29, 0xFF, 0xF7, 0x49, 0x29, 0xFF, 0xF7, 0x49, 0x29, 0xFF,
    0xF9, 0x47, 0x28, 0xFF, 0xF9, 0x47, 0x28, 0xFF, 0xF9, 0x47, 0x28, 0xFF, 0xF9, 0x47, 0x28, 0xFF,
    0xF9, 0x47, 0x28, 0xFF, 0xF9, 0x47, 0x28, 0xFF, 0xF9, 0x47, 0x28, 0xFF, 0xF9, 0x47, 0x28, 0xFF,
    0xF9, 0x47, 0x28, 0xFF, 0xF9, 0x47, 0x28, 0xFF, 0xF9, 0x47, 0x28, 0xFF, 0xF9, 0x47, 0x28, 0xFF,
    0xF9, 0x47, 0x28, 0xFF, 0xF9, 0x47, 0x28, 0xFF, 0xF9, 0x47, 0x28, 0xFF, 0xF9, 0x47, 0x28, 0xFF,
    0xF9, 0x47, 0x28, 0xFF, 0xF9, 0x47, 0x28, 0xFF, 0xF9, 0x47, 0x28, 0xFF, 0xF9, 0x47, 0x28, 0xFF,
    0xA4, 0x2E, 0x1B, 0xFF, 0x52, 0x17, 0x0D, 0xFF, 0x00, 0x00, 0x00, 0xFF, 0x00, 0x00, 0x00, 0xFF,
    0x00, 0x00, 0x00, 0xFF, 0x00, 0x00, 0x00, 0xFF, 0x00, 0x00, 0x00, 0xFF, 0xA9, 0x98, 0x53, 0xFF,
    0xFE, 0xCD, 0x01, 0xFF, 0xFE, 0xCD, 0x01, 0xFF, 0xFE, 0xCD, 0x01, 0xFF, 0xFE, 0xCD, 0x01, 0xFF,
    0xFE, 0xCD, 0x01, 0xFE, 0xFE, 0xCD, 0x01, 0xFE, 0xFE, 0xCD, 0x01, 0xFE, 0xFE, 0xCD, 0x01, 0xFE,
    0xFE, 0xCD, 0x01, 0xFE, 0xFE, 0xCD, 0x01, 0xFE, 0xFE, 0xCD, 0x01, 0xFE, 0xFE, 0xCD, 0x01, 0xFE,
    0xFE, 0xCD, 0x01, 0xFE, 0xFE, 0xCD, 0x01, 0xFE, 0xFE, 0xCD, 0x01, 0xFE, 0xFE, 0xCD, 0x01, 0xFE,
    0xFE, 0xCD, 0x01, 0xFE, 0xFE, 0xCD, 0x01, 0xFE, 0xFE, 0xCD, 0x01, 0xFE, 0xFE, 0xCD, 0x01, 0xFE,
    0xFE, 0xCD, 0x01, 0xFE, 0xFE, 0xCD, 0x01, 0xFE, 0xFE, 0xCD, 0x01, 0xFE, 0xFE, 0xCD, 0x01, 0xFE,
    0xFE, 0xCD, 0x01, 0xFE, 0xFE, 0xCD, 0x01, 0xFE, 0xFE, 0xCD, 0x01, 0xFE, 0xFE, 0xCD, 0x01, 0xFE,
    0xFE, 0xCD, 0x01, 0xFE, 0xFE, 0xCD, 0x01, 0xFE, 0xFE, 0xCD, 0x01, 0xFE, 0xFE, 0xCD, 0x01, 0xFE,
    0xFE, 0xCD, 0x01, 0xFE, 0xFE, 0xCD, 0x01, 0xFE, 0xFE, 0xCD, 0x01, 0xFE, 0xFE, 0xCD, 0x01, 0xFE,
    0xFE, 0xCD, 0x01, 0xFE, 0xFE, 0xCD, 0x01, 0xFE, 0xFE, 0xCD, 0x01, 0xFE, 0xFE, 0xCD, 0x01, 0xFE,
    0xFE, 0xCD, 0x01, 0xFE, 0xFE, 0xCD, 0x01, 0xFE, 0xFE, 0xCD, 0x01, 0xFE, 0xFE, 0xCD, 0x01, 0xFE,
    0xFE, 0xCD, 0x01, 0xFE, 0xFE, 0xCD, 0x01, 0xFE, 0xFE, 0xCD, 0x01, 0xFE, 0xFE, 0xCD, 0x01, 0xFE,
    0xFE, 0xCD, 0x01, 0xFE, 0xFE, 0xCD, 0x01, 0xFE, 0xFE, 0xCD, 0x01, 0xFE, 0xFE, 0xCD, 0x01, 0xFE,
    0xFE, 0xCD, 0x01, 0xFE, 0xFE, 0xCD, 0x01, 0xFE, 0xFE, 0xCD, 0x01, 0xFE, 0xFE, 0xCD, 0x01, 0xFE,
    0xFE, 0xCD, 0x01, 0xFE, 0xFE, 0xCD, 0x01, 0xFE, 0xFE, 0xCD, 0x01, 0xFE, 0xFE, 0xCD, 0x01, 0xFE,
    0xFE, 0xCD, 0x01, 0xFE, 0xFE, 0xCD, 0x01, 0xFE, 0xFE, 0xCD, 0x01, 0xFE, 0xFE, 0xCD, 0x01, 0xFE,
    0xFE, 0xCD, 0x01, 0xFE, 0xFE, 0xCD, 0x01, 0xFE, 0xFE, 0xCD, 0x01, 0xFE, 0xFE, 0xCD, 0x01, 0xFE,
    0xFE, 0xCD, 0x01, 0xFE, 0xFE, 0xCD, 0x01, 0xFE, 0xFE, 0xCD, 0x01, 0xFE, 0xFE, 0xCD, 0x01, 0xFE,
    0xFE, 0xCD, 0x01, 0xFE, 0xFE, 0xCD, 0x01, 0xFE, 0xFE, 0xCD, 0x01, 0xFE, 0xFE, 0xCD, 0x01, 0xFE,
    0xFE, 0xCD, 0x01, 0xFE, 0xFE, 0xCD, 0x01, 0xFE, 0xFE, 0xCD, 0x01, 0xFE, 0xFE, 0xCD, 0x01, 0xFE,
    0xFE, 0xCD, 0x01, 0xFE, 0xFE, 0xCD, 0x01, 0xFE, 0xFE, 0xCD, 0x01, 0xFE, 0xFE, 0xCD, 0x01, 0xFE,
    0xFE, 0xCD, 0x01, 0xFE, 0xFE, 0xCD, 0x01, 0xFE, 0xFE, 0xCD, 0x01, 0xFE, 0xFE, 0xCD, 0x01, 0xFE,
    0xFE, 0xCD, 0x01, 0xFE, 0xFE, 0xCD, 0x01, 0xFE, 0xFE, 0xCD, 0x01, 0xFE, 0xFE, 0xCD, 0x01, 0xFE,
    0xFE, 0xCD, 0x01, 0xFE, 0xFE, 0xCD, 0x01, 0xFE, 0xFE, 0xCD, 0x01, 0xFE, 0xFE, 0xCD, 0x01, 0xFE,
    0xFE, 0xCD, 0x01, 0xFE, 0xFE, 0xCD, 0x01, 0xFE, 0xFE, 0xCD, 0x01, 0xFE, 0xFE, 0xCD, 0x01, 0xFE,
    0xFE, 0xCD, 0x01, 0xFE, 0xFE, 0xCD, 0x01, 0xFE, 0xFE, 0xCD, 0x01, 0xFE, 0xFE, 0xCD, 0x01, 0xFE,
    0xFE, 0xCD, 0x01, 0xFE, 0xFE, 0xCD, 0x01, 0xFE, 0xFE, 0xCD, 0x01, 0xFE, 0xFE, 0xCD, 0x01, 0xFE,
    0xFE, 0xCD, 0x01, 0xFE, 0xFE, 0xCD, 0x01, 0xFE, 0xFE, 0xCD, 0x01, 0xFE, 0xFE, 0xCD, 0x01, 0xFE,
    0xFE, 0xCD, 0x01, 0xFE, 0xFE, 0xCD, 0x01, 0xFE, 0xFE, 0xCD, 0x01, 0xFE, 0xFE, 0xCD, 0x01, 0xFE,
    0xFE, 0xCD, 0x01, 0xFE, 0xFE, 0xCD, 0x01, 0xFE, 0xFE, 0xCD, 0x01, 0xFE, 0xFE, 0xCD, 0x01, 0xFE,
    0xFE, 0xCD, 0x01, 0xFE, 0xFE, 0xCD, 0x01, 0xFE, 0xFE, 0xCD, 0x01, 0xFE, 0xFE, 0xCD, 0x01, 0xFE,
    0xFE, 0xCD, 0x01, 0xFE, 0xFE, 0xCD, 0x01, 0xFE, 0xFE, 0xCD, 0x01, 0xFE, 0xFE, 0xCD, 0x01, 0xFE,
    0xFE, 0xCD, 0x01, 0xFE, 0xFE, 0xCD, 0x01, 0xFE, 0xFE, 0xCD, 0x01, 0xFE, 0xFE, 0xCD, 0x01, 0xFE,
    0xFE, 0xCD, 0x01, 0xFE, 0xFE, 0xCD, 0x01, 0xFE, 0xFE, 0xCD, 0x01, 0xFE, 0xFE, 0xCD, 0x01, 0xFE,
    0xFE, 0xCD, 0x01, 0xFE, 0xFE, 0xCD, 0x01, 0xFE, 0xFE, 0xCD, 0x01, 0xFE, 0xFE, 0xCD, 0x01, 0xFE,
    0xFE, 0xCD, 0x01, 0xFE, 0xFE, 0xCD, 0x01, 0xFE, 0xFE, 0xCD, 0x01, 0xFE, 0xFE, 0xCD, 0x01, 0xFE,
    0xFE, 0xCD, 0x01, 0xFE, 0xFE, 0xCD, 0x01, 0xFE, 0xFE, 0xCD, 0x01, 0xFE, 0xFE, 0xCD, 0x01, 0xFE,
    0xFE, 0xCD, 0x01, 0xFE, 0xFE, 0xCD, 0x01, 0xFE, 0xFE, 0xCD, 0x01, 0xFE, 0xFE, 0xCD, 0x01, 0xFE,
    0xFE, 0xCD, 0x01, 0xFE, 0xFE, 0xCD, 0x01, 0xFE, 0xFE, 0xCD, 0x01, 0xFE, 0xFE, 0xCD, 0x01, 0xFE,
    0xFE, 0xCD, 0x01, 0xFE, 0xFE, 0xCD, 0x01, 0xFE, 0xFE, 0xCD, 0x01, 0xFE, 0xFE, 0xCD, 0x01, 0xFE,
    0xFE, 0xCD, 0x01, 0xFE, 0xFE, 0xCD, 0x01, 0xFE, 0xFE, 0xCD, 0x01, 0xFE, 0xFE, 0xCD, 0x01, 0xFE,
    0xFE, 0xCD, 0x01, 0xFE, 0xFE, 0xCD, 0x01, 0xFE, 0xFE, 0xCD, 0x01, 0xFE, 0xFE, 0xCD, 0x01, 0xFE,
    0xFE, 0xCD, 0x01, 0xFE, 0xFE, 0xCD, 0x01, 0xFE, 0xFE, 0xCD, 0x01, 0xFE, 0xFE, 0xCD, 0x01, 0xFE,
    0xFE, 0xCD, 0x01, 0xFE, 0xFE, 0xCD, 0x01, 0xFE, 0xFE, 0xCD, 0x01, 0xFE, 0xFE, 0xCD, 0x01, 0xFE,
    0xFE, 0xCD, 0x01, 0xFE, 0xFE, 0xCD, 0x01, 0xFE, 0xFE, 0xCD, 0x01, 0xFE, 0xFE, 0xCD, 0x01, 0xFF,
    0xFE, 0xCD, 0x01, 0xFF, 0xFE, 0xCD, 0x01, 0xFF, 0xFE, 0xCD, 0x01, 0xFF, 0xFE, 0xCD, 0x01, 0xFF,
    0xFE, 0xCD, 0x01, 0xFF, 0xFE, 0xCD, 0x01, 0xFF, 0xFE, 0xCD, 0x01, 0xFF, 0xFE, 0xCD, 0x01, 0xFF,
    0xFE, 0xCD, 0x01, 0xFF, 0xFE, 0xCD, 0x01, 0xFF, 0xFE, 0xCD, 0x01, 0xFF, 0xFE, 0xCD, 0x01, 0xFF,
    0xFE, 0xCD, 0x01, 0xFF, 0xFE, 0xCD, 0x01, 0xFF, 0xFE, 0xCD, 0x01, 0xFF, 0xFE, 0xCD, 0x01, 0xFF,
    0xFE, 0xCD, 0x01, 0xFF, 0xDF, 0xBD, 0x3A, 0xFF, 0x09, 0x0B, 0x00, 0xFF, 0x00, 0x04, 0x00, 0xFF,
    0x08, 0x08, 0x08, 0xFF, 0x08, 0x08, 0x08, 0xFF, 0x08, 0x08, 0x08, 0xFF, 0x08, 0x08, 0x08, 0xFF,
    0x00, 0x00, 0x00, 0xFF, 0x00, 0x00, 0x00, 0xA9, 0x00, 0x00, 0x00, 0x00, 0x00, 0x00, 0x00, 0x00,
    0x00, 0x00, 0x00, 0x00, 0x00, 0x00, 0x00, 0x00, 0x00, 0x00, 0x00, 0x00, 0x00, 0x00, 0x00, 0x00,
    0x00, 0x00, 0x00, 0x00, 0x00, 0x00, 0x00, 0x00, 0x00, 0x00, 0x00, 0x00, 0x00, 0x00, 0x00, 0x00,
    0x00, 0x00, 0x00, 0x00, 0x00, 0x00, 0x00, 0x00, 0x00, 0x00, 0x00, 0x00, 0x00, 0x00, 0x00, 0x00,
    0x00, 0x00, 0x00, 0x00, 0x00, 0x00, 0x00, 0x00, 0x00, 0x00, 0x00, 0x00, 0x00, 0x00, 0x00, 0x00,
    0x00, 0x00, 0x00, 0x00, 0x00, 0x00, 0x00, 0x00, 0x00, 0x00, 0x00, 0x00, 0x00, 0x00, 0x00, 0x00,
    0x00, 0x00, 0x00, 0x00, 0x00, 0x00, 0x00, 0x00, 0x00, 0x00, 0x00, 0x00, 0x00, 0x00, 0x00, 0x00,
    0x00, 0x00, 0x00, 0x00, 0x00, 0x00, 0x00, 0x10, 0x00, 0x00, 0x00, 0xC3, 0x00, 0x00, 0x00, 0xFF,
    0x00, 0x00, 0x00, 0xFF, 0x00, 0x00, 0x00, 0xFF, 0x00, 0x00, 0x00, 0xFF, 0x00, 0x00, 0x00, 0xFF,
    0x00, 0x00, 0x00, 0xFF, 0x52, 0x17, 0x0D, 0xFF, 0xA4, 0x2E, 0x1B, 0xFF, 0xF7, 0x45, 0x29, 0xFF,
    0xF7, 0x49, 0x29, 0xFF, 0xF7, 0x49, 0x29, 0xFF, 0xF7, 0x49, 0x29, 0xFF, 0xF7, 0x49, 0x29, 0xFF,
    0xFF, 0x49, 0x29, 0xFF, 0xFF, 0x49, 0x29, 0xFF, 0xFF, 0x49, 0x29, 0xFF, 0xFF, 0x49, 0x29, 0xFF,
    0xFF, 0x49, 0x29, 0xFF, 0xFF, 0x49, 0x29, 0xFF, 0xFF, 0x49, 0x29, 0xFF, 0xFF, 0x49, 0x29, 0xFF,
    0xEF, 0x45, 0x29, 0xFF, 0xEF, 0x45, 0x29, 0xFF, 0xEF, 0x45, 0x29, 0xFF, 0xEF, 0x45, 0x29, 0xFF,
    0xEF, 0x45, 0x29, 0xFF, 0xEF, 0x45, 0x29, 0xFF, 0x9F, 0x2E, 0x1B, 0xFF, 0x4F, 0x17, 0x0D, 0xFF,
    0x00, 0x00, 0x00, 0xFF, 0x00, 0x00, 0x00, 0xFF, 0x00, 0x00, 0x00, 0xFF, 0x00, 0x00, 0x00, 0xFF,
    0x00, 0x00, 0x00, 0xFF, 0x0F, 0x0F, 0x0F, 0xFF, 0xFE, 0xCB, 0x01, 0xFF, 0xFE, 0xCD, 0x01, 0xFF,
    0xFE, 0xCD, 0x01, 0xFF, 0xFE, 0xCD, 0x01, 0xFF, 0xFE, 0xCD, 0x01, 0xFF, 0xFE, 0xCD, 0x01, 0xFE,
    0xFE, 0xCD, 0x01, 0xFE, 0xFE, 0xCD, 0x01, 0xFE, 0xFE, 0xCD, 0x01, 0xFE, 0xFE, 0xCD, 0x01, 0xFE,
    0xFE, 0xCD, 0x01, 0xFE, 0xFE, 0xCD, 0x01, 0xFE, 0xFE, 0xCD, 0x01, 0xFE, 0xFE, 0xCD, 0x01, 0xFE,
    0xFE, 0xCD, 0x01, 0xFE, 0xFE, 0xCD, 0x01, 0xFE, 0xFE, 0xCD, 0x01, 0xFE, 0xFE, 0xCD, 0x01, 0xFE,
    0xFE, 0xCD, 0x01, 0xFE, 0xFE, 0xCD, 0x01, 0xFE, 0xFE, 0xCD, 0x01, 0xFE, 0xFE, 0xCD, 0x01, 0xFE,
    0xFE, 0xCD, 0x01, 0xFE, 0xFE, 0xCD, 0x01, 0xFE, 0xFE, 0xCD, 0x01, 0xFE, 0xFE, 0xCD, 0x01, 0xFE,
    0xFE, 0xCD, 0x01, 0xFE, 0xFE, 0xCD, 0x01, 0xFE, 0xFE, 0xCD, 0x01, 0xFE, 0xFE, 0xCD, 0x01, 0xFE,
    0xFE, 0xCD, 0x01, 0xFE, 0xFE, 0xCD, 0x01, 0xFE, 0xFE, 0xCD, 0x01, 0xFE, 0xFE, 0xCD, 0x01, 0xFE,
    0xFE, 0xCD, 0x01, 0xFE, 0xFE, 0xCD, 0x01, 0xFE, 0xFE, 0xCD, 0x01, 0xFE, 0xFE, 0xCD, 0x01, 0xFE,
    0xFE, 0xCD, 0x01, 0xFE, 0xFE, 0xCD, 0x01, 0xFE, 0xFE, 0xCD, 0x01, 0xFE, 0xFE, 0xCD, 0x01, 0xFE,
    0xFE, 0xCD, 0x01, 0xFE, 0xFE, 0xCD, 0x01, 0xFE, 0xFE, 0xCD, 0x01, 0xFE, 0xFE, 0xCD, 0x01, 0xFE,
    0xFE, 0xCD, 0x01, 0xFE, 0xFE, 0xCD, 0x01, 0xFE, 0xFE, 0xCD, 0x01, 0xFE, 0xFE, 0xCD, 0x01, 0xFE,
    0xFE, 0xCD, 0x01, 0xFE, 0xFE, 0xCD, 0x01, 0xFE, 0xFE, 0xCD, 0x01, 0xFE, 0xFE, 0xCD, 0x01, 0xFE,
    0xFE, 0xCD, 0x01, 0xFE, 0xFE, 0xCD, 0x01, 0xFE, 0xFE, 0xCD, 0x01, 0xFE, 0xFE, 0xCD, 0x01, 0xFE,
    0xFE, 0xCD, 0x01, 0xFE, 0xFE, 0xCD, 0x01, 0xFE, 0xFE, 0xCD, 0x01, 0xFE, 0xFE, 0xCD, 0x01, 0xFE,
    0xFE, 0xCD, 0x01, 0xFE, 0xFE, 0xCD, 0x01, 0xFE, 0xFE, 0xCD, 0x01, 0xFE, 0xFE, 0xCD, 0x01, 0xFE,
    0xFE, 0xCD, 0x01, 0xFE, 0xFE, 0xCD, 0x01, 0xFE, 0xFE, 0xCD, 0x01, 0xFE, 0xFE, 0xCD, 0x01, 0xFE,
    0xFE, 0xCD, 0x01, 0xFE, 0xFE, 0xCD, 0x01, 0xFE, 0xFE, 0xCD, 0x01, 0xFE, 0xFE, 0xCD, 0x01, 0xFE,
    0xFE, 0xCD, 0x01, 0xFE, 0xFE, 0xCD, 0x01, 0xFE, 0xFE, 0xCD, 0x01, 0xFE, 0xFE, 0xCD, 0x01, 0xFE,
    0xFE, 0xCD, 0x01, 0xFE, 0xFE, 0xCD, 0x01, 0xFE, 0xFE, 0xCD, 0x01, 0xFE, 0xFE, 0xCD, 0x01, 0xFE,
    0xFE, 0xCD, 0x01, 0xFE, 0xFE, 0xCD, 0x01, 0xFE, 0xFE, 0xCD, 0x01, 0xFE, 0xFE, 0xCD, 0x01, 0xFE,
    0xFE, 0xCD, 0x01, 0xFE, 0xFE, 0xCD, 0x01, 0xFE, 0xFE, 0xCD, 0x01, 0xFE, 0xFE, 0xCD, 0x01, 0xFE,
    0xFE, 0xCD, 0x01, 0xFE, 0xFE, 0xCD, 0x01, 0xFE, 0xFE, 0xCD, 0x01, 0xFE, 0xFE, 0xCD, 0x01, 0xFE,
    0xFE, 0xCD, 0x01, 0xFE, 0xFE, 0xCD, 0x01, 0xFE, 0xFE, 0xCD, 0x01, 0xFE, 0xFE, 0xCD, 0x01, 0xFE,
    0xFE, 0xCD, 0x01, 0xFE, 0xFE, 0xCD, 0x01, 0xFE, 0xFE, 0xCD, 0x01, 0xFE, 0xFE, 0xCD, 0x01, 0xFE,
    0xFE, 0xCD, 0x01, 0xFE, 0xFE, 0xCD, 0x01, 0xFE, 0xFE, 0xCD, 0x01, 0xFE, 0xFE, 0xCD, 0x01, 0xFE,
    0xFE, 0xCD, 0x01, 0xFE, 0xFE, 0xCD, 0x01, 0xFE, 0xFE, 0xCD, 0x01, 0xFE, 0xFE, 0xCD, 0x01, 0xFE,
    0xFE, 0xCD, 0x01, 0xFE, 0xFE, 0xCD, 0x01, 0xFE, 0xFE, 0xCD, 0x01, 0xFE, 0xFE, 0xCD, 0x01, 0xFE,
    0xFE, 0xCD, 0x01, 0xFE, 0xFE, 0xCD, 0x01, 0xFE, 0xFE, 0xCD, 0x01, 0xFE, 0xFE, 0xCD, 0x01, 0xFE,
    0xFE, 0xCD, 0x01, 0xFE, 0xFE, 0xCD, 0x01, 0xFE, 0xFE, 0xCD, 0x01, 0xFE, 0xFE, 0xCD, 0x01, 0xFE,
    0xFE, 0xCD, 0x01, 0xFE, 0xFE, 0xCD, 0x01, 0xFE, 0xFE, 0xCD, 0x01, 0xFE, 0xFE, 0xCD, 0x01, 0xFE,
    0xFE, 0xCD, 0x01, 0xFE, 0xFE, 0xCD, 0x01, 0xFE, 0xFE, 0xCD, 0x01, 0xFE, 0xFE, 0xCD, 0x01, 0xFE,
    0xFE, 0xCD, 0x01, 0xFE, 0xFE, 0xCD, 0x01, 0xFE, 0xFE, 0xCD, 0x01, 0xFE, 0xFE, 0xCD, 0x01, 0xFE,
    0xFE, 0xCD, 0x01, 0xFE, 0xFE, 0xCD, 0x01, 0xFE, 0xFE, 0xCD, 0x01, 0xFE, 0xFE, 0xCD, 0x01, 0xFE,
    0xFE, 0xCD, 0x01, 0xFE, 0xFE, 0xCD, 0x01, 0xFE, 0xFE, 0xCD, 0x01, 0xFE, 0xFE, 0xCD, 0x01, 0xFE,
    0xFE, 0xCD, 0x01, 0xFE, 0xFE, 0xCD, 0x01, 0xFE, 0xFE, 0xCD, 0x01, 0xFE, 0xFE, 0xCD, 0x01, 0xFE,
    0xFE, 0xCD, 0x01, 0xFE, 0xFE, 0xCD, 0x01, 0xFE, 0xFE, 0xCD, 0x01, 0xFE, 0xFE, 0xCD, 0x01, 0xFE,
    0xFE, 0xCD, 0x01, 0xFE, 0xFE, 0xCD, 0x01, 0xFE, 0xFE, 0xCD, 0x01, 0xFE, 0xFE, 0xCD, 0x01, 0xFE,
    0xFE, 0xCD, 0x01, 0xFE, 0xFE, 0xCD, 0x01, 0xFE, 0xFE, 0xCD, 0x01, 0xFE, 0xFE, 0xCD, 0x01, 0xFE,
    0xFE, 0xCD, 0x01, 0xFE, 0xFE, 0xCD, 0x01, 0xFE, 0xFE, 0xCD, 0x01, 0xFE, 0xFE, 0xCD, 0x01, 0xFE,
    0xFE, 0xCD, 0x01, 0xFE, 0xFE, 0xCD, 0x01, 0xFE, 0xFE, 0xCD, 0x01, 0xFE, 0xFE, 0xCD, 0x01, 0xFE,
    0xFE, 0xCD, 0x01, 0xFE, 0xFE, 0xCD, 0x01, 0xFE, 0xFE, 0xCD, 0x01, 0xFE, 0xFE, 0xCD, 0x01, 0xFE,
    0xFE, 0xCD, 0x01, 0xFE, 0xFE, 0xCD, 0x01, 0xFE, 0xFE, 0xCD, 0x01, 0xFE, 0xFE, 0xCD, 0x01, 0xFE,
    0xFE, 0xCD, 0x01, 0xFE, 0xFE, 0xCD, 0x01, 0xFE, 0xFE, 0xCD, 0x01, 0xFE, 0xFE, 0xCD, 0x01, 0xFE,
    0xFE, 0xCD, 0x01, 0xFE, 0xFE, 0xCD, 0x01, 0xFE, 0xFE, 0xCD, 0x01, 0xFE, 0xFE, 0xCD, 0x01, 0xFE,
    0xFE, 0xCD, 0x01, 0xFE, 0xFE, 0xCD, 0x01, 0xFF, 0xFE, 0xCD, 0x01, 0xFF, 0xFE, 0xCD, 0x01, 0xFF,
    0xFE, 0xCD, 0x01, 0xFF, 0xFE, 0xCD, 0x01, 0xFF, 0xFE, 0xCD, 0x01, 0xFF, 0xFE, 0xCD, 0x01, 0xFF,
    0xFE, 0xCD, 0x01, 0xFF, 0xFE, 0xCD, 0x01, 0xFF, 0xFE, 0xCD, 0x01, 0xFF, 0xFE, 0xCD, 0x01, 0xFF,
    0xFE, 0xCD, 0x01, 0xFF, 0xFE, 0xCD, 0x01, 0xFF, 0xFC, 0xCB, 0x06, 0xFF, 0xD5, 0xAE, 0x15, 0xFF,
    0x13, 0x10, 0x0B, 0xFF, 0x00, 0x00, 0x00, 0xFF, 0x00, 0x00, 0x00, 0xFF, 0x00, 0x00, 0x00, 0xFF,
    0x00, 0x00, 0x00, 0xFF, 0x00, 0x00, 0x00, 0xFF, 0x00, 0x00, 0x00, 0xFF, 0x00, 0x00, 0x00, 0xF0,
    0x00, 0x00, 0x00, 0x50, 0x00, 0x00, 0x00, 0x00, 0x00, 0x00, 0x00, 0x00, 0x00, 0x00, 0x00, 0x00,
    0x00, 0x00, 0x00, 0x00, 0x00, 0x00, 0x00, 0x00, 0x00, 0x00, 0x00, 0x00, 0x00, 0x00, 0x00, 0x00,
    0x00, 0x00, 0x00, 0x00, 0x00, 0x00, 0x00, 0x00, 0x00, 0x00, 0x00, 0x00, 0x00, 0x00, 0x00, 0x00,
    0x00, 0x00, 0x00, 0x00, 0x00, 0x00, 0x00, 0x00, 0x00, 0x00, 0x00, 0x00, 0x00, 0x00, 0x00, 0x00,
    0x00, 0x00, 0x00, 0x00, 0x00, 0x00, 0x00, 0x00, 0x00, 0x00, 0x00, 0x00, 0x00, 0x00, 0x00, 0x00,
    0x00, 0x00, 0x00, 0x00, 0x00, 0x00, 0x00, 0x00, 0x00, 0x00, 0x00, 0x00, 0x00, 0x00, 0x00, 0x00,
    0x00, 0x00, 0x00, 0x00, 0x00, 0x00, 0x00, 0x00, 0x00, 0x00, 0x00, 0x00, 0x00, 0x00, 0x00, 0x00,
    0x00, 0x00, 0x00, 0x00, 0x00, 0x00, 0x00, 0x00, 0x00, 0x00, 0x00, 0x00, 0x00, 0x00, 0x00, 0x5B,
    0x00, 0x00, 0x00, 0xFA, 0x00, 0x00, 0x00, 0xFF, 0x00, 0x00, 0x00, 0xFF, 0x00, 0x00, 0x00, 0xFF,
    0x00, 0x00, 0x00, 0xFF, 0x00, 0x00, 0x00, 0xFF, 0x00, 0x00, 0x00, 0xFF, 0x00, 0x00, 0x00, 0xFF,
    0x5D, 0x1B, 0x0D, 0xFF, 0xAA, 0x32, 0x1B, 0xFF, 0xF7, 0x49, 0x29, 0xFF, 0xF7, 0x49, 0x29, 0xFF,
    0xFF, 0x49, 0x29, 0xFF, 0xFF, 0x49, 0x29, 0xFF, 0xFF, 0x49, 0x29, 0xFF, 0xFF, 0x49, 0x29, 0xFF,
    0xFF, 0x49, 0x29, 0xFF, 0xFF, 0x49, 0x29, 0xFF, 0xFF, 0x49, 0x29, 0xFF, 0xFF, 0x49, 0x29, 0xFF,
    0xEF, 0x45, 0x29, 0xFF, 0xEF, 0x45, 0x29, 0xFF, 0xEF, 0x45, 0x29, 0xFF, 0x9F, 0x2E, 0x1B, 0xFF,
    0x4F, 0x17, 0x0D, 0xFF, 0x00, 0x00, 0x00, 0xFF, 0x00, 0x00, 0x00, 0xFF, 0x00, 0x00, 0x00, 0xFF,
    0x00, 0x00, 0x00, 0xFF, 0x00, 0x00, 0x00, 0xFF, 0x00, 0x00, 0x00, 0xFF, 0x00, 0x00, 0x00, 0xFF,
    0x9B, 0x8A, 0x45, 0xFF, 0xFE, 0xCD, 0x01, 0xFF, 0xFE, 0xCD, 0x01, 0xFF, 0xFE, 0xCD, 0x01, 0xFF,
    0xFE, 0xCD, 0x01, 0xFF, 0xFE, 0xCD, 0x01, 0xFE, 0xFE, 0xCD, 0x01, 0xFE, 0xFE, 0xCD, 0x01, 0xFE,
    0xFE, 0xCD, 0x01, 0xFE, 0xFE, 0xCD, 0x01, 0xFE, 0xFE, 0xCD, 0x01, 0xFE, 0xFE, 0xCD, 0x01, 0xFE,
    0xFE, 0xCD, 0x01, 0xFE, 0xFE, 0xCD, 0x01, 0xFE, 0xFE, 0xCD, 0x01, 0xFE, 0xFE, 0xCD, 0x01, 0xFE,
    0xFE, 0xCD, 0x01, 0xFE, 0xFE, 0xCD, 0x01, 0xFE, 0xFE, 0xCD, 0x01, 0xFE, 0xFE, 0xCD, 0x01, 0xFE,
    0xFE, 0xCD, 0x01, 0xFE, 0xFE, 0xCD, 0x01, 0xFE, 0xFE, 0xCD, 0x01, 0xFE, 0xFE, 0xCD, 0x01, 0xFE,
    0xFE, 0xCD, 0x01, 0xFE, 0xFE, 0xCD, 0x01, 0xFE, 0xFE, 0xCD, 0x01, 0xFE, 0xFE, 0xCD, 0x01, 0xFE,
    0xFE, 0xCD, 0x01, 0xFE, 0xFE, 0xCD, 0x01, 0xFE, 0xFE, 0xCD, 0x01, 0xFE, 0xFE, 0xCD, 0x01, 0xFE,
    0xFE, 0xCD, 0x01, 0xFE, 0xFE, 0xCD, 0x01, 0xFE, 0xFE, 0xCD, 0x01, 0xFE, 0xFE, 0xCD, 0x01, 0xFE,
    0xFE, 0xCD, 0x01, 0xFE, 0xFE, 0xCD, 0x01, 0xFE, 0xFE, 0xCD, 0x01, 0xFE, 0xFE, 0xCD, 0x01, 0xFE,
    0xFE, 0xCD, 0x01, 0xFE, 0xFE, 0xCD, 0x01, 0xFE, 0xFE, 0xCD, 0x01, 0xFE, 0xFE, 0xCD, 0x01, 0xFE,
    0xFE, 0xCD, 0x01, 0xFE, 0xFE, 0xCD, 0x01, 0xFE, 0xFE, 0xCD, 0x01, 0xFE, 0xFE, 0xCD, 0x01, 0xFE,
    0xFE, 0xCD, 0x01, 0xFE, 0xFE, 0xCD, 0x01, 0xFE, 0xFE, 0xCD, 0x01, 0xFE, 0xFE, 0xCD, 0x01, 0xFE,
    0xFE, 0xCD, 0x01, 0xFE, 0xFE, 0xCD, 0x01, 0xFE, 0xFE, 0xCD, 0x01, 0xFE, 0xFE, 0xCD, 0x01, 0xFE,
    0xFE, 0xCD, 0x01, 0xFE, 0xFE, 0xCD, 0x01, 0xFE, 0xFE, 0xCD, 0x01, 0xFE, 0xFE, 0xCD, 0x01, 0xFE,
    0xFE, 0xCD, 0x01, 0xFE, 0xFE, 0xCD, 0x01, 0xFE, 0xFE, 0xCD, 0x01, 0xFE, 0xFE, 0xCD, 0x01, 0xFE,
    0xFE, 0xCD, 0x01, 0xFE, 0xFE, 0xCD, 0x01, 0xFE, 0xFE, 0xCD, 0x01, 0xFE, 0xFE, 0xCD, 0x01, 0xFE,
    0xFE, 0xCD, 0x01, 0xFE, 0xFE, 0xCD, 0x01, 0xFE, 0xFE, 0xCD, 0x01, 0xFE, 0xFE, 0xCD, 0x01, 0xFE,
    0xFE, 0xCD, 0x01, 0xFE, 0xFE, 0xCD, 0x01, 0xFE, 0xFE, 0xCD, 0x01, 0xFE, 0xFE, 0xCD, 0x01, 0xFE,
    0xFE, 0xCD, 0x01, 0xFE, 0xFE, 0xCD, 0x01, 0xFE, 0xFE, 0xCD, 0x01, 0xFE, 0xFE, 0xCD, 0x01, 0xFE,
    0xFE, 0xCD, 0x01, 0xFE, 0xFE, 0xCD, 0x01, 0xFE, 0xFE, 0xCD, 0x01, 0xFE, 0xFE, 0xCD, 0x01, 0xFE,
    0xFE, 0xCD, 0x01, 0xFE, 0xFE, 0xCD, 0x01, 0xFE, 0xFE, 0xCD, 0x01, 0xFE, 0xFE, 0xCD, 0x01, 0xFE,
    0xFE, 0xCD, 0x01, 0xFE, 0xFE, 0xCD, 0x01, 0xFE, 0xFE, 0xCD, 0x01, 0xFE, 0xFE, 0xCD, 0x01, 0xFE,
    0xFE, 0xCD, 0x01, 0xFE, 0xFE, 0xCD, 0x01, 0xFE, 0xFE, 0xCD, 0x01, 0xFE, 0xFE, 0xCD, 0x01, 0xFE,
    0xFE, 0xCD, 0x01, 0xFE, 0xFE, 0xCD, 0x01, 0xFE, 0xFE, 0xCD, 0x01, 0xFE, 0xFE, 0xCD, 0x01, 0xFE,
    0xFE, 0xCD, 0x01, 0xFE, 0xFE, 0xCD, 0x01, 0xFE, 0xFE, 0xCD, 0x01, 0xFE, 0xFE, 0xCD, 0x01, 0xFE,
    0xFE, 0xCD, 0x01, 0xFE, 0xFE, 0xCD, 0x01, 0xFE, 0xFE, 0xCD, 0x01, 0xFE, 0xFE, 0xCD, 0x01, 0xFE,
    0xFE, 0xCD, 0x01, 0xFE, 0xFE, 0xCD, 0x01, 0xFE, 0xFE, 0xCD, 0x01, 0xFE, 0xFE, 0xCD, 0x01, 0xFE,
    0xFE, 0xCD, 0x01, 0xFE, 0xFE, 0xCD, 0x01, 0xFE, 0xFE, 0xCD, 0x01, 0xFE, 0xFE, 0xCD, 0x01, 0xFE,
    0xFE, 0xCD, 0x01, 0xFE, 0xFE, 0xCD, 0x01, 0xFE, 0xFE, 0xCD, 0x01, 0xFE, 0xFE, 0xCD, 0x01, 0xFE,
    0xFE, 0xCD, 0x01, 0xFE, 0xFE, 0xCD, 0x01, 0xFE, 0xFE, 0xCD, 0x01, 0xFE, 0xFE, 0xCD, 0x01, 0xFE,
    0xFE, 0xCD, 0x01, 0xFE, 0xFE, 0xCD, 0x01, 0xFE, 0xFE, 0xCD, 0x01, 0xFE, 0xFE, 0xCD, 0x01, 0xFE,
    0xFE, 0xCD, 0x01, 0xFE, 0xFE, 0xCD, 0x01, 0xFE, 0xFE, 0xCD, 0x01, 0xFE, 0xFE, 0xCD, 0x01, 0xFE,
    0xFE, 0xCD, 0x01, 0xFE, 0xFE, 0xCD, 0x01, 0xFE, 0xFE, 0xCD, 0x01, 0xFE, 0xFE, 0xCD, 0x01, 0xFE,
    0xFE, 0xCD, 0x01, 0xFE, 0xFE, 0xCD, 0x01, 0xFE, 0xFE, 0xCD, 0x01, 0xFE, 0xFE, 0xCD, 0x01, 0xFE,
    0xFE, 0xCD, 0x01, 0xFE, 0xFE, 0xCD, 0x01, 0xFE, 0xFE, 0xCD, 0x01, 0xFE, 0xFE, 0xCD, 0x01, 0xFE,
    0xFE, 0xCD, 0x01, 0xFE, 0xFE, 0xCD, 0x01, 0xFE, 0xFE, 0xCD, 0x01, 0xFE, 0xFE, 0xCD, 0x01, 0xFE,
    0xFE, 0xCD, 0x01, 0xFE, 0xFE, 0xCD, 0x01, 0xFE, 0xFE, 0xCD, 0x01, 0xFE, 0xFE, 0xCD, 0x01, 0xFE,
    0xFE, 0xCD, 0x01, 0xFE, 0xFE, 0xCD, 0x01, 0xFE, 0xFE, 0xCD, 0x01, 0xFE, 0xFE, 0xCD, 0x01, 0xFE,
    0xFE, 0xCD, 0x01, 0xFE, 0xFE, 0xCD, 0x01, 0xFE, 0xFE, 0xCD, 0x01, 0xFE, 0xFE, 0xCD, 0x01, 0xFE,
    0xFE, 0xCD, 0x01, 0xFE, 0xFE, 0xCD, 0x01, 0xFE, 0xFE, 0xCD, 0x01, 0xFE, 0xFE, 0xCD, 0x01, 0xFE,
    0xFE, 0xCD, 0x01, 0xFE, 0xFE, 0xCD, 0x01, 0xFE, 0xFE, 0xCD, 0x01, 0xFE, 0xFE, 0xCD, 0x01, 0xFE,
    0xFE, 0xCD, 0x01, 0xFE, 0xFE, 0xCD, 0x01, 0xFE, 0xFE, 0xCD, 0x01, 0xFE, 0xFE, 0xCD, 0x01, 0xFE,
    0xFE, 0xCD, 0x01, 0xFE, 0xFE, 0xCD, 0x01, 0xFE, 0xFE, 0xCD, 0x01, 0xFE, 0xFE, 0xCD, 0x01, 0xFE,
    0xFE, 0xCD, 0x01, 0xFE, 0xFE, 0xCD, 0x01, 0xFE, 0xFE, 0xCD, 0x01, 0xFE, 0xFE, 0xCD, 0x01, 0xFE,
    0xFE, 0xCD, 0x01, 0xFE, 0xFE, 0xCD, 0x01, 0xFE, 0xFE, 0xCD, 0x01, 0xFE, 0xFE, 0xCD, 0x01, 0xFE,
    0xFE, 0xCD, 0x01, 0xFE, 0xFE, 0xCD, 0x01, 0xFE, 0xFE, 0xCD, 0x01, 0xFF, 0xFE, 0xCD, 0x01, 0xFF,
    0xFE, 0xCD, 0x01, 0xFF, 0xFE, 0xCD, 0x01, 0xFF, 0xFE, 0xCD, 0x01, 0xFF, 0xFE, 0xCD, 0x01, 0xFF,
    0xFE, 0xCD, 0x01, 0xFF, 0xFE, 0xCB, 0x01, 0xFF, 0xFE, 0xCB, 0x01, 0xFF, 0xD6, 0xAF, 0x15, 0xFF,
    0xD2, 0xAD, 0x16, 0xFF, 0x04, 0x03, 0x00, 0xFF, 0x00, 0x00, 0x00, 0xFF, 0x00, 0x00, 0x00, 0xFF,
    0x00, 0x00, 0x00, 0xFF, 0x00, 0x00, 0x00, 0xFF, 0x00, 0x00, 0x00, 0xFF, 0x00, 0x00, 0x00, 0xFF,
    0x00, 0x00, 0x00, 0xFF, 0x00, 0x00, 0x00, 0xFF, 0x00, 0x00, 0x00, 0x96, 0x00, 0x00, 0x00, 0x10,
    0x00, 0x00, 0x00, 0x00, 0x00, 0x00, 0x00, 0x00, 0x00, 0x00, 0x00, 0x00, 0x00, 0x00, 0x00, 0x00,
    0x00, 0x00, 0x00, 0x00, 0x00, 0x00, 0x00, 0x00, 0x00, 0x00, 0x00, 0x00, 0x00, 0x00, 0x00, 0x00,
    0x00, 0x00, 0x00, 0x00, 0x00, 0x00, 0x00, 0x00, 0x00, 0x00, 0x00, 0x00, 0x00, 0x00, 0x00, 0x00,
    0x00, 0x00, 0x00, 0x00, 0x00, 0x00, 0x00, 0x00, 0x00, 0x00, 0x00, 0x00, 0x00, 0x00, 0x00, 0x00,
    0x00, 0x00, 0x00, 0x00, 0x00, 0x00, 0x00, 0x00, 0x00, 0x00, 0x00, 0x00, 0x00, 0x00, 0x00, 0x00,
    0x00, 0x00, 0x00, 0x00, 0x00, 0x00, 0x00, 0x00, 0x00, 0x00, 0x00, 0x00, 0x00, 0x00, 0x00, 0x00,
    0x00, 0x00, 0x00, 0x00, 0x00, 0x00, 0x00, 0x00, 0x00, 0x00, 0x00, 0x00, 0x00, 0x00, 0x00, 0x00,
    0x00, 0x00, 0x00, 0x00, 0x00, 0x00, 0x00, 0x00, 0x00, 0x00, 0x00, 0x00, 0x00, 0x00, 0x00, 0x00,
    0x00, 0x00, 0x00, 0x10, 0x00, 0x00, 0x00, 0xB0, 0x00, 0x00, 0x00, 0xFB, 0x00, 0x00, 0x00, 0xFF,
    0x00, 0x00, 0x00, 0xFF, 0x00, 0x00, 0x00, 0xFF, 0x00, 0x00, 0x00, 0xFF, 0x00, 0x00, 0x00, 0xFF,
    0x10, 0x04, 0x00, 0xFF, 0x10, 0x04, 0x00, 0xFF, 0x10, 0x04, 0x00, 0xFF, 0x10, 0x04, 0x00, 0xFF,
    0x5F, 0x1B, 0x0D, 0xFF, 0x5F, 0x1B, 0x0D, 0xFF, 0x5F, 0x1B, 0x0D, 0xFF, 0xAF, 0x32, 0x1B, 0xFF,
    0xAF, 0x32, 0x1B, 0xFF, 0xAF, 0x32, 0x1B, 0xFF, 0x5F, 0x1B, 0x0D, 0xFF, 0x5F, 0x1B, 0x0D, 0xFF,
    0x4F, 0x17, 0x0D, 0xFF, 0x4F, 0x17, 0x0D, 0xFF, 0x00, 0x00, 0x00, 0xFF, 0x00, 0x00, 0x00, 0xFF,
    0x00, 0x00, 0x00, 0xFF, 0x00, 0x00, 0x00, 0xFF, 0x00, 0x00, 0x00, 0xFF, 0x00, 0x00, 0x00, 0xFF,
    0x00, 0x00, 0x00, 0xFF, 0x00, 0x00, 0x00, 0xFF, 0x00, 0x00, 0x00, 0xFF, 0x00, 0x00, 0x00, 0xFF,
    0x00, 0x00, 0x00, 0xFF, 0x00, 0x00, 0x00, 0xFF, 0x00, 0x00, 0x00, 0xFF, 0x00, 0x00, 0x00, 0xFF,
    0x00, 0x00, 0x00, 0xFF, 0x00, 0x00, 0x00, 0xFF, 0x00, 0x00, 0x00, 0xFF, 0x00, 0x00, 0x00, 0xFF,
    0x00, 0x00, 0x00, 0xFF, 0x00, 0x00, 0x00, 0xFF, 0x00, 0x00, 0x00, 0xFF, 0x00, 0x00, 0x00, 0xFF,
    0x00, 0x00, 0x00, 0xFF, 0x00, 0x00, 0x00, 0xFF, 0x00, 0x00, 0x00, 0xFF, 0x00, 0x00, 0x00, 0xFF,
    0x00, 0x00, 0x00, 0xFF, 0x00, 0x00, 0x00, 0xFF, 0x00, 0x00, 0x00, 0xFF, 0x00, 0x00, 0x00, 0xFF,
    0x00, 0x00, 0x00, 0xFF, 0x00, 0x00, 0x00, 0xFF, 0x00, 0x00, 0x00, 0xFF, 0x00, 0x00, 0x00, 0xFF,
    0x00, 0x00, 0x00, 0xFF, 0x00, 0x00, 0x00, 0xFF, 0x00, 0x00, 0x00, 0xFF, 0x00, 0x00, 0x00, 0xFF,
    0x00, 0x00, 0x00, 0xFF, 0x00, 0x00, 0x00, 0xFF, 0x00, 0x00, 0x00, 0xFF, 0x00, 0x00, 0x00, 0xFF,
    0x00, 0x00, 0x00, 0xFF, 0x00, 0x00, 0x00, 0xFF, 0x00, 0x00, 0x00, 0xFF, 0x00, 0x00, 0x00, 0xFF,
    0x00, 0x00, 0x00, 0xFF, 0x00, 0x00, 0x00, 0xFF, 0x00, 0x00, 0x00, 0xFF, 0x00, 0x00, 0x00, 0xFF,
    0x00, 0x00, 0x00, 0xFF, 0x00, 0x00, 0x00, 0xFF, 0x00, 0x00, 0x00, 0xFF, 0x00, 0x00, 0x00, 0xFF,
    0x00, 0x00, 0x00, 0xFF, 0x00, 0x00, 0x00, 0xFF, 0x00, 0x00, 0x00, 0xFF, 0x00, 0x00, 0x00, 0xFF,
    0x00, 0x00, 0x00, 0xFF, 0x00, 0x00, 0x00, 0xFF, 0x00, 0x00, 0x00, 0xFF, 0x00, 0x00, 0x00, 0xFF,
    0x00, 0x00, 0x00, 0xFF, 0x00, 0x00, 0x00, 0xFF, 0x00, 0x00, 0x00, 0xFF, 0x00, 0x00, 0x00, 0xFF,
    0x00, 0x00, 0x00, 0xFF, 0x00, 0x00, 0x00, 0xFF, 0x00, 0x00, 0x00, 0xFF, 0x00, 0x00, 0x00, 0xFF,
    0x00, 0x00, 0x00, 0xFF, 0x00, 0x00, 0x00, 0xFF, 0x00, 0x00, 0x00, 0xFF, 0x00, 0x00, 0x00, 0xFF,
    0x00, 0x00, 0x00, 0xFF, 0x00, 0x00, 0x00, 0xFF, 0x00, 0x00, 0x00, 0xFF, 0x00, 0x00, 0x00, 0xFF,
    0x00, 0x00, 0x00, 0xFF, 0x00, 0x00, 0x00, 0xFF, 0x00, 0x00, 0x00, 0xFF, 0x00, 0x00, 0x00, 0xFF,
    0x00, 0x00, 0x00, 0xFF, 0x00, 0x00, 0x00, 0xFF, 0x00, 0x00, 0x00, 0xFF, 0x00, 0x00, 0x00, 0xFF,
    0x00, 0x00, 0x00, 0xFF, 0x00, 0x00, 0x00, 0xFF, 0x00, 0x00, 0x00, 0xFF, 0x00, 0x00, 0x00, 0xFF,
    0x00, 0x00, 0x00, 0xFF, 0x00, 0x00, 0x00, 0xFF, 0x00, 0x00, 0x00, 0xFF, 0x00, 0x00, 0x00, 0xFF,
    0x00, 0x00, 0x00, 0xFF, 0x00, 0x00, 0x00, 0xFF, 0x00, 0x00, 0x00, 0xFF, 0x00, 0x00, 0x00, 0xFF,
    0x00, 0x00, 0x00, 0xFF, 0x00, 0x00, 0x00, 0xFF, 0x00, 0x00, 0x00, 0xFF, 0x00, 0x00, 0x00, 0xFF,
    0x00, 0x00, 0x00, 0xFF, 0x00, 0x00, 0x00, 0xFF, 0x00, 0x00, 0x00, 0xFF, 0x00, 0x00, 0x00, 0xFF,
    0x00, 0x00, 0x00, 0xFF, 0x00, 0x00, 0x00, 0xFF, 0x00, 0x00, 0x00, 0xFF, 0x00, 0x00, 0x00, 0xFF,
    0x00, 0x00, 0x00, 0xFF, 0x00, 0x00, 0x00, 0xFF, 0x00, 0x00, 0x00, 0xFF, 0x00, 0x00, 0x00, 0xFF,
    0x00, 0x00, 0x00, 0xFF, 0x00, 0x00, 0x00, 0xFF, 0x00, 0x00, 0x00, 0xFF, 0x00, 0x00, 0x00, 0xFF,
    0x00, 0x00, 0x00, 0xFF, 0x00, 0x00, 0x00, 0xFF, 0x00, 0x00, 0x00, 0xFF, 0x00, 0x00, 0x00, 0xFF,
    0x00, 0x00, 0x00, 0xFF, 0x00, 0x00, 0x00, 0xFF, 0x00, 0x00, 0x00, 0xFF, 0x00, 0x00, 0x00, 0xFF,
    0x00, 0x00, 0x00, 0xFF, 0x00, 0x00, 0x00, 0xFF, 0x00, 0x00, 0x00, 0xFF, 0x00, 0x00, 0x00, 0xFF,
    0x00, 0x00, 0x00, 0xFF, 0x00, 0x00, 0x00, 0xFF, 0x00, 0x00, 0x00, 0xFF, 0x00, 0x00, 0x00, 0xFF,
    0x00, 0x00, 0x00, 0xFF, 0x00, 0x00, 0x00, 0xFF, 0x00, 0x00, 0x00, 0xFF, 0x00, 0x00, 0x00, 0xFF,
    0x00, 0x00, 0x00, 0xFF, 0x00, 0x00, 0x00, 0xFF, 0x00, 0x00, 0x00, 0xFF, 0x00, 0x00, 0x00, 0xFF,
    0x00, 0x00, 0x00, 0xFF, 0x00, 0x00, 0x00, 0xFF, 0x00, 0x00, 0x00, 0xFF, 0x00, 0x00, 0x00, 0xFF,
    0x00, 0x00, 0x00, 0xFF, 0x00, 0x00, 0x00, 0xFF, 0x00, 0x00, 0x00, 0xFF, 0x00, 0x00, 0x00, 0xFF,
    0x00, 0x00, 0x00, 0xFF, 0x00, 0x00, 0x00, 0xFF, 0x00, 0x00, 0x00, 0xFF, 0x00, 0x00, 0x00, 0xFF,
    0x00, 0x00, 0x00, 0xFF, 0x00, 0x00, 0x00, 0xFF, 0x00, 0x00, 0x00, 0xFF, 0x00, 0x00, 0x00, 0xFF,
    0x00, 0x00, 0x00, 0xFF, 0x00, 0x00, 0x00, 0xFF, 0x00, 0x00, 0x00, 0xFF, 0x00, 0x00, 0x00, 0xFF,
    0x00, 0x00, 0x00, 0xFF, 0x00, 0x00, 0x00, 0xFF, 0x00, 0x00, 0x00, 0xFF, 0x00, 0x00, 0x00, 0xFF,
    0x00, 0x00, 0x00, 0xFF, 0x00, 0x00, 0x00, 0xFF, 0x00, 0x00, 0x00, 0xFF, 0x00, 0x00, 0x00, 0xFF,
    0x00, 0x00, 0x00, 0xFF, 0x00, 0x00, 0x00, 0xFF, 0x00, 0x00, 0x00, 0xFF, 0x00, 0x00, 0x00, 0xFF,
    0x00, 0x00, 0x00, 0xFF, 0x00, 0x00, 0x00, 0xFF, 0x00, 0x00, 0x00, 0xFF, 0x00, 0x00, 0x00, 0xFF,
    0x00, 0x00, 0x00, 0xFF, 0x00, 0x00, 0x00, 0xFF, 0x00, 0x00, 0x00, 0xFF, 0x00, 0x00, 0x00, 0xFF,
    0x00, 0x00, 0x00, 0xFF, 0x00, 0x00, 0x00, 0xFF, 0x00, 0x00, 0x00, 0xFF, 0x00, 0x00, 0x00, 0xFF,
    0x00, 0x00, 0x00, 0xFF, 0x00, 0x00, 0x00, 0xFF, 0x00, 0x00, 0x00, 0xFF, 0x00, 0x00, 0x00, 0xFF,
    0x00, 0x00, 0x00, 0xFF, 0x00, 0x00, 0x00, 0xFF, 0x00, 0x00, 0x00, 0xFF, 0x00, 0x00, 0x00, 0xFF,
    0x00, 0x00, 0x00, 0xFF, 0x00, 0x00, 0x00, 0xFF, 0x00, 0x00, 0x00, 0xFF, 0x00, 0x00, 0x00, 0xFF,
    0x00, 0x00, 0x00, 0xFF, 0x00, 0x00, 0x00, 0xFF, 0x00, 0x00, 0x00, 0xFF, 0x00, 0x00, 0x00, 0xFF,
    0x08, 0x04, 0x08, 0xFF, 0x08, 0x04, 0x08, 0xFF, 0x08, 0x04, 0x08, 0xFF, 0x08, 0x04, 0x08, 0xFF,
    0x00, 0x00, 0x00, 0xFF, 0x00, 0x00, 0x00, 0xFF, 0x00, 0x00, 0x00, 0xFF, 0x00, 0x00, 0x00, 0xFF,
    0x00, 0x00, 0x00, 0xFF, 0x00, 0x00, 0x00, 0xFF, 0x00, 0x00, 0x00, 0xFF, 0x00, 0x00, 0x00, 0xFF,
    0x00, 0x00, 0x00, 0xC3, 0x00, 0x00, 0x00, 0x3C, 0x00, 0x00, 0x00, 0x00, 0x00, 0x00, 0x00, 0x00,
    0x00, 0x00, 0x00, 0x00, 0x00, 0x00, 0x00, 0x00, 0x00, 0x00, 0x00, 0x00, 0x00, 0x00, 0x00, 0x00,
    0x00, 0x00, 0x00, 0x00, 0x00, 0x00, 0x00, 0x00, 0x00, 0x00, 0x00, 0x00, 0x00, 0x00, 0x00, 0x00,
    0x00, 0x00, 0x00, 0x00, 0x00, 0x00, 0x00, 0x00, 0x00, 0x00, 0x00, 0x00, 0x00, 0x00, 0x00, 0x00,
    0x00, 0x00, 0x00, 0x00, 0x00, 0x00, 0x00, 0x00, 0x00, 0x00, 0x00, 0x00, 0x00, 0x00, 0x00, 0x00,
    0x00, 0x00, 0x00, 0x00, 0x00, 0x00, 0x00, 0x00, 0x00, 0x00, 0x00, 0x00, 0x00, 0x00, 0x00, 0x00,
    0x00, 0x00, 0x00, 0x00, 0x00, 0x00, 0x00, 0x00, 0x00, 0x00, 0x00, 0x00, 0x00, 0x00, 0x00, 0x00,
    0x00, 0x00, 0x00, 0x00, 0x00, 0x00, 0x00, 0x00, 0x00, 0x00, 0x00, 0x00, 0x00, 0x00, 0x00, 0x00,
    0x00, 0x00, 0x00, 0x00, 0x00, 0x00, 0x00, 0x00, 0x00, 0x00, 0x00, 0x00, 0x00, 0x00, 0x00, 0x00,
    0x00, 0x00, 0x00, 0x00, 0x00, 0x00, 0x00, 0x00, 0x00, 0x00, 0x00, 0x10, 0x00, 0x00, 0x00, 0x8F,
    0x00, 0x00, 0x00, 0xF8, 0x00, 0x00, 0x00, 0xFF, 0x00, 0x00, 0x00, 0xFF, 0x00, 0x00, 0x00, 0xFF,
    0x10, 0x04, 0x00, 0xFF, 0x10, 0x04, 0x00, 0xFF, 0x10, 0x04, 0x00, 0xFF, 0x10, 0x04, 0x00, 0xFF,
    0x10, 0x04, 0x00, 0xFF, 0x10, 0x04, 0x00, 0xFF, 0x10, 0x04, 0x00, 0xFF, 0x10, 0x04, 0x00, 0xFF,
    0x10, 0x04, 0x00, 0xFF, 0x10, 0x04, 0x00, 0xFF, 0x10, 0x04, 0x00, 0xFF, 0x10, 0x04, 0x00, 0xFF,
    0x00, 0x00, 0x00, 0xFF, 0x00, 0x00, 0x00, 0xFF, 0x00, 0x00, 0x00, 0xFF, 0x00, 0x00, 0x00, 0xFF,
    0x00, 0x00, 0x00, 0xFF, 0x00, 0x00, 0x00, 0xFF, 0x00, 0x00, 0x00, 0xFF, 0x00, 0x00, 0x00, 0xFF,
    0x00, 0x00, 0x00, 0xFF, 0x00, 0x00, 0x00, 0xFF, 0x00, 0x00, 0x00, 0xFF, 0x00, 0x00, 0x00, 0xFF,
    0x00, 0x00, 0x00, 0xFF, 0x00, 0x00, 0x00, 0xFF, 0x00, 0x00, 0x00, 0xFF, 0x00, 0x00, 0x00, 0xFF,
    0x00, 0x00, 0x00, 0xFF, 0x00, 0x00, 0x00, 0xFF, 0x00, 0x00, 0x00, 0xFF, 0x00, 0x00, 0x00, 0xFF,
    0x00, 0x00, 0x00, 0xFF, 0x00, 0x00, 0x00, 0xFF, 0x00, 0x00, 0x00, 0xFF, 0x00, 0x00, 0x00, 0xFF,
    0x00, 0x00, 0x00, 0xFF, 0x00, 0x00, 0x00, 0xFF, 0x00, 0x00, 0x00, 0xFF, 0x00, 0x00, 0x00, 0xFF,
    0x00, 0x00, 0x00, 0xFF, 0x00, 0x00, 0x00, 0xFF, 0x00, 0x00, 0x00, 0xFF, 0x00, 0x00, 0x00, 0xFF,
    0x00, 0x00, 0x00, 0xFF, 0x00, 0x00, 0x00, 0xFF, 0x00, 0x00, 0x00, 0xFF, 0x00, 0x00, 0x00, 0xFF,
    0x00, 0x00, 0x00, 0xFF, 0x00, 0x00, 0x00, 0xFF, 0x00, 0x00, 0x00, 0xFF, 0x00, 0x00, 0x00, 0xFF,
    0x00, 0x00, 0x00, 0xFF, 0x00, 0x00, 0x00, 0xFF, 0x00, 0x00, 0x00, 0xFF, 0x00, 0x00, 0x00, 0xFF,
    0x00, 0x00, 0x00, 0xFF, 0x00, 0x00, 0x00, 0xFF, 0x00, 0x00, 0x00, 0xFF, 0x00, 0x00, 0x00, 0xFF,
    0x00, 0x00, 0x00, 0xFF, 0x00, 0x00, 0x00, 0xFF, 0x00, 0x00, 0x00, 0xFF, 0x00, 0x00, 0x00, 0xFF,
    0x00, 0x00, 0x00, 0xFF, 0x00, 0x00, 0x00, 0xFF, 0x00, 0x00, 0x00, 0xFF, 0x00, 0x00, 0x00, 0xFF,
    0x00, 0x00, 0x00, 0xFF, 0x00, 0x00, 0x00, 0xFF, 0x00, 0x00, 0x00, 0xFF, 0x00, 0x00, 0x00, 0xFF,
    0x00, 0x00, 0x00, 0xFF, 0x00, 0x00, 0x00, 0xFF, 0x00, 0x00, 0x00, 0xFF, 0x00, 0x00, 0x00, 0xFF,
    0x00, 0x00, 0x00, 0xFF, 0x00, 0x00, 0x00, 0xFF, 0x00, 0x00, 0x00, 0xFF, 0x00, 0x00, 0x00, 0xFF,
    0x00, 0x00, 0x00, 0xFF, 0x00, 0x00, 0x00, 0xFF, 0x00, 0x00, 0x00, 0xFF, 0x00, 0x00, 0x00, 0xFF,
    0x00, 0x00, 0x00, 0xFF, 0x00, 0x00, 0x00, 0xFF, 0x00, 0x00, 0x00, 0xFF, 0x00, 0x00, 0x00, 0xFF,
    0x00, 0x00, 0x00, 0xFF, 0x00, 0x00, 0x00, 0xFF, 0x00, 0x00, 0x00, 0xFF, 0x00, 0x00, 0x00, 0xFF,
    0x00, 0x00, 0x00, 0xFF, 0x00, 0x00, 0x00, 0xFF, 0x00, 0x00, 0x00, 0xFF, 0x00, 0x00, 0x00, 0xFF,
    0x00, 0x00, 0x00, 0xFF, 0x00, 0x00, 0x00, 0xFF, 0x00, 0x00, 0x00, 0xFF, 0x00, 0x00, 0x00, 0xFF,
    0x00, 0x00, 0x00, 0xFF, 0x00, 0x00, 0x00, 0xFF, 0x00, 0x00, 0x00, 0xFF, 0x00, 0x00, 0x00, 0xFF,
    0x00, 0x00, 0x00, 0xFF, 0x00, 0x00, 0x00, 0xFF, 0x00, 0x00, 0x00, 0xFF, 0x00, 0x00, 0x00, 0xFF,
    0x00, 0x00, 0x00, 0xFF, 0x00, 0x00, 0x00, 0xFF, 0x00, 0x00, 0x00, 0xFF, 0x00, 0x00, 0x00, 0xFF,
    0x00, 0x00, 0x00, 0xFF, 0x00, 0x00, 0x00, 0xFF, 0x00, 0x00, 0x00, 0xFF, 0x00, 0x00, 0x00, 0xFF,
    0x00, 0x00, 0x00, 0xFF, 0x00, 0x00, 0x00, 0xFF, 0x00, 0x00, 0x00, 0xFF, 0x00, 0x00, 0x00, 0xFF,
    0x00, 0x00, 0x00, 0xFF, 0x00, 0x00, 0x00, 0xFF, 0x00, 0x00, 0x00, 0xFF, 0x00, 0x00, 0x00, 0xFF,
    0x00, 0x00, 0x00, 0xFF, 0x00, 0x00, 0x00, 0xFF, 0x00, 0x00, 0x00, 0xFF, 0x00, 0x00, 0x00, 0xFF,
    0x00, 0x00, 0x00, 0xFF, 0x00, 0x00, 0x00, 0xFF, 0x00, 0x00, 0x00, 0xFF, 0x00, 0x00, 0x00, 0xFF,
    0x00, 0x00, 0x00, 0xFF, 0x00, 0x00, 0x00, 0xFF, 0x00, 0x00, 0x00, 0xFF, 0x00, 0x00, 0x00, 0xFF,
    0x00, 0x00, 0x00, 0xFF, 0x00, 0x00, 0x00, 0xFF, 0x00, 0x00, 0x00, 0xFF, 0x00, 0x00, 0x00, 0xFF,
    0x00, 0x00, 0x00, 0xFF, 0x00, 0x00, 0x00, 0xFF, 0x00, 0x00, 0x00, 0xFF, 0x00, 0x00, 0x00, 0xFF,
    0x00, 0x00, 0x00, 0xFF, 0x00, 0x00, 0x00, 0xFF, 0x00, 0x00, 0x00, 0xFF, 0x00, 0x00, 0x00, 0xFF,
    0x00, 0x00, 0x00, 0xFF, 0x00, 0x00, 0x00, 0xFF, 0x00, 0x00, 0x00, 0xFF, 0x00, 0x00, 0x00, 0xFF,
    0x00, 0x00, 0x00, 0xFF, 0x00, 0x00, 0x00, 0xFF, 0x00, 0x00, 0x00, 0xFF, 0x00, 0x00, 0x00, 0xFF,
    0x00, 0x00, 0x00, 0xFF, 0x00, 0x00, 0x00, 0xFF, 0x00, 0x00, 0x00, 0xFF, 0x00, 0x00, 0x00, 0xFF,
    0x00, 0x00, 0x00, 0xFF, 0x00, 0x00, 0x00, 0xFF, 0x00, 0x00, 0x00, 0xFF, 0x00, 0x00, 0x00, 0xFF,
    0x00, 0x00, 0x00, 0xFF, 0x00, 0x00, 0x00, 0xFF, 0x00, 0x00, 0x00, 0xFF, 0x00, 0x00, 0x00, 0xFF,
    0x00, 0x00, 0x00, 0xFF, 0x00, 0x00, 0x00, 0xFF, 0x00, 0x00, 0x00, 0xFF, 0x00, 0x00, 0x00, 0xFF,
    0x00, 0x00, 0x00, 0xFF, 0x00, 0x00, 0x00, 0xFF, 0x00, 0x00, 0x00, 0xFF, 0x00, 0x00, 0x00, 0xFF,
    0x00, 0x00, 0x00, 0xFF, 0x00, 0x00, 0x00, 0xFF, 0x00, 0x00, 0x00, 0xFF, 0x00, 0x00, 0x00, 0xFF,
    0x00, 0x00, 0x00, 0xFF, 0x00, 0x00, 0x00, 0xFF, 0x00, 0x00, 0x00, 0xFF, 0x00, 0x00, 0x00, 0xFF,
    0x00, 0x00, 0x00, 0xFF, 0x00, 0x00, 0x00, 0xFF, 0x00, 0x00, 0x00, 0xFF, 0x00, 0x00, 0x00, 0xFF,
    0x00, 0x00, 0x00, 0xFF, 0x00, 0x00, 0x00, 0xFF, 0x00, 0x00, 0x00, 0xFF, 0x00, 0x00, 0x00, 0xFF,
    0x00, 0x00, 0x00, 0xFF, 0x00, 0x00, 0x00, 0xFF, 0x00, 0x00, 0x00, 0xFF, 0x00, 0x00, 0x00, 0xFF,
    0x00, 0x00, 0x00, 0xFF, 0x00, 0x00, 0x00, 0xFF, 0x00, 0x00, 0x00, 0xFF, 0x00, 0x00, 0x00, 0xFF,
    0x00, 0x00, 0x00, 0xFF, 0x00, 0x00, 0x00, 0xFF, 0x00, 0x00, 0x00, 0xFF, 0x00, 0x00, 0x00, 0xFF,
    0x00, 0x00, 0x00, 0xFF, 0x00, 0x00, 0x00, 0xFF, 0x00, 0x00, 0x00, 0xFF, 0x00, 0x00, 0x00, 0xFF,
    0x00, 0x00, 0x00, 0xFF, 0x00, 0x00, 0x00, 0xFF, 0x00, 0x00, 0x00, 0xFF, 0x00, 0x00, 0x00, 0xFF,
    0x00, 0x00, 0x00, 0xFF, 0x00, 0x00, 0x00, 0xFF, 0x00, 0x00, 0x00, 0xFF, 0x00, 0x00, 0x00, 0xFF,
    0x08, 0x04, 0x08, 0xFF, 0x08, 0x04, 0x08, 0xFF, 0x08, 0x04, 0x08, 0xFF, 0x08, 0x04, 0x08, 0xFF,
    0x00, 0x00, 0x00, 0xFF, 0x00, 0x00, 0x00, 0xFF, 0x00, 0x00, 0x00, 0xFF, 0x00, 0x00, 0x00, 0xFF,
    0x00, 0x00, 0x00, 0xFF, 0x00, 0x00, 0x00, 0xFF, 0x00, 0x00, 0x00, 0xAD, 0x00, 0x00, 0x00, 0x40,
    0x00, 0x00, 0x00, 0x00, 0x00, 0x00, 0x00, 0x00, 0x00, 0x00, 0x00, 0x00, 0x00, 0x00, 0x00, 0x00,
    0x00, 0x00, 0x00, 0x00, 0x00, 0x00, 0x00, 0x00, 0x00, 0x00, 0x00, 0x00, 0x00, 0x00, 0x00, 0x00,
    0x00, 0x00, 0x00, 0x00, 0x00, 0x00, 0x00, 0x00, 0x00, 0x00, 0x00, 0x00, 0x00, 0x00, 0x00, 0x00,
    0x00, 0x00, 0x00, 0x00, 0x00, 0x00, 0x00, 0x00, 0x00, 0x00, 0x00, 0x00, 0x00, 0x00, 0x00, 0x00,
    0x00, 0x00, 0x00, 0x00, 0x00, 0x00, 0x00, 0x00, 0x00, 0x00, 0x00, 0x00, 0x00, 0x00, 0x00, 0x00,
    0x00, 0x00, 0x00, 0x00, 0x00, 0x00, 0x00, 0x00, 0x00, 0x00, 0x00, 0x00, 0x00, 0x00, 0x00, 0x00,
    0x00, 0x00, 0x00, 0x00, 0x00, 0x00, 0x00, 0x00, 0x00, 0x00, 0x00, 0x00, 0x00, 0x00, 0x00, 0x00,
    0x00, 0x00, 0x00, 0x00, 0x00, 0x00, 0x00, 0x00, 0x00, 0x00, 0x00, 0x00, 0x00, 0x00, 0x00, 0x00,
    0x00, 0x00, 0x00, 0x00, 0x00, 0x00, 0x00, 0x00, 0x00, 0x00, 0x00, 0x00, 0x00, 0x00, 0x00, 0x00,
    0x00, 0x00, 0x00, 0x00, 0x00, 0x00, 0x00, 0x00, 0x00, 0x00, 0x00, 0x00, 0x00, 0x00, 0x00, 0x00,
    0x00, 0x00, 0x00, 0x00, 0x00, 0x00, 0x00, 0x4A, 0x00, 0x00, 0x00, 0xD4, 0x00, 0x00, 0x00, 0xFB,
    0x00, 0x00, 0x00, 0xFF, 0x00, 0x00, 0x00, 0xFF, 0x00, 0x00, 0x00, 0xFF, 0x00, 0x00, 0x00, 0xFF,
    0x00, 0x00, 0x00, 0xFF, 0x00, 0x00, 0x00, 0xFF, 0x00, 0x00, 0x00, 0xFF, 0x00, 0x00, 0x00, 0xFF,
    0x00, 0x00, 0x00, 0xFF, 0x00, 0x00, 0x00, 0xFF, 0x00, 0x00, 0x00, 0xFF, 0x00, 0x00, 0x00, 0xFF,
    0x00, 0x00, 0x00, 0xFF, 0x00, 0x00, 0x00, 0xFF, 0x00, 0x00, 0x00, 0xFF, 0x00, 0x00, 0x00, 0xFF,
    0x00, 0x00, 0x00, 0xFF, 0x00, 0x00, 0x00, 0xFF, 0x00, 0x00, 0x00, 0xFF, 0x00, 0x00, 0x00, 0xFF,
    0x00, 0x00, 0x00, 0xFF, 0x00, 0x00, 0x00, 0xFF, 0x00, 0x00, 0x00, 0xFF, 0x00, 0x00, 0x00, 0xFF,
    0x00, 0x00, 0x00, 0xFF, 0x00, 0x00, 0x00, 0xFF, 0x00, 0x00, 0x00, 0xFF, 0x00, 0x00, 0x00, 0xFF,
    0x00, 0x00, 0x00, 0xFF, 0x00, 0x00, 0x00, 0xFF, 0x00, 0x00, 0x00, 0xFF, 0x00, 0x00, 0x00, 0xFF,
    0x00, 0x00, 0x00, 0xFF, 0x00, 0x00, 0x00, 0xFF, 0x00, 0x00, 0x00, 0xFF, 0x00, 0x00, 0x00, 0xFF,
    0x00, 0x00, 0x00, 0xFF, 0x00, 0x00, 0x00, 0xFF, 0x00, 0x00, 0x00, 0xFF, 0x00, 0x00, 0x00, 0xFF,
    0x00, 0x00, 0x00, 0xFF, 0x00, 0x00, 0x00, 0xFF, 0x00, 0x00, 0x00, 0xFF, 0x00, 0x00, 0x00, 0xFF,
    0x00, 0x00, 0x00, 0xFF, 0x00, 0x00, 0x00, 0xFF, 0x00, 0x00, 0x00, 0xFF, 0x00, 0x00, 0x00, 0xFF,
    0x00, 0x00, 0x00, 0xFF, 0x00, 0x00, 0x00, 0xFF, 0x00, 0x00, 0x00, 0xFF, 0x00, 0x00, 0x00, 0xFF,
    0x00, 0x00, 0x00, 0xFF, 0x00, 0x00, 0x00, 0xFF, 0x00, 0x00, 0x00, 0xFF, 0x00, 0x00, 0x00, 0xFF,
    0x00, 0x00, 0x00, 0xFF, 0x00, 0x00, 0x00, 0xFF, 0x00, 0x00, 0x00, 0xFF, 0x00, 0x00, 0x00, 0xFF,
    0x00, 0x00, 0x00, 0xFF, 0x00, 0x00, 0x00, 0xFF, 0x00, 0x00, 0x00, 0xFF, 0x00, 0x00, 0x00, 0xFF,
    0x00, 0x00, 0x00, 0xFF, 0x00, 0x00, 0x00, 0xFF, 0x00, 0x00, 0x00, 0xFF, 0x00, 0x00, 0x00, 0xFF,
    0x00, 0x00, 0x00, 0xFF, 0x00, 0x00, 0x00, 0xFF, 0x00, 0x00, 0x00, 0xFF, 0x00, 0x00, 0x00, 0xFF,
    0x00, 0x00, 0x00, 0xFF, 0x00, 0x00, 0x00, 0xFF, 0x00, 0x00, 0x00, 0xFF, 0x00, 0x00, 0x00, 0xFF,
    0x00, 0x00, 0x00, 0xFF, 0x00, 0x00, 0x00, 0xFF, 0x00, 0x00, 0x00, 0xFF, 0x00, 0x00, 0x00, 0xFF,
    0x00, 0x00, 0x00, 0xFF, 0x00, 0x00, 0x00, 0xFF, 0x00, 0x00, 0x00, 0xFF, 0x00, 0x00, 0x00, 0xFF,
    0x00, 0x00, 0x00, 0xFF, 0x00, 0x00, 0x00, 0xFF, 0x00, 0x00, 0x00, 0xFF, 0x00, 0x00, 0x00, 0xFF,
    0x00, 0x00, 0x00, 0xFF, 0x00, 0x00, 0x00, 0xFF, 0x00, 0x00, 0x00, 0xFF, 0x00, 0x00, 0x00, 0xFF,
    0x00, 0x00, 0x00, 0xFF, 0x00, 0x00, 0x00, 0xFF, 0x00, 0x00, 0x00, 0xFF, 0x00, 0x00, 0x00, 0xFF,
    0x00, 0x00, 0x00, 0xFF, 0x00, 0x00, 0x00, 0xFF, 0x00, 0x00, 0x00, 0xFF, 0x00, 0x00, 0x00, 0xFF,
    0x00, 0x00, 0x00, 0xFF, 0x00, 0x00, 0x00, 0xFF, 0x00, 0x00, 0x00, 0xFF, 0x00, 0x00, 0x00, 0xFF,
    0x00, 0x00, 0x00, 0xFF, 0x00, 0x00, 0x00, 0xFF, 0x00, 0x00, 0x00, 0xFF, 0x00, 0x00, 0x00, 0xFF,
    0x00, 0x00, 0x00, 0xFF, 0x00, 0x00, 0x00, 0xFF, 0x00, 0x00, 0x00, 0xFF, 0x00, 0x00, 0x00, 0xFF,
    0x00, 0x00, 0x00, 0xFF, 0x00, 0x00, 0x00, 0xFF, 0x00, 0x00, 0x00, 0xFF, 0x00, 0x00, 0x00, 0xFF,
    0x00, 0x00, 0x00, 0xFF, 0x00, 0x00, 0x00, 0xFF, 0x00, 0x00, 0x00, 0xFF, 0x00, 0x00, 0x00, 0xFF,
    0x00, 0x00, 0x00, 0xFF, 0x00, 0x00, 0x00, 0xFF, 0x00, 0x00, 0x00, 0xFF, 0x00, 0x00, 0x00, 0xFF,
    0x00, 0x00, 0x00, 0xFF, 0x00, 0x00, 0x00, 0xFF, 0x00, 0x00, 0x00, 0xFF, 0x00, 0x00, 0x00, 0xFF,
    0x00, 0x00, 0x00, 0xFF, 0x00, 0x00, 0x00, 0xFF, 0x00, 0x00, 0x00, 0xFF, 0x00, 0x00, 0x00, 0xFF,
    0x00, 0x00, 0x00, 0xFF, 0x00, 0x00, 0x00, 0xFF, 0x00, 0x00, 0x00, 0xFF, 0x00, 0x00, 0x00, 0xFF,
    0x00, 0x00, 0x00, 0xFF, 0x00, 0x00, 0x00, 0xFF, 0x00, 0x00, 0x00, 0xFF, 0x00, 0x00, 0x00, 0xFF,
    0x00, 0x00, 0x00, 0xFF, 0x00, 0x00, 0x00, 0xFF, 0x00, 0x00, 0x00, 0xFF, 0x00, 0x00, 0x00, 0xFF,
    0x00, 0x00, 0x00, 0xFF, 0x00, 0x00, 0x00, 0xFF, 0x00, 0x00, 0x00, 0xFF, 0x00, 0x00, 0x00, 0xFF,
    0x00, 0x00, 0x00, 0xFF, 0x00, 0x00, 0x00, 0xFF, 0x00, 0x00, 0x00, 0xFF, 0x00, 0x00, 0x00, 0xFF,
    0x00, 0x00, 0x00, 0xFF, 0x00, 0x00, 0x00, 0xFF, 0x00, 0x00, 0x00, 0xFF, 0x00, 0x00, 0x00, 0xFF,
    0x00, 0x00, 0x00, 0xFF, 0x00, 0x00, 0x00, 0xFF, 0x00, 0x00, 0x00, 0xFF, 0x00, 0x00, 0x00, 0xFF,
    0x00, 0x00, 0x00, 0xFF, 0x00, 0x00, 0x00, 0xFF, 0x00, 0x00, 0x00, 0xFF, 0x00, 0x00, 0x00, 0xFF,
    0x00, 0x00, 0x00, 0xFF, 0x00, 0x00, 0x00, 0xFF, 0x00, 0x00, 0x00, 0xFF, 0x00, 0x00, 0x00, 0xFF,
    0x00, 0x00, 0x00, 0xFF, 0x00, 0x00, 0x00, 0xFF, 0x00, 0x00, 0x00, 0xFF, 0x00, 0x00, 0x00, 0xFF,
    0x00, 0x00, 0x00, 0xFF, 0x00, 0x00, 0x00, 0xFF, 0x00, 0x00, 0x00, 0xFF, 0x00, 0x00, 0x00, 0xFF,
    0x00, 0x00, 0x00, 0xFF, 0x00, 0x00, 0x00, 0xFF, 0x00, 0x00, 0x00, 0xFF, 0x00, 0x00, 0x00, 0xFF,
    0x00, 0x00, 0x00, 0xFF, 0x00, 0x00, 0x00, 0xFF, 0x00, 0x00, 0x00, 0xFF, 0x00, 0x00, 0x00, 0xFF,
    0x00, 0x00, 0x00, 0xFF, 0x00, 0x00, 0x00, 0xFF, 0x00, 0x00, 0x00, 0xFF, 0x00, 0x00, 0x00, 0xFF,
    0x00, 0x00, 0x00, 0xFF, 0x00, 0x00, 0x00, 0xFF, 0x00, 0x00, 0x00, 0xFF, 0x00, 0x00, 0x00, 0xFF,
    0x00, 0x00, 0x00, 0xFF, 0x00, 0x00, 0x00, 0xFF, 0x00, 0x00, 0x00, 0xFF, 0x00, 0x00, 0x00, 0xFF,
    0x00, 0x00, 0x00, 0xFF, 0x00, 0x00, 0x00, 0xFF, 0x00, 0x00, 0x00, 0xFF, 0x00, 0x00, 0x00, 0xFF,
    0x00, 0x00, 0x00, 0xFF, 0x00, 0x00, 0x00, 0xFF, 0x00, 0x00, 0x00, 0xFF, 0x00, 0x00, 0x00, 0xFF,
    0x00, 0x00, 0x00, 0xFF, 0x00, 0x00, 0x00, 0xFF, 0x00, 0x00, 0x00, 0xFF, 0x00, 0x00, 0x00, 0xFF,
    0x00, 0x00, 0x00, 0xFF, 0x00, 0x00, 0x00, 0xFF, 0x00, 0x00, 0x00, 0xFF, 0x00, 0x00, 0x00, 0xFF,
    0x00, 0x00, 0x00, 0xFF, 0x00, 0x00, 0x00, 0xFF, 0x00, 0x00, 0x00, 0xFF, 0x00, 0x00, 0x00, 0xFF,
    0x00, 0x00, 0x00, 0xFF, 0x00, 0x00, 0x00, 0xFF, 0x00, 0x00, 0x00, 0xFF, 0x00, 0x00, 0x00, 0xFF,
    0x00, 0x00, 0x00, 0xFF, 0x00, 0x00, 0x00, 0xFF, 0x00, 0x00, 0x00, 0xFF, 0x00, 0x00, 0x00, 0xB0,
    0x00, 0x00, 0x00, 0x70, 0x00, 0x00, 0x00, 0x10, 0x00, 0x00, 0x00, 0x00, 0x00, 0x00, 0x00, 0x00,
    0x00, 0x00, 0x00, 0x00, 0x00, 0x00, 0x00, 0x00, 0x00, 0x00, 0x00, 0x00, 0x00, 0x00, 0x00, 0x00,
    0x00, 0x00, 0x00, 0x00, 0x00, 0x00, 0x00, 0x00, 0x00, 0x00, 0x00, 0x00, 0x00, 0x00, 0x00, 0x00,
    0x00, 0x00, 0x00, 0x00, 0x00, 0x00, 0x00, 0x00, 0x00, 0x00, 0x00, 0x00, 0x00, 0x00, 0x00, 0x00,
    0x00, 0x00, 0x00, 0x00, 0x00, 0x00, 0x00, 0x00, 0x00, 0x00, 0x00, 0x00, 0x00, 0x00, 0x00, 0x00,
    0x00, 0x00, 0x00, 0x00, 0x00, 0x00, 0x00, 0x00, 0x00, 0x00, 0x00, 0x00, 0x00, 0x00, 0x00, 0x00,
    0x00, 0x00, 0x00, 0x00, 0x00, 0x00, 0x00, 0x00, 0x00, 0x00, 0x00, 0x00, 0x00, 0x00, 0x00, 0x00,
    0x00, 0x00, 0x00, 0x00, 0x00, 0x00, 0x00, 0x00, 0x00, 0x00, 0x00, 0x00, 0x00, 0x00, 0x00, 0x00,
    0x00, 0x00, 0x00, 0x00, 0x00, 0x00, 0x00, 0x00, 0x00, 0x00, 0x00, 0x00, 0x00, 0x00, 0x00, 0x00,
    0x00, 0x00, 0x00, 0x00, 0x00, 0x00, 0x00, 0x00, 0x00, 0x00, 0x00, 0x00, 0x00, 0x00, 0x00, 0x00,
    0x00, 0x00, 0x00, 0x00, 0x00, 0x00, 0x00, 0x00, 0x00, 0x00, 0x00, 0x00, 0x00, 0x00, 0x00, 0x00,
    0x00, 0x00, 0x00, 0x00, 0x00, 0x00, 0x00, 0x00, 0x00, 0x00, 0x00, 0x00, 0x00, 0x00, 0x00, 0x00,
    0x00, 0x00, 0x00, 0x3C, 0x00, 0x00, 0x00, 0x88, 0x00, 0x00, 0x00, 0xD0, 0x00, 0x00, 0x00, 0xEF,
    0x00, 0x00, 0x00, 0xFF, 0x00, 0x00, 0x00, 0xFF, 0x00, 0x00, 0x00, 0xFF, 0x00, 0x00, 0x00, 0xFF,
    0x00, 0x00, 0x00, 0xFF, 0x00, 0x00, 0x00, 0xFF, 0x00, 0x00, 0x00, 0xFF, 0x00, 0x00, 0x00, 0xFF,
    0x00, 0x00, 0x00, 0xFF, 0x00, 0x00, 0x00, 0xFF, 0x00, 0x00, 0x00, 0xFF, 0x00, 0x00, 0x00, 0xFF,
    0x00, 0x00, 0x00, 0xFF, 0x00, 0x00, 0x00, 0xFF, 0x00, 0x00, 0x00, 0xFF, 0x00, 0x00, 0x00, 0xFF,
    0x00, 0x00, 0x00, 0xFF, 0x00, 0x00, 0x00, 0xFF, 0x00, 0x00, 0x00, 0xFF, 0x00, 0x00, 0x00, 0xFF,
    0x00, 0x00, 0x00, 0xFF, 0x00, 0x00, 0x00, 0xFF, 0x00, 0x00, 0x00, 0xFF, 0x00, 0x00, 0x00, 0xFF,
    0x00, 0x00, 0x00, 0xFF, 0x00, 0x00, 0x00, 0xFF, 0x00, 0x00, 0x00, 0xFF, 0x00, 0x00, 0x00, 0xFF,
    0x00, 0x00, 0x00, 0xFF, 0x00, 0x00, 0x00, 0xFF, 0x00, 0x00, 0x00, 0xFF, 0x00, 0x00, 0x00, 0xFF,
    0x00, 0x00, 0x00, 0xFF, 0x00, 0x00, 0x00, 0xFF, 0x00, 0x00, 0x00, 0xFF, 0x00, 0x00, 0x00, 0xFF,
    0x00, 0x00, 0x00, 0xFF, 0x00, 0x00, 0x00, 0xFF, 0x00, 0x00, 0x00, 0xFF, 0x00, 0x00, 0x00, 0xFF,
    0x00, 0x00, 0x00, 0xFF, 0x00, 0x00, 0x00, 0xFF, 0x00, 0x00, 0x00, 0xFF, 0x00, 0x00, 0x00, 0xFF,
    0x00, 0x00, 0x00, 0xFF, 0x00, 0x00, 0x00, 0xFF, 0x00, 0x00, 0x00, 0xFF, 0x00, 0x00, 0x00, 0xFF,
    0x00, 0x00, 0x00, 0xFF, 0x00, 0x00, 0x00, 0xFF, 0x00, 0x00, 0x00, 0xFF, 0x00, 0x00, 0x00, 0xFF,
    0x00, 0x00, 0x00, 0xFF, 0x00, 0x00, 0x00, 0xFF, 0x00, 0x00, 0x00, 0xFF, 0x00, 0x00, 0x00, 0xFF,
    0x00, 0x00, 0x00, 0xFF, 0x00, 0x00, 0x00, 0xFF, 0x00, 0x00, 0x00, 0xFF, 0x00, 0x00, 0x00, 0xFF,
    0x00, 0x00, 0x00, 0xFF, 0x00, 0x00, 0x00, 0xFF, 0x00, 0x00, 0x00, 0xFF, 0x00, 0x00, 0x00, 0xFF,
    0x00, 0x00, 0x00, 0xFF, 0x00, 0x00, 0x00, 0xFF, 0x00, 0x00, 0x00, 0xFF, 0x00, 0x00, 0x00, 0xFF,
    0x00, 0x00, 0x00, 0xFF, 0x00, 0x00, 0x00, 0xFF, 0x00, 0x00, 0x00, 0xFF, 0x00, 0x00, 0x00, 0xFF,
    0x00, 0x00, 0x00, 0xFF, 0x00, 0x00, 0x00, 0xFF, 0x00, 0x00, 0x00, 0xFF, 0x00, 0x00, 0x00, 0xFF,
    0x00, 0x00, 0x00, 0xFF, 0x00, 0x00, 0x00, 0xFF, 0x00, 0x00, 0x00, 0xFF, 0x00, 0x00, 0x00, 0xFF,
    0x00, 0x00, 0x00, 0xFF, 0x00, 0x00, 0x00, 0xFF, 0x00, 0x00, 0x00, 0xFF, 0x00, 0x00, 0x00, 0xFF,
    0x00, 0x00, 0x00, 0xFF, 0x00, 0x00, 0x00, 0xFF, 0x00, 0x00, 0x00, 0xFF, 0x00, 0x00, 0x00, 0xFF,
    0x00, 0x00, 0x00, 0xFF, 0x00, 0x00, 0x00, 0xFF, 0x00, 0x00, 0x00, 0xFF, 0x00, 0x00, 0x00, 0xFF,
    0x00, 0x00, 0x00, 0xFF, 0x00, 0x00, 0x00, 0xFF, 0x00, 0x00, 0x00, 0xFF, 0x00, 0x00, 0x00, 0xFF,
    0x00, 0x00, 0x00, 0xFF, 0x00, 0x00, 0x00, 0xFF, 0x00, 0x00, 0x00, 0xFF, 0x00, 0x00, 0x00, 0xFF,
    0x00, 0x00, 0x00, 0xFF, 0x00, 0x00, 0x00, 0xFF, 0x00, 0x00, 0x00, 0xFF, 0x00, 0x00, 0x00, 0xFF,
    0x00, 0x00, 0x00, 0xFF, 0x00, 0x00, 0x00, 0xFF, 0x00, 0x00, 0x00, 0xFF, 0x00, 0x00, 0x00, 0xFF,
    0x00, 0x00, 0x00, 0xFF, 0x00, 0x00, 0x00, 0xFF, 0x00, 0x00, 0x00, 0xFF, 0x00, 0x00, 0x00, 0xFF,
    0x00, 0x00, 0x00, 0xFF, 0x00, 0x00, 0x00, 0xFF, 0x00, 0x00, 0x00, 0xFF, 0x00, 0x00, 0x00, 0xFF,
    0x00, 0x00, 0x00, 0xFF, 0x00, 0x00, 0x00, 0xFF, 0x00, 0x00, 0x00, 0xFF, 0x00, 0x00, 0x00, 0xFF,
    0x00, 0x00, 0x00, 0xFF, 0x00, 0x00, 0x00, 0xFF, 0x00, 0x00, 0x00, 0xFF, 0x00, 0x00, 0x00, 0xFF,
    0x00, 0x00, 0x00, 0xFF, 0x00, 0x00, 0x00, 0xFF, 0x00, 0x00, 0x00, 0xFF, 0x00, 0x00, 0x00, 0xFF,
    0x00, 0x00, 0x00, 0xFF, 0x00, 0x00, 0x00, 0xFF, 0x00, 0x00, 0x00, 0xFF, 0x00, 0x00, 0x00, 0xFF,
    0x00, 0x00, 0x00, 0xFF, 0x00, 0x00, 0x00, 0xFF, 0x00, 0x00, 0x00, 0xFF, 0x00, 0x00, 0x00, 0xFF,
    0x00, 0x00, 0x00, 0xFF, 0x00, 0x00, 0x00, 0xFF, 0x00, 0x00, 0x00, 0xFF, 0x00, 0x00, 0x00, 0xFF,
    0x00, 0x00, 0x00, 0xFF, 0x00, 0x00, 0x00, 0xFF, 0x00, 0x00, 0x00, 0xFF, 0x00, 0x00, 0x00, 0xFF,
    0x00, 0x00, 0x00, 0xFF, 0x00, 0x00, 0x00, 0xFF, 0x00, 0x00, 0x00, 0xFF, 0x00, 0x00, 0x00, 0xFF,
    0x00, 0x00, 0x00, 0xFF, 0x00, 0x00, 0x00, 0xFF, 0x00, 0x00, 0x00, 0xFF, 0x00, 0x00, 0x00, 0xFF,
    0x00, 0x00, 0x00, 0xFF, 0x00, 0x00, 0x00, 0xFF, 0x00, 0x00, 0x00, 0xFF, 0x00, 0x00, 0x00, 0xFF,
    0x00, 0x00, 0x00, 0xFF, 0x00, 0x00, 0x00, 0xFF, 0x00, 0x00, 0x00, 0xFF, 0x00, 0x00, 0x00, 0xFF,
    0x00, 0x00, 0x00, 0xFF, 0x00, 0x00, 0x00, 0xFF, 0x00, 0x00, 0x00, 0xFF, 0x00, 0x00, 0x00, 0xFF,
    0x00, 0x00, 0x00, 0xFF, 0x00, 0x00, 0x00, 0xFF, 0x00, 0x00, 0x00, 0xFF, 0x00, 0x00, 0x00, 0xFF,
    0x00, 0x00, 0x00, 0xFF, 0x00, 0x00, 0x00, 0xFF, 0x00, 0x00, 0x00, 0xFF, 0x00, 0x00, 0x00, 0xFF,
    0x00, 0x00, 0x00, 0xFF, 0x00, 0x00, 0x00, 0xFF, 0x00, 0x00, 0x00, 0xFF, 0x00, 0x00, 0x00, 0xFF,
    0x00, 0x00, 0x00, 0xFF, 0x00, 0x00, 0x00, 0xFF, 0x00, 0x00, 0x00, 0xFF, 0x00, 0x00, 0x00, 0xFF,
    0x00, 0x00, 0x00, 0xFF, 0x00, 0x00, 0x00, 0xFF, 0x00, 0x00, 0x00, 0xFF, 0x00, 0x00, 0x00, 0xFF,
    0x00, 0x00, 0x00, 0xFF, 0x00, 0x00, 0x00, 0xFF, 0x00, 0x00, 0x00, 0xFF, 0x00, 0x00, 0x00, 0xFF,
    0x00, 0x00, 0x00, 0xFF, 0x00, 0x00, 0x00, 0xFF, 0x00, 0x00, 0x00, 0xFF, 0x00, 0x00, 0x00, 0xFF,
    0x00, 0x00, 0x00, 0xFF, 0x00, 0x00, 0x00, 0xFF, 0x00, 0x00, 0x00, 0xFF, 0x00, 0x00, 0x00, 0xFF,
    0x00, 0x00, 0x00, 0xFF, 0x00, 0x00, 0x00, 0xFF, 0x00, 0x00, 0x00, 0xFF, 0x00, 0x00, 0x00, 0xFF,
    0x00, 0x00, 0x00, 0xFF, 0x00, 0x00, 0x00, 0xFF, 0x00, 0x00, 0x00, 0xFF, 0x00, 0x00, 0x00, 0xFF,
    0x00, 0x00, 0x00, 0xFF, 0x00, 0x00, 0x00, 0xFF, 0x00, 0x00, 0x00, 0xFF, 0x00, 0x00, 0x00, 0xFF,
    0x00, 0x00, 0x00, 0xFF, 0x00, 0x00, 0x00, 0xFF, 0x00, 0x00, 0x00, 0xFF, 0x00, 0x00, 0x00, 0xFF,
    0x00, 0x00, 0x00, 0xFF, 0x00, 0x00, 0x00, 0xD0, 0x00, 0x00, 0x00, 0xBC, 0x00, 0x00, 0x00, 0xA0,
    0x00, 0x00, 0x00, 0x83, 0x00, 0x00, 0x00, 0x40, 0x00, 0x00, 0x00, 0x00, 0x00, 0x00, 0x00, 0x00,
    0x00, 0x00, 0x00, 0x00, 0x00, 0x00, 0x00, 0x00, 0x00, 0x00, 0x00, 0x00, 0x00, 0x00, 0x00, 0x00,
    0x00, 0x00, 0x00, 0x00, 0x00, 0x00, 0x00, 0x00, 0x00, 0x00, 0x00, 0x00, 0x00, 0x00, 0x00, 0x00,
    0x00, 0x00, 0x00, 0x00, 0x00, 0x00, 0x00, 0x00, 0x00, 0x00, 0x00, 0x00, 0x00, 0x00, 0x00, 0x00,
    0x00, 0x00, 0x00, 0x00, 0x00, 0x00, 0x00, 0x00, 0x00, 0x00, 0x00, 0x00, 0x00, 0x00, 0x00, 0x00,
    0x00, 0x00, 0x00, 0x00, 0x00, 0x00, 0x00, 0x00, 0x00, 0x00, 0x00, 0x00, 0x00, 0x00, 0x00, 0x00,
    0x00, 0x00, 0x00, 0x00, 0x00, 0x00, 0x00, 0x00, 0x00, 0x00, 0x00, 0x00, 0x00, 0x00, 0x00, 0x00,
    0x00, 0x00, 0x00, 0x00, 0x00, 0x00, 0x00, 0x00, 0x00, 0x00, 0x00, 0x00, 0x00, 0x00, 0x00, 0x00,
    0x00, 0x00, 0x00, 0x00, 0x00, 0x00, 0x00, 0x00, 0x00, 0x00, 0x00, 0x00, 0x00, 0x00, 0x00, 0x00,
    0x00, 0x00, 0x00, 0x00, 0x00, 0x00, 0x00, 0x00, 0x00, 0x00, 0x00, 0x00, 0x00, 0x00, 0x00, 0x00,
    0x00, 0x00, 0x00, 0x00, 0x00, 0x00, 0x00, 0x00, 0x00, 0x00, 0x00, 0x00, 0x00, 0x00, 0x00, 0x00,
    0x00, 0x00, 0x00, 0x00, 0x00, 0x00, 0x00, 0x00, 0x00, 0x00, 0x00, 0x00, 0x00, 0x00, 0x00, 0x00,
    0x00, 0x00, 0x00, 0x00, 0x00, 0x00, 0x00, 0x00, 0x00, 0x00, 0x00, 0x00, 0x00, 0x00, 0x00, 0x00,
    0x00, 0x00, 0x00, 0x00, 0x00, 0x00, 0x00, 0x00, 0x00, 0x00, 0x00, 0x00, 0x00, 0x00, 0x00, 0x00,
    0x00, 0x00, 0x00, 0x00, 0x00, 0x00, 0x00, 0x00, 0x00, 0x00, 0x00, 0x20, 0x00, 0x00, 0x00, 0x40,
    0x00, 0x00, 0x00, 0x40, 0x00, 0x00, 0x00, 0x40, 0x00, 0x00, 0x00, 0x10, 0x00, 0x00, 0x00, 0x00,
    0x00, 0x00, 0x00, 0x00, 0x00, 0x00, 0x00, 0x00, 0x00, 0x00, 0x00, 0x00, 0x00, 0x00, 0x00, 0x00,
    0x00, 0x00, 0x00, 0x00, 0x00, 0x00, 0x00, 0x00, 0x00, 0x00, 0x00, 0x00, 0x00, 0x00, 0x00, 0x00,
    0x00, 0x00, 0x00, 0x00, 0x00, 0x00, 0x00, 0x00, 0x00, 0x00, 0x00, 0x00, 0x00, 0x00, 0x00, 0x00,
    0x00, 0x00, 0x00, 0x00, 0x00, 0x00, 0x00, 0x00, 0x00, 0x00, 0x00, 0x00, 0x00, 0x00, 0x00, 0x00,
    0x00, 0x00, 0x00, 0x00, 0x00, 0x00, 0x00, 0x00, 0x00, 0x00, 0x00, 0x00, 0x00, 0x00, 0x00, 0x00,
    0x00, 0x00, 0x00, 0x00, 0x00, 0x00, 0x00, 0x00, 0x00, 0x00, 0x00, 0x00, 0x00, 0x00, 0x00, 0x00,
    0x00, 0x00, 0x00, 0x00, 0x00, 0x00, 0x00, 0x00, 0x00, 0x00, 0x00, 0x00, 0x00, 0x00, 0x00, 0x00,
    0x00, 0x00, 0x00, 0x00, 0x00, 0x00, 0x00, 0x00, 0x00, 0x00, 0x00, 0x00, 0x00, 0x00, 0x00, 0x00,
    0x00, 0x00, 0x00, 0x00, 0x00, 0x00, 0x00, 0x00, 0x00, 0x00, 0x00, 0x00, 0x00, 0x00, 0x00, 0x00,
    0x00, 0x00, 0x00, 0x00, 0x00, 0x00, 0x00, 0x00, 0x00, 0x00, 0x00, 0x00, 0x00, 0x00, 0x00, 0x00,
    0x00, 0x00, 0x00, 0x00, 0x00, 0x00, 0x00, 0x00, 0x00, 0x00, 0x00, 0x00, 0x00, 0x00, 0x00, 0x00,
    0x00, 0x00, 0x00, 0x00, 0x00, 0x00, 0x00, 0x00, 0x00, 0x00, 0x00, 0x00, 0x00, 0x00, 0x00, 0x00,
    0x00, 0x00, 0x00, 0x00, 0x00, 0x00, 0x00, 0x00, 0x00, 0x00, 0x00, 0x00, 0x00, 0x00, 0x00, 0x00,
    0x00, 0x00, 0x00, 0x00, 0x00, 0x00, 0x00, 0x00, 0x00, 0x00, 0x00, 0x00, 0x00, 0x00, 0x00, 0x00,
    0x00, 0x00, 0x00, 0x00, 0x00, 0x00, 0x00, 0x00, 0x00, 0x00, 0x00, 0x00, 0x00, 0x00, 0x00, 0x00,
    0x00, 0x00, 0x00, 0x00, 0x00, 0x00, 0x00, 0x00, 0x00, 0x00, 0x00, 0x00, 0x00, 0x00, 0x00, 0x00,
    0x00, 0x00, 0x00, 0x00, 0x00, 0x00, 0x00, 0x00, 0x00, 0x00, 0x00, 0x00, 0x00, 0x00, 0x00, 0x00,
    0x00, 0x00, 0x00, 0x00, 0x00, 0x00, 0x00, 0x00, 0x00, 0x00, 0x00, 0x00, 0x00, 0x00, 0x00, 0x00,
    0x00, 0x00, 0x00, 0x00, 0x00, 0x00, 0x00, 0x00, 0x00, 0x00, 0x00, 0x00, 0x00, 0x00, 0x00, 0x00,
    0x00, 0x00, 0x00, 0x00, 0x00, 0x00, 0x00, 0x00, 0x00, 0x00, 0x00, 0x00, 0x00, 0x00, 0x00, 0x00,
    0x00, 0x00, 0x00, 0x00, 0x00, 0x00, 0x00, 0x00, 0x00, 0x00, 0x00, 0x00, 0x00, 0x00, 0x00, 0x00,
    0x00, 0x00, 0x00, 0x00, 0x00, 0x00, 0x00, 0x00, 0x00, 0x00, 0x00, 0x00, 0x00, 0x00, 0x00, 0x00,
    0x00, 0x00, 0x00, 0x00, 0x00, 0x00, 0x00, 0x00, 0x00, 0x00, 0x00, 0x00, 0x00, 0x00, 0x00, 0x00,
    0x00, 0x00, 0x00, 0x00, 0x00, 0x00, 0x00, 0x00, 0x00, 0x00, 0x00, 0x00, 0x00, 0x00, 0x00, 0x00,
    0x00, 0x00, 0x00, 0x00, 0x00, 0x00, 0x00, 0x00, 0x00, 0x00, 0x00, 0x00, 0x00, 0x00, 0x00, 0x00,
    0x00, 0x00, 0x00, 0x00, 0x00, 0x00, 0x00, 0x00, 0x00, 0x00, 0x00, 0x00, 0x00, 0x00, 0x00, 0x00,
    0x00, 0x00, 0x00, 0x00, 0x00, 0x00, 0x00, 0x00, 0x00, 0x00, 0x00, 0x00, 0x00, 0x00, 0x00, 0x00,
    0x00, 0x00, 0x00, 0x00, 0x00, 0x00, 0x00, 0x00, 0x00, 0x00, 0x00, 0x00, 0x00, 0x00, 0x00, 0x00,
    0x00, 0x00, 0x00, 0x00, 0x00, 0x00, 0x00, 0x00, 0x00, 0x00, 0x00, 0x00, 0x00, 0x00, 0x00, 0x00,
    0x00, 0x00, 0x00, 0x00, 0x00, 0x00, 0x00, 0x00, 0x00, 0x00, 0x00, 0x00, 0x00, 0x00, 0x00, 0x00,
    0x00, 0x00, 0x00, 0x00, 0x00, 0x00, 0x00, 0x00, 0x00, 0x00, 0x00, 0x00, 0x00, 0x00, 0x00, 0x00,
    0x00, 0x00, 0x00, 0x00, 0x00, 0x00, 0x00, 0x00, 0x00, 0x00, 0x00, 0x00, 0x00, 0x00, 0x00, 0x00,
    0x00, 0x00, 0x00, 0x00, 0x00, 0x00, 0x00, 0x00, 0x00, 0x00, 0x00, 0x00, 0x00, 0x00, 0x00, 0x00,
    0x00, 0x00, 0x00, 0x00, 0x00, 0x00, 0x00, 0x00, 0x00, 0x00, 0x00, 0x00, 0x00, 0x00, 0x00, 0x00,
    0x00, 0x00, 0x00, 0x00, 0x00, 0x00, 0x00, 0x00, 0x00, 0x00, 0x00, 0x00, 0x00, 0x00, 0x00, 0x00,
    0x00, 0x00, 0x00, 0x00, 0x00, 0x00, 0x00, 0x00, 0x00, 0x00, 0x00, 0x00, 0x00, 0x00, 0x00, 0x00,
    0x00, 0x00, 0x00, 0x00, 0x00, 0x00, 0x00, 0x00, 0x00, 0x00, 0x00, 0x00, 0x00, 0x00, 0x00, 0x00,
    0x00, 0x00, 0x00, 0x00, 0x00, 0x00, 0x00, 0x00, 0x00, 0x00, 0x00, 0x00, 0x00, 0x00, 0x00, 0x00,
    0x00, 0x00, 0x00, 0x00, 0x00, 0x00, 0x00, 0x00, 0x00, 0x00, 0x00, 0x00, 0x00, 0x00, 0x00, 0x00,
    0x00, 0x00, 0x00, 0x00, 0x00, 0x00, 0x00, 0x00, 0x00, 0x00, 0x00, 0x00, 0x00, 0x00, 0x00, 0x00,
    0x00, 0x00, 0x00, 0x00, 0x00, 0x00, 0x00, 0x00, 0x00, 0x00, 0x00, 0x00, 0x00, 0x00, 0x00, 0x00,
    0x00, 0x00, 0x00, 0x00, 0x00, 0x00, 0x00, 0x00, 0x00, 0x00, 0x00, 0x00, 0x00, 0x00, 0x00, 0x00,
    0x00, 0x00, 0x00, 0x00, 0x00, 0x00, 0x00, 0x00, 0x00, 0x00, 0x00, 0x00, 0x00, 0x00, 0x00, 0x00,
    0x00, 0x00, 0x00, 0x00, 0x00, 0x00, 0x00, 0x00, 0x00, 0x00, 0x00, 0x00, 0x00, 0x00, 0x00, 0x00,
    0x00, 0x00, 0x00, 0x00, 0x00, 0x00, 0x00, 0x00, 0x00, 0x00, 0x00, 0x00, 0x00, 0x00, 0x00, 0x00,
    0x00, 0x00, 0x00, 0x00, 0x00, 0x00, 0x00, 0x00, 0x00, 0x00, 0x00, 0x00, 0x00, 0x00, 0x00, 0x00,
    0x00, 0x00, 0x00, 0x00, 0x00, 0x00, 0x00, 0x00, 0x00, 0x00, 0x00, 0x00, 0x00, 0x00, 0x00, 0x00,
    0x00, 0x00, 0x00, 0x00, 0x00, 0x00, 0x00, 0x00, 0x00, 0x00, 0x00, 0x00, 0x00, 0x00, 0x00, 0x00,
    0x00, 0x00, 0x00, 0x00, 0x00, 0x00, 0x00, 0x00, 0x00, 0x00, 0x00, 0x00, 0x00, 0x00, 0x00, 0x00,
    0x00, 0x00, 0x00, 0x00, 0x00, 0x00, 0x00, 0x00, 0x00, 0x00, 0x00, 0x00, 0x00, 0x00, 0x00, 0x00,
    0x00, 0x00, 0x00, 0x00, 0x00, 0x00, 0x00, 0x00, 0x00, 0x00, 0x00, 0x00, 0x00, 0x00, 0x00, 0x00,
    0x00, 0x00, 0x00, 0x00, 0x00, 0x00, 0x00, 0x00, 0x00, 0x00, 0x00, 0x00, 0x00, 0x00, 0x00, 0x00,
    0x00, 0x00, 0x00, 0x00, 0x00, 0x00, 0x00, 0x00, 0x00, 0x00, 0x00, 0x00, 0x00, 0x00, 0x00, 0x00,
    0x00, 0x00, 0x00, 0x00, 0x00, 0x00, 0x00, 0x00, 0x00, 0x00, 0x00, 0x00, 0x00, 0x00, 0x00, 0x00,
    0x00, 0x00, 0x00, 0x00, 0x00, 0x00, 0x00, 0x00, 0x00, 0x00, 0x00, 0x00, 0x00, 0x00, 0x00, 0x00,
    0x00, 0x00, 0x00, 0x00, 0x00, 0x00, 0x00, 0x00, 0x00, 0x00, 0x00, 0x00, 0x00, 0x00, 0x00, 0x00,
    0x00, 0x00, 0x00, 0x00, 0x00, 0x00, 0x00, 0x00, 0x00, 0x00, 0x00, 0x00, 0x00, 0x00, 0x00, 0x00,
    0x00, 0x00, 0x00, 0x00, 0x00, 0x00, 0x00, 0x00, 0x00, 0x00, 0x00, 0x00, 0x00, 0x00, 0x00, 0x00,
    0x00, 0x00, 0x00, 0x00, 0x00, 0x00, 0x00, 0x00, 0x00, 0x00, 0x00, 0x00, 0x00, 0x00, 0x00, 0x00,
    0x00, 0x00, 0x00, 0x00, 0x00, 0x00, 0x00, 0x00, 0x00, 0x00, 0x00, 0x00, 0x00, 0x00, 0x00, 0x00,
    0x00, 0x00, 0x00, 0x00, 0x00, 0x00, 0x00, 0x00, 0x00, 0x00, 0x00, 0x00, 0x00, 0x00, 0x00, 0x00,
    0x00, 0x00, 0x00, 0x00, 0x00, 0x00, 0x00, 0x00, 0x00, 0x00, 0x00, 0x00, 0x00, 0x00, 0x00, 0x00,
    0x00, 0x00, 0x00, 0x00, 0x00, 0x00, 0x00, 0x00, 0x00, 0x00, 0x00, 0x00, 0x00, 0x00, 0x00, 0x00,
    0x00, 0x00, 0x00, 0x00, 0x00, 0x00, 0x00, 0x00, 0x00, 0x00, 0x00, 0x00, 0x00, 0x00, 0x00, 0x00,
    0x00, 0x00, 0x00, 0x00, 0x00, 0x00, 0x00, 0x00, 0x00, 0x00, 0x00, 0x00, 0x00, 0x00, 0x00, 0x00,
    0x00, 0x00, 0x00, 0x00, 0x00, 0x00, 0x00, 0x00, 0x00, 0x00, 0x00, 0x00, 0x00, 0x00, 0x00, 0x00,
    0x00, 0x00, 0x00, 0x00, 0x00, 0x00, 0x00, 0x00, 0x00, 0x00, 0x00, 0x00, 0x00, 0x00, 0x00, 0x00,
    0x00, 0x00, 0x00, 0x00, 0x00, 0x00, 0x00, 0x00, 0x00, 0x00, 0x00, 0x00, 0x00, 0x00, 0x00, 0x00,
    0x00, 0x00, 0x00, 0x00, 0x00, 0x00, 0x00, 0x00, 0x00, 0x00, 0x00, 0x00, 0x00, 0x00, 0x00, 0x00,
    0x00, 0x00, 0x00, 0x00, 0x00, 0x00, 0x00, 0x00, 0x00, 0x00, 0x00, 0x00, 0x00, 0x00, 0x00, 0x00,
    0x00, 0x00, 0x00, 0x00, 0x00, 0x00, 0x00, 0x00, 0x00, 0x00, 0x00, 0x00, 0x00, 0x00, 0x00, 0x00,
    0x00, 0x00, 0x00, 0x00, 0x00, 0x00, 0x00, 0x00, 0x00, 0x00, 0x00, 0x00, 0x00, 0x00, 0x00, 0x00,
    0x00, 0x00, 0x00, 0x00, 0x00, 0x00, 0x00, 0x00, 0x00, 0x00, 0x00, 0x00, 0x00, 0x00, 0x00, 0x00,
    0x00, 0x00, 0x00, 0x00, 0x00, 0x00, 0x00, 0x00, 0x00, 0x00, 0x00, 0x00, 0x00, 0x00, 0x00, 0x00,
    0x00, 0x00, 0x00, 0x00, 0x00, 0x00, 0x00, 0x00, 0x00, 0x00, 0x00, 0x00, 0x00, 0x00, 0x00, 0x00,
    0x00, 0x00, 0x00, 0x00, 0x00, 0x00, 0x00, 0x00, 0x00, 0x00, 0x00, 0x00, 0x00, 0x00, 0x00, 0x00,
    0x00, 0x00, 0x00, 0x00, 0x00, 0x00, 0x00, 0x00, 0x00, 0x00, 0x00, 0x00, 0x00, 0x00, 0x00, 0x00,
    0x00, 0x00, 0x00, 0x00, 0x00, 0x00, 0x00, 0x00, 0x00, 0x00, 0x00, 0x00, 0x00, 0x00, 0x00, 0x00,
    0x00, 0x00, 0x00, 0x00, 0x00, 0x00, 0x00, 0x00, 0x00, 0x00, 0x00, 0x00, 0x00, 0x00, 0x00, 0x00,
    0x00, 0x00, 0x00, 0x00, 0x00, 0x00, 0x00, 0x00, 0x00, 0x00, 0x00, 0x00, 0x00, 0x00, 0x00, 0x00,
    0x00, 0x00, 0x00, 0x00, 0x00, 0x00, 0x00, 0x00, 0x00, 0x00, 0x00, 0x00, 0x00, 0x00, 0x00, 0x00,
    0x00, 0x00, 0x00, 0x00, 0x00, 0x00, 0x00, 0x00, 0x00, 0x00, 0x00, 0x00, 0x00, 0x00, 0x00, 0x00,
    0x00, 0x00, 0x00, 0x00, 0x00, 0x00, 0x00, 0x00, 0x00, 0x00, 0x00, 0x00, 0x00, 0x00, 0x00, 0x00,
    0x00, 0x00, 0x00, 0x00, 0x00, 0x00, 0x00, 0x00, 0x00, 0x00, 0x00, 0x00, 0x00, 0x00, 0x00, 0x00,
    0x00, 0x00, 0x00, 0x00, 0x00, 0x00, 0x00, 0x00, 0x00, 0x00, 0x00, 0x00, 0x00, 0x00, 0x00, 0x00,
    0x00, 0x00, 0x00, 0x00, 0x00, 0x00, 0x00, 0x00, 0x00, 0x00, 0x00, 0x00, 0x00, 0x00, 0x00, 0x00,
    0x00, 0x00, 0x00, 0x00, 0x00, 0x00, 0x00, 0x00, 0x00, 0x00, 0x00, 0x00, 0x00, 0x00, 0x00, 0x00,
    0x00, 0x00, 0x00, 0x00, 0x00, 0x00, 0x00, 0x00, 0x00, 0x00, 0x00, 0x00, 0x00, 0x00, 0x00, 0x00,
    0x00, 0x00, 0x00, 0x00, 0x00, 0x00, 0x00, 0x00, 0x00, 0x00, 0x00, 0x00, 0x00, 0x00, 0x00, 0x00,
    0x00, 0x00, 0x00, 0x00, 0x00, 0x00, 0x00, 0x00, 0x00, 0x00, 0x00, 0x00, 0x00, 0x00, 0x00, 0x00,
    0x00, 0x00, 0x00, 0x00, 0x00, 0x00, 0x00, 0x00, 0x00, 0x00, 0x00, 0x00, 0x00, 0x00, 0x00, 0x00,
    0x00, 0x00, 0x00, 0x00, 0x00, 0x00, 0x00, 0x00, 0x00, 0x00, 0x00, 0x00, 0x00, 0x00, 0x00, 0x00,
    0x00, 0x00, 0x00, 0x00, 0x00, 0x00, 0x00, 0x00, 0x00, 0x00, 0x00, 0x00, 0x00, 0x00, 0x00, 0x00,
    0x00, 0x00, 0x00, 0x00, 0x00, 0x00, 0x00, 0x00, 0x00, 0x00, 0x00, 0x00, 0x00, 0x00, 0x00, 0x00,
    0x00, 0x00, 0x00, 0x00, 0x00, 0x00, 0x00, 0x00, 0x00, 0x00, 0x00, 0x00, 0x00, 0x00, 0x00, 0x00,
    0x00, 0x00, 0x00, 0x00, 0x00, 0x00, 0x00, 0x00, 0x00, 0x00, 0x00, 0x00, 0x00, 0x00, 0x00, 0x00,
    0x00, 0x00, 0x00, 0x00, 0x00, 0x00, 0x00, 0x00, 0x00, 0x00, 0x00, 0x00, 0x00, 0x00, 0x00, 0x00,
    0x00, 0x00, 0x00, 0x00, 0x00, 0x00, 0x00, 0x00, 0x00, 0x00, 0x00, 0x00, 0x00, 0x00, 0x00, 0x00,
    0x00, 0x00, 0x00, 0x00, 0x00, 0x00, 0x00, 0x00, 0x00, 0x00, 0x00, 0x00, 0x00, 0x00, 0x00, 0x00,
    0x00, 0x00, 0x00, 0x00, 0x00, 0x00, 0x00, 0x00, 0x00, 0x00, 0x00, 0x00, 0x00, 0x00, 0x00, 0x00,
    0x00, 0x00, 0x00, 0x00, 0x00, 0x00, 0x00, 0x00, 0x00, 0x00, 0x00, 0x00, 0x00, 0x00, 0x00, 0x00,
    0x00, 0x00, 0x00, 0x00, 0x00, 0x00, 0x00, 0x00, 0x00, 0x00, 0x00, 0x00, 0x00, 0x00, 0x00, 0x00,
    0x00, 0x00, 0x00, 0x00, 0x00, 0x00, 0x00, 0x00, 0x00, 0x00, 0x00, 0x00, 0x00, 0x00, 0x00, 0x00,
    0x00, 0x00, 0x00, 0x00, 0x00, 0x00, 0x00, 0x00, 0x00, 0x00, 0x00, 0x00, 0x00, 0x00, 0x00, 0x00,
    0x00, 0x00, 0x00, 0x00, 0x00, 0x00, 0x00, 0x00, 0x00, 0x00, 0x00, 0x00, 0x00, 0x00, 0x00, 0x00,
    0x00, 0x00, 0x00, 0x00, 0x00, 0x00, 0x00, 0x00, 0x00, 0x00, 0x00, 0x00, 0x00, 0x00, 0x00, 0x00,
    0x00, 0x00, 0x00, 0x00, 0x00, 0x00, 0x00, 0x00, 0x00, 0x00, 0x00, 0x00, 0x00, 0x00, 0x00, 0x00,
    0x00, 0x00, 0x00, 0x00, 0x00, 0x00, 0x00, 0x00, 0x00, 0x00, 0x00, 0x00, 0x00, 0x00, 0x00, 0x00,
    0x00, 0x00, 0x00, 0x00, 0x00, 0x00, 0x00, 0x00, 0x00, 0x00, 0x00, 0x00, 0x00, 0x00, 0x00, 0x00,
    0x00, 0x00, 0x00, 0x00, 0x00, 0x00, 0x00, 0x00, 0x00, 0x00, 0x00, 0x00, 0x00, 0x00, 0x00, 0x00,
    0x00, 0x00, 0x00, 0x00, 0x00, 0x00, 0x00, 0x00, 0x00, 0x00, 0x00, 0x00, 0x00, 0x00, 0x00, 0x00,
    0x00, 0x00, 0x00, 0x00, 0x00, 0x00, 0x00, 0x00, 0x00, 0x00, 0x00, 0x00, 0x00, 0x00, 0x00, 0x00,
    0x00, 0x00, 0x00, 0x00, 0x00, 0x00, 0x00, 0x00, 0x00, 0x00, 0x00, 0x00, 0x00, 0x00, 0x00, 0x00,
    0x00, 0x00, 0x00, 0x00, 0x00, 0x00, 0x00, 0x00, 0x00, 0x00, 0x00, 0x00, 0x00, 0x00, 0x00, 0x00,
    0x00, 0x00, 0x00, 0x00, 0x00, 0x00, 0x00, 0x00, 0x00, 0x00, 0x00, 0x00, 0x00, 0x00, 0x00, 0x00,
    0x00, 0x00, 0x00, 0x00, 0x00, 0x00, 0x00, 0x00, 0x00, 0x00, 0x00, 0x00, 0x00, 0x00, 0x00, 0x00,
    0x00, 0x00, 0x00, 0x00, 0x00, 0x00, 0x00, 0x00, 0x00, 0x00, 0x00, 0x00, 0x00, 0x00, 0x00, 0x00,
    0x00, 0x00, 0x00, 0x00, 0x00, 0x00, 0x00, 0x00, 0x00, 0x00, 0x00, 0x00, 0x00, 0x00, 0x00, 0x00,
    0x00, 0x00, 0x00, 0x00, 0x00, 0x00, 0x00, 0x00, 0x00, 0x00, 0x00, 0x00, 0x00, 0x00, 0x00, 0x00,
    0x00, 0x00, 0x00, 0x00, 0x00, 0x00, 0x00, 0x00, 0x00, 0x00, 0x00, 0x00, 0x00, 0x00, 0x00, 0x00,
    0x00, 0x00, 0x00, 0x00, 0x00, 0x00, 0x00, 0x00, 0x00, 0x00, 0x00, 0x00, 0x00, 0x00, 0x00, 0x00,
    0x00, 0x00, 0x00, 0x00, 0x00, 0x00, 0x00, 0x00, 0x00, 0x00, 0x00, 0x00, 0x00, 0x00, 0x00, 0x00,
    0x00, 0x00, 0x00, 0x00, 0x00, 0x00, 0x00, 0x00, 0x00, 0x00, 0x00, 0x00, 0x00, 0x00, 0x00, 0x00,
    0x00, 0x00, 0x00, 0x00, 0x00, 0x00, 0x00, 0x00, 0x00, 0x00, 0x00, 0x00, 0x00, 0x00, 0x00, 0x00,
    0x00, 0x00, 0x00, 0x00, 0x00, 0x00, 0x00, 0x00, 0x00, 0x00, 0x00, 0x00, 0x00, 0x00, 0x00, 0x00,
    0x00, 0x00, 0x00, 0x00, 0x00, 0x00, 0x00, 0x00, 0x00, 0x00, 0x00, 0x00, 0x00, 0x00, 0x00, 0x00,
    0x00, 0x00, 0x00, 0x00, 0x00, 0x00, 0x00, 0x00, 0x00, 0x00, 0x00, 0x00, 0x00, 0x00, 0x00, 0x00,
};

#endif /* TAIKO_PAIRING_PILL_H */
